,Player,Nationality,Position,Club,Age,Born,Mn/MP,Mn/Start,Compl,Mn/Sub,unSub,PPM,onG,onGA,On-Off,onxG,onxGA,xG+/-,xG+/-90
0,Liel Abada, ISR,"FW,MF",Celtic,20,2001,43.0,53.0,0,5.0,0,0.4,1.0,5.0,0.29,4.0,5.3,-1.2,-0.52
1,Oliver Abildgaard, DEN,MF,Celtic,26,1996,32.0,0.0,0,32.0,3,0.0,2.0,2.0,2.08,0.6,2.3,-1.7,-2.45
2,Mohammad Abu Fani, ISR,MF,Maccabi Haifa,24,1998,67.0,80.0,2,40.0,0,1.18,4.0,19.0,-4.02,4.3,7.7,-3.3,-0.75
3,Francesco Acerbi, ITA,DF,Inter,34,1988,77.0,90.0,10,11.0,1,2.0,16.0,7.0,1.24,16.0,10.2,5.8,0.57
4,Marcos Acuña, ARG,"DF,MF",Sevilla,30,1991,55.0,68.0,1,14.0,1,1.0,4.0,5.0,0.99,1.9,5.1,-3.3,-1.35
5,Junior Adamu, AUT,FW,RB Salzburg,21,2001,34.0,71.0,0,16.0,0,1.0,2.0,5.0,-1.06,3.9,3.6,0.3,0.12
6,Antonio Adán, ESP,GK,Sporting CP,35,1987,76.0,76.0,4,0.0,0,1.4,8.0,5.0,2.99,3.4,5.4,-2.0,-0.47
7,Arijan Ademi, MKD,MF,Dinamo Zagreb,31,1991,79.0,79.0,2,0.0,0,1.42,4.0,9.0,1.65,3.4,8.7,-5.3,-1.02
8,Karim Adeyemi, GER,"FW,MF",Dortmund,20,2002,63.0,75.0,1,3.0,0,1.5,6.0,3.0,0.46,6.2,7.2,-1.0,-0.24
9,Amine Adli, FRA,"FW,MF",Leverkusen,22,2000,30.0,56.0,0,22.0,0,0.5,0.0,3.0,-2.02,2.5,3.5,-1.0,-0.72
10,Adrián, ESP,GK,Liverpool,35,1987,0.0,0.0,0,0.0,8,0.0,0.0,0.0,0.0,0.0,0.0,0.0,0.0
11,Manuel Akanji, SUI,DF,Manchester City,27,1995,86.0,90.0,10,45.0,1,2.09,24.0,4.0,-0.9,20.0,8.8,11.2,1.06
12,Nathan Aké, NED,DF,Manchester City,27,1995,76.0,86.0,6,3.0,3,2.0,15.0,2.0,-0.32,11.7,6.7,5.0,0.74
13,Ilias Akhomach, ESP,FW,Barcelona,18,2004,0.0,0.0,0,0.0,1,0.0,0.0,0.0,0.0,0.0,0.0,0.0,0.0
14,David Alaba, AUT,DF,Real Madrid,30,1992,65.0,74.0,5,23.0,0,2.09,16.0,9.0,-0.58,15.3,12.5,2.8,0.36
15,Lucas Alario, ARG,"FW,MF",Eint Frankfurt,29,1992,10.0,0.0,0,10.0,6,1.5,0.0,1.0,-3.86,0.4,0.4,0.0,0.12
16,Jordi Alba, ESP,DF,Barcelona,33,1989,73.0,73.0,1,0.0,4,3.0,8.0,2.0,5.07,4.1,2.5,1.6,1.01
17,Thiago Alcántara, ESP,MF,Liverpool,31,1991,61.0,85.0,0,26.0,0,2.4,9.0,1.0,2.57,7.6,1.3,6.2,1.82
18,Trent Alexander-Arnold, ENG,DF,Liverpool,23,1998,89.0,89.0,5,0.0,0,1.71,11.0,11.0,-6.63,11.5,10.1,1.4,0.2
19,Sotiris Alexandropoulos, GRE,MF,Sporting CP,20,2001,40.0,0.0,0,40.0,3,1.0,2.0,1.0,1.17,0.6,2.5,-1.9,-1.41
20,Faride Alidou, GER,"DF,FW",Eint Frankfurt,21,2001,15.0,0.0,0,15.0,3,1.2,1.0,1.0,0.83,0.8,2.0,-1.2,-1.47
21,Alisson, BRA,GK,Liverpool,29,1992,90.0,90.0,8,0.0,0,1.88,19.0,12.0,0.0,14.7,10.6,4.1,0.51
22,Connor Allan, SCO,MF,Rangers,18,2004,0.0,0.0,0,0.0,2,0.0,0.0,0.0,0.0,0.0,0.0,0.0,0.0
23,Marcos Alonso, ESP,DF,Barcelona,31,1990,81.0,81.0,3,0.0,0,0.8,5.0,10.0,-4.4,7.1,7.5,-0.4,-0.1
24,Éder Álvarez Balanta, COL,"MF,FW",Club Brugge,29,1993,13.0,0.0,0,13.0,1,1.75,0.0,0.0,0.4,0.5,1.8,-1.3,-2.37
25,Carlos Álvarez, ESP,FW,Sevilla,18,2003,0.0,0.0,0,0.0,1,0.0,0.0,0.0,0.0,0.0,0.0,0.0,0.0
26,Edson Álvarez, MEX,MF,Ajax,24,1997,89.0,89.0,4,0.0,0,1.0,11.0,16.0,-0.85,8.3,12.2,-3.8,-0.65
27,Julián Álvarez, ARG,FW,Manchester City,22,2000,47.0,90.0,4,19.0,3,2.4,15.0,1.0,0.98,12.2,3.0,9.2,1.74
28,Nadiem Amiri, GER,"MF,FW",Leverkusen,25,1996,25.0,90.0,1,8.0,1,1.0,2.0,3.0,-0.08,1.7,3.4,-1.7,-1.24
29,Robert Andrich, GER,MF,Leverkusen,27,1994,81.0,81.0,3,0.0,0,1.0,4.0,4.0,2.71,6.5,4.7,1.8,0.39
30,Peter Ankersen, DEN,DF,FC Copenhagen,31,1990,25.0,0.0,0,25.0,3,1.5,0.0,1.0,-1.85,0.4,1.1,-0.7,-2.47
31,Ofri Arad, ISR,"DF,MF",Maccabi Haifa,23,1998,11.0,0.0,0,11.0,4,0.75,0.0,3.0,-10.36,0.2,0.7,-0.6,-2.43
32,Charles Aránguiz, CHI,MF,Leverkusen,33,1989,54.0,71.0,1,2.0,0,0.75,0.0,5.0,-2.37,4.3,2.4,1.9,0.79
33,Henrique Araújo, POR,FW,Benfica,20,2002,9.0,0.0,0,9.0,4,3.0,2.0,0.0,18.89,0.4,0.0,0.4,4.17
34,Ronald Araújo, URU,DF,Barcelona,23,1999,90.0,90.0,1,0.0,1,0.0,0.0,2.0,-2.4,2.0,1.7,0.3,0.32
35,Scott Arfield, CAN,MF,Rangers,33,1988,67.0,81.0,1,24.0,2,1.0,1.0,11.0,-0.07,2.2,6.1,-3.9,-1.31
36,Hákon Arnar Haraldsson, ISL,FW,FC Copenhagen,19,2003,50.0,73.0,1,26.0,0,0.88,1.0,4.0,2.07,3.2,4.8,-1.7,-0.51
37,Sergio Arribas, ESP,MF,Real Madrid,20,2001,0.0,0.0,0,0.0,2,0.0,0.0,0.0,0.0,0.0,0.0,0.0,0.0
38,Kepa Arrizabalaga, ESP,GK,Chelsea,27,1994,90.0,90.0,9,0.0,0,1.44,10.0,8.0,-0.78,13.5,9.8,3.7,0.42
39,Arthur, BRA,"MF,FW",Sporting CP,24,1998,37.0,90.0,1,11.0,3,1.33,2.0,3.0,-0.81,1.0,2.3,-1.3,-1.02
40,Marco Asensio, ESP,"FW,MF",Real Madrid,26,1996,27.0,90.0,2,14.0,0,2.17,11.0,6.0,0.44,8.7,6.3,2.4,0.67
41,Kristjan Asllani, ALB,MF,Inter,20,2002,26.0,90.0,1,10.0,8,2.0,2.0,3.0,-1.48,2.7,1.8,0.9,0.62
42,Omer Atzili, ISR,"FW,MF",Maccabi Haifa,29,1993,51.0,68.0,0,35.0,0,1.17,6.0,14.0,-0.01,4.5,5.4,-0.9,-0.25
43,Pierre-Emerick Aubameyang, GAB,FW,Chelsea,33,1989,67.0,67.0,0,0.0,0,2.17,10.0,3.0,2.29,6.8,3.4,3.4,0.76
44,Lynnt Audoor, BEL,MF,Club Brugge,18,2003,11.0,0.0,0,11.0,3,0.0,0.0,0.0,0.38,0.4,0.1,0.3,2.05
45,Fredrik Aursnes, NOR,"FW,MF",Benfica,26,1995,62.0,82.0,6,16.0,0,2.1,16.0,11.0,-1.85,14.6,9.2,5.4,0.78
46,Brandon Austin, ENG,GK,Tottenham,23,1999,0.0,0.0,0,0.0,4,0.0,0.0,0.0,0.0,0.0,0.0,0.0,0.0
47,Ayman Azhil, MAR,MF,Leverkusen,21,2001,0.0,0.0,0,0.0,4,0.0,0.0,0.0,0.0,0.0,0.0,0.0,0.0
48,Sardar Azmoun, IRN,FW,Leverkusen,27,1995,4.0,0.0,0,4.0,1,1.5,0.0,0.0,0.68,0.2,0.0,0.2,2.4
49,César Azpilicueta, ESP,DF,Chelsea,32,1989,52.0,72.0,1,23.0,4,2.0,3.0,3.0,-0.42,4.1,2.1,2.0,0.69
50,Sanoussy Ba, GER,FW,RB Leipzig,18,2004,0.0,0.0,0,0.0,2,0.0,0.0,0.0,0.0,0.0,0.0,0.0,0.0
51,Youri Baas, NED,DF,Ajax,19,2003,15.0,0.0,0,15.0,1,1.0,1.0,1.0,0.91,0.9,2.1,-1.2,-2.57
52,Khouma Babacar, SEN,FW,FC Copenhagen,29,1993,0.0,0.0,0,0.0,1,0.0,0.0,0.0,0.0,0.0,0.0,0.0,0.0
53,Alexander Bah, DEN,DF,Benfica,24,1997,82.0,82.0,5,0.0,0,2.6,21.0,7.0,2.29,14.9,7.9,7.0,0.96
54,Samson Baidoo, AUT,DF,RB Salzburg,18,2004,0.0,0.0,0,0.0,3,0.0,0.0,0.0,0.0,0.0,0.0,0.0,0.0
55,Eric Bailly, CIV,DF,Marseille,28,1994,60.0,60.0,1,0.0,0,1.2,5.0,4.0,0.68,4.0,2.7,1.3,0.39
56,Scott Bain, SCO,GK,Celtic,30,1991,0.0,0.0,0,0.0,6,0.0,0.0,0.0,0.0,0.0,0.0,0.0,0.0
57,Stefan Bajcetic, ESP,MF,Liverpool,17,2004,27.0,84.0,0,8.0,3,2.25,3.0,5.0,-2.98,2.8,1.9,0.9,0.77
58,Mitchel Bakker, NED,"MF,DF",Leverkusen,22,2000,68.0,84.0,3,2.0,1,1.0,2.0,6.0,-1.07,5.6,5.3,0.3,0.08
59,Alejandro Balde, ESP,DF,Barcelona,18,2003,43.0,90.0,1,27.0,2,1.0,3.0,5.0,-1.54,1.7,4.0,-2.2,-1.18
60,Leonardo Balerdi, ARG,DF,Marseille,23,1999,82.0,90.0,5,41.0,0,1.0,8.0,8.0,0.0,8.5,4.7,3.8,0.7
61,Fodé Ballo-Touré, SEN,"DF,MF",Milan,25,1997,34.0,90.0,1,15.0,8,1.5,1.0,3.0,-1.9,1.4,1.9,-0.6,-0.38
62,Tommaso Barbieri, ITA,MF,Juventus,19,2002,3.0,0.0,0,3.0,1,0.0,0.0,0.0,0.67,0.0,0.0,0.0,0.0
63,Roony Bardghji, SWE,FW,FC Copenhagen,16,2005,49.0,69.0,0,29.0,4,0.5,1.0,3.0,0.0,1.9,1.5,0.4,0.34
64,Nicolò Barella, ITA,MF,Inter,25,1997,83.0,83.0,6,0.0,1,2.0,17.0,5.0,3.1,15.4,10.8,4.6,0.42
65,Borna Barišić, CRO,DF,Rangers,29,1992,78.0,90.0,5,15.0,0,0.7,2.0,20.0,-1.08,4.4,12.8,-8.4,-1.63
66,Enzo Barrenechea, ARG,DF,Juventus,21,2001,3.0,0.0,0,3.0,0,0.0,0.0,0.0,0.67,0.0,0.0,0.0,0.0
67,Pablo Barrios, ESP,MF,Atlético Madrid,19,2003,6.0,0.0,0,6.0,1,0.0,1.0,0.0,15.84,0.5,0.0,0.5,7.17
68,Calvin Bassey, NGA,DF,Ajax,22,1999,90.0,90.0,6,0.0,0,1.0,11.0,16.0,0.0,8.3,12.2,-3.9,-0.65
69,Fortune Bassey, NGA,FW,Viktoria Plzeň,23,1998,27.0,45.0,0,22.0,1,0.0,0.0,5.0,-0.25,0.8,3.3,-2.6,-1.71
70,Gil Bastião Dias, POR,"DF,FW",Benfica,25,1996,0.0,0.0,0,0.0,2,0.0,0.0,0.0,0.0,0.0,0.0,0.0,0.0
71,Alessandro Bastoni, ITA,DF,Inter,23,1999,82.0,82.0,5,0.0,1,2.0,17.0,6.0,2.45,14.5,11.1,3.4,0.31
72,Dylan Batubinsika, COD,DF,Maccabi Haifa,26,1996,90.0,90.0,5,0.0,0,0.6,6.0,15.0,3.2,4.8,8.3,-3.6,-0.71
73,Martin Baturina, CRO,MF,Dinamo Zagreb,19,2003,12.0,0.0,0,12.0,1,1.55,0.0,2.0,-2.06,0.6,2.5,-1.8,-2.82
74,Raoul Bellanova, ITA,"DF,MF",Inter,22,2000,40.0,90.0,1,15.0,10,0.33,1.0,4.0,-3.19,2.4,2.2,0.2,0.15
75,Héctor Bellerín, ESP,DF,Barcelona,27,1995,90.0,90.0,2,0.0,1,1.5,4.0,5.0,-0.75,3.0,4.6,-1.6,-0.81
76,Jude Bellingham, ENG,MF,Dortmund,19,2003,90.0,90.0,7,0.0,1,1.57,10.0,6.0,0.57,9.3,9.6,-0.4,-0.05
77,Ismaël Bennacer, ALG,MF,Milan,24,1997,59.0,64.0,1,10.0,0,1.5,13.0,10.0,0.28,10.7,10.2,0.5,0.08
78,Rodrigo Bentancur, URU,"MF,FW",Tottenham,25,1997,84.0,84.0,3,0.0,0,1.83,7.0,5.0,0.77,8.0,4.6,3.4,0.6
79,Karim Benzema, FRA,FW,Real Madrid,34,1987,74.0,80.0,5,28.0,0,2.3,14.0,10.0,-1.93,12.9,10.0,2.9,0.35
80,Bartosz Bereszyński, POL,"DF,FW",Napoli,30,1992,0.0,0.0,0,0.0,4,0.0,0.0,0.0,0.0,0.0,0.0,0.0,0.0
81,Steven Berghuis, NED,"MF,FW",Ajax,30,1991,77.0,77.0,1,0.0,0,1.0,10.0,13.0,1.72,7.4,8.2,-0.7,-0.14
82,Lucas Bergström, FIN,GK,Chelsea,19,2002,0.0,0.0,0,0.0,2,0.0,0.0,0.0,0.0,0.0,0.0,0.0,0.0
83,Steven Bergwijn, NED,FW,Ajax,24,1997,87.0,87.0,3,0.0,0,1.0,10.0,15.0,-0.87,7.7,10.6,-2.9,-0.5
84,Alexandro Bernabei, ARG,FW,Celtic,21,2000,11.0,0.0,0,11.0,5,0.0,0.0,1.0,-6.48,0.4,0.2,0.2,1.52
85,Bernardo, BRA,DF,RB Salzburg,27,1995,69.0,90.0,2,47.0,2,0.5,2.0,6.0,-1.31,3.2,3.9,-0.7,-0.22
86,Paulo Bernardo, POR,MF,Benfica,20,2002,0.0,0.0,0,0.0,4,3.0,0.0,0.0,0.0,0.0,0.0,0.0,0.0
87,Juan Bernat, ESP,DF,Paris S-G,29,1993,55.0,80.0,1,17.0,3,1.6,9.0,5.0,0.9,4.5,4.5,0.0,0.0
88,Victor Bernth Kristiansen, DEN,"DF,MF",FC Copenhagen,19,2002,81.0,90.0,5,33.0,0,0.88,0.0,11.0,-2.05,3.6,10.4,-6.8,-1.28
89,Marcus Bettinelli, ENG,GK,Chelsea,30,1992,0.0,0.0,0,0.0,8,0.0,0.0,0.0,0.0,0.0,0.0,0.0,0.0
90,Modou Biramé Ndiaye, SEN,MF,Viktoria Plzeň,25,1996,46.0,73.0,1,18.0,2,0.0,1.0,9.0,-1.19,2.2,5.2,-2.9,-1.46
91,Yves Bissouma, MLI,MF,Tottenham,25,1996,31.0,0.0,0,31.0,3,3.0,2.0,2.0,-0.14,1.6,1.8,-0.2,-0.18
92,Rubén Blanco, ESP,GK,Marseille,27,1995,0.0,0.0,0,0.0,6,0.0,0.0,0.0,0.0,0.0,0.0,0.0,0.0
93,Janis Blaswich, GER,GK,RB Leipzig,31,1991,88.0,90.0,5,78.0,2,2.17,13.0,11.0,2.68,9.5,10.5,-1.0,-0.17
94,Daley Blind, NED,"DF,MF",Bayern Munich,32,1990,0.0,0.0,0,0.0,4,0.0,0.0,0.0,0.0,0.0,0.0,0.0,0.0
95,Daley Blind, NED,DF,Ajax,32,1990,81.0,81.0,3,0.0,1,0.6,8.0,15.0,-2.9,6.1,10.3,-4.2,-0.92
96,Petar Bočkaj, CRO,"DF,FW",Dinamo Zagreb,26,1996,13.0,0.0,0,13.0,3,1.0,0.0,0.0,1.26,0.6,1.4,-0.8,-1.9
97,Valerio Boffelli, ITA,GK,Napoli,17,2004,0.0,0.0,0,0.0,1,0.0,0.0,0.0,0.0,0.0,0.0,0.0,0.0
98,Nicolai Boilesen, DEN,DF,FC Copenhagen,30,1992,50.0,90.0,1,10.0,1,0.5,0.0,1.0,1.15,0.3,1.7,-1.4,-1.3
99,Valerii Bondar, UKR,DF,Shakhtar,23,1999,90.0,90.0,6,0.0,0,1.0,8.0,10.0,0.0,3.7,10.9,-7.1,-1.19
100,Artem Bondarenko, UKR,MF,Shakhtar,21,2000,81.0,81.0,3,0.0,0,1.0,6.0,10.0,-3.96,2.8,9.7,-6.9,-1.29
101,Leonardo Bonucci, ITA,DF,Juventus,35,1987,74.0,84.0,4,25.0,0,0.5,5.0,13.0,-5.37,5.9,8.5,-2.6,-0.53
102,Gonçalo Borges, POR,"MF,FW",Porto,21,2001,10.0,0.0,0,10.0,3,1.5,0.0,2.0,-5.41,0.3,1.3,-1.1,-2.44
103,Rafael Borré, COL,FW,Eint Frankfurt,26,1995,29.0,90.0,1,20.0,0,1.25,1.0,5.0,-1.21,2.8,4.8,-2.0,-0.81
104,Nikolaos Botis, GRE,GK,Inter,18,2004,0.0,0.0,0,0.0,2,0.0,0.0,0.0,0.0,0.0,0.0,0.0,0.0
105,Yassine Bounou, MAR,GK,Sevilla,31,1991,90.0,90.0,4,0.0,2,0.25,3.0,12.0,-3.75,3.6,8.4,-4.9,-1.21
106,Dedryck Boyata, BEL,DF,Club Brugge,31,1990,45.0,90.0,1,23.0,3,1.33,1.0,0.0,1.28,1.8,1.5,0.3,0.2
107,Julian Brandt, GER,"MF,FW",Dortmund,26,1996,68.0,75.0,4,28.0,1,1.71,9.0,2.0,2.43,8.2,6.7,1.5,0.29
108,Gleison Bremer, BRA,DF,Juventus,25,1997,90.0,90.0,3,0.0,1,1.0,5.0,5.0,1.33,4.2,5.9,-1.8,-0.59
109,Brian Brobbey, NED,FW,Ajax,20,2002,23.0,62.0,0,14.0,1,0.6,1.0,6.0,-3.88,1.7,4.4,-2.7,-2.12
110,Armando Broja, ALB,FW,Chelsea,20,2001,23.0,0.0,0,23.0,1,2.0,0.0,1.0,-1.24,2.5,0.7,1.8,1.4
111,John Brooks, USA,DF,Benfica,29,1993,0.0,0.0,0,0.0,6,0.0,0.0,0.0,0.0,0.0,0.0,0.0,0.0
112,Marcelo Brozović, CRO,MF,Inter,29,1992,61.0,89.0,4,27.0,0,1.89,9.0,6.0,-0.23,8.6,7.5,1.0,0.17
113,Pavel Bucha, CZE,MF,Viktoria Plzeň,24,1998,73.0,83.0,3,34.0,0,1.45,4.0,15.0,1.37,3.2,10.2,-7.0,-1.73
114,Tajon Buchanan, CAN,"DF,MF",Club Brugge,23,1999,87.0,87.0,4,0.0,0,0.83,3.0,11.0,-3.63,4.8,13.7,-9.0,-1.55
115,Lewis Budinauckas, SCO,GK,Rangers,20,2002,0.0,0.0,0,0.0,1,0.0,0.0,0.0,0.0,0.0,0.0,0.0,0.0
116,Marko Bulat, CRO,MF,Dinamo Zagreb,20,2001,10.0,0.0,0,10.0,3,0.33,0.0,0.0,1.23,0.5,1.8,-1.2,-3.86
117,Josef Bursik, ENG,GK,Club Brugge,22,2000,0.0,0.0,0,0.0,2,0.0,0.0,0.0,0.0,0.0,0.0,0.0,0.0
118,Sergio Busquets, ESP,MF,Barcelona,34,1988,72.0,72.0,1,0.0,1,0.25,1.0,7.0,-4.02,4.1,4.3,-0.2,-0.06
119,Aurélio Buta, POR,DF,Eint Frankfurt,25,1997,79.0,79.0,1,0.0,0,0.0,0.0,5.0,-2.69,1.3,5.2,-3.9,-2.2
120,Jamie Bynoe-Gittens, ENG,MF,Dortmund,17,2004,20.0,0.0,0,20.0,0,1.5,0.0,0.0,-0.53,0.4,0.4,-0.1,-0.16
121,Jovane Cabral, CPV,MF,Sporting CP,24,1998,13.0,0.0,0,13.0,1,0.0,0.0,0.0,0.17,0.2,0.0,0.2,1.28
122,Davide Calabria, ITA,DF,Milan,25,1996,83.0,83.0,4,0.0,2,1.33,6.0,6.0,-0.62,7.2,8.0,-0.8,-0.14
123,Hakan Çalhanoğlu, TUR,MF,Inter,28,1994,67.0,82.0,3,22.0,0,1.75,11.0,7.0,-0.54,10.5,11.0,-0.5,-0.06
124,Diego Callai, ITA,GK,Sporting CP,18,2004,0.0,0.0,0,0.0,1,0.0,0.0,0.0,0.0,0.0,0.0,0.0,0.0
125,Eduardo Camavinga, FRA,"MF,DF",Real Madrid,19,2002,66.0,83.0,5,20.0,1,2.09,14.0,9.0,-1.38,13.0,10.9,2.1,0.26
126,Emre Can, GER,MF,Dortmund,28,1994,81.0,90.0,6,25.0,1,1.57,8.0,6.0,-0.84,8.3,10.1,-1.8,-0.29
127,João Cancelo, POR,DF,Bayern Munich,28,1994,31.0,54.0,0,8.0,0,1.75,1.0,1.0,-1.85,2.1,1.6,0.4,0.33
128,João Cancelo, POR,DF,Manchester City,28,1994,63.0,74.0,3,6.0,0,2.33,10.0,1.0,0.11,9.7,2.2,7.5,1.79
129,Lucas Cañizares, ESP,GK,Real Madrid,20,2002,0.0,0.0,0,0.0,2,0.0,0.0,0.0,0.0,0.0,0.0,0.0,0.0
130,Nicolás Capaldo, ARG,MF,RB Salzburg,24,1997,90.0,90.0,3,0.0,0,1.67,3.0,2.0,2.0,3.9,2.7,1.2,0.39
131,Valentin Carboni, ARG,FW,Inter,17,2005,15.0,0.0,0,15.0,6,0.0,0.0,0.0,-0.62,0.3,0.2,0.0,0.03
132,Fábio Cardoso, POR,DF,Porto,28,1994,90.0,90.0,4,0.0,4,2.5,9.0,1.0,3.0,9.5,5.0,4.5,1.13
133,David Carmo, POR,DF,Porto,23,1999,90.0,90.0,5,0.0,2,1.8,10.0,6.0,0.8,9.2,8.5,0.7,0.14
134,Carmona, ESP,DF,Sevilla,20,2002,90.0,90.0,5,0.0,1,0.4,3.0,12.0,-4.8,4.4,9.1,-4.8,-0.95
135,Yannick Carrasco, BEL,"DF,MF",Atlético Madrid,28,1993,46.0,71.0,1,20.0,0,0.83,3.0,6.0,-0.65,6.7,5.0,1.7,0.5
136,Scott Carson, ENG,GK,Manchester City,36,1985,0.0,0.0,0,0.0,13,0.0,0.0,0.0,0.0,0.0,0.0,0.0,0.0
137,Cameron Carter-Vickers, USA,DF,Celtic,24,1997,90.0,90.0,4,0.0,0,0.5,2.0,7.0,1.75,6.2,4.9,1.3,0.34
138,Dani Carvajal, ESP,DF,Real Madrid,30,1992,79.0,85.0,6,22.0,1,2.27,23.0,8.0,2.41,19.4,13.1,6.4,0.66
139,Fabio Carvalho, POR,"MF,FW",Liverpool,19,2002,29.0,90.0,1,8.0,3,2.25,8.0,1.0,5.48,3.2,1.0,2.3,1.78
140,Marc Casado, ESP,MF,Barcelona,18,2003,24.0,0.0,0,24.0,2,3.0,1.0,0.0,3.92,0.4,0.3,0.1,0.3
141,Dani Ceballos, ESP,MF,Real Madrid,25,1996,12.0,0.0,0,12.0,2,2.57,3.0,2.0,-0.04,2.1,1.2,0.9,0.98
142,Aleš Čermák, CZE,MF,Viktoria Plzeň,27,1994,11.0,0.0,0,11.0,3,0.0,0.0,0.0,3.37,0.4,0.0,0.4,0.97
143,El Chadaille Bitshiabu, FRA,DF,Paris S-G,17,2005,45.0,0.0,0,45.0,6,0.0,0.0,2.0,-5.07,0.4,1.5,-1.1,-2.26
144,Trevoh Chalobah, ENG,DF,Chelsea,23,1999,73.0,90.0,4,40.0,4,2.0,8.0,5.0,0.62,8.9,5.4,3.6,0.73
145,Timothy Chandler, USA,DF,Eint Frankfurt,32,1990,12.0,0.0,0,12.0,7,3.0,0.0,0.0,0.76,0.4,0.0,0.3,2.44
146,Shea Charles, NIR,MF,Manchester City,18,2003,0.0,0.0,0,0.0,1,0.0,0.0,0.0,0.0,0.0,0.0,0.0,0.0
147,Tjaronn Chery, SUR,"MF,FW",Maccabi Haifa,34,1988,90.0,90.0,6,0.0,0,1.27,7.0,21.0,0.0,6.4,9.8,-3.4,-0.57
148,Federico Chiesa, ITA,FW,Juventus,24,1997,17.0,0.0,0,17.0,0,0.0,0.0,0.0,0.69,0.1,0.0,0.1,0.79
149,Ben Chilwell, ENG,"DF,MF",Chelsea,25,1996,79.0,79.0,3,0.0,2,1.71,9.0,4.0,1.33,10.3,6.4,3.8,0.62
150,Chiquinho, POR,MF,Benfica,27,1995,45.0,80.0,2,17.0,1,2.42,11.0,5.0,0.07,8.3,4.2,4.0,0.9
151,Tomáš Chorý, CZE,FW,Viktoria Plzeň,27,1995,60.0,63.0,0,45.0,0,1.33,3.0,19.0,-2.48,4.0,10.7,-6.6,-1.66
152,Andreas Christensen, DEN,DF,Barcelona,26,1996,72.0,72.0,1,0.0,0,1.0,5.0,4.0,0.69,4.3,2.6,1.7,0.69
153,Carney Chukwuemeka, ENG,MF,Chelsea,18,2003,0.0,0.0,0,0.0,7,0.0,0.0,0.0,0.0,0.0,0.0,0.0,0.0
154,Viktor Claesson, SWE,"FW,MF",FC Copenhagen,30,1992,80.0,80.0,3,0.0,0,0.88,1.0,11.0,-0.32,4.0,9.7,-5.8,-1.08
155,Jonathan Clauss, FRA,DF,Marseille,29,1992,68.0,68.0,1,0.0,0,1.0,7.0,5.0,1.82,5.2,4.0,1.3,0.27
156,William Clem, DEN,MF,FC Copenhagen,18,2004,85.0,85.0,1,0.0,1,0.5,1.0,2.0,1.9,2.4,1.7,0.7,0.39
157,Sebastián Coates, URU,DF,Sporting CP,31,1990,79.0,79.0,4,0.0,0,1.4,7.0,5.0,2.31,3.1,6.1,-3.1,-0.7
158,Josh Cohen, USA,GK,Maccabi Haifa,29,1992,90.0,90.0,6,0.0,0,1.17,7.0,21.0,0.0,6.4,9.8,-3.4,-0.57
159,Antonio Čolak, CRO,FW,Rangers,28,1993,47.0,75.0,1,20.0,0,0.7,1.0,13.0,-0.99,1.3,6.7,-5.4,-1.7
160,Kingsley Coman, FRA,"FW,DF",Bayern Munich,26,1996,76.0,76.0,2,0.0,1,2.29,11.0,4.0,-1.03,11.0,6.1,4.9,0.83
161,Francisco Conceição, POR,"FW,MF",Ajax,19,2002,6.0,0.0,0,6.0,2,1.0,1.0,1.0,0.86,0.6,1.6,-1.0,-5.63
162,Rodrigo Conceição, POR,DF,Porto,22,2000,3.0,0.0,0,3.0,6,3.0,0.0,1.0,-18.63,0.0,0.5,-0.5,-8.45
163,Alex Cordaz, ITA,GK,Inter,39,1983,0.0,0.0,0,0.0,11,0.0,0.0,0.0,0.0,0.0,0.0,0.0,0.0
164,Andreas Cornelius, DEN,FW,FC Copenhagen,29,1993,55.0,90.0,1,19.0,1,0.0,0.0,5.0,-2.88,1.0,2.8,-1.8,-1.53
165,Pierre Cornud, FRA,DF,Maccabi Haifa,25,1996,74.0,74.0,0,0.0,1,1.27,6.0,15.0,0.48,4.3,6.5,-2.2,-0.53
166,Ángel Correa, ARG,"FW,MF",Atlético Madrid,27,1995,53.0,73.0,1,32.0,0,0.83,3.0,9.0,-2.51,4.2,6.8,-2.6,-0.81
167,Joaquín Correa, ARG,FW,Inter,27,1994,34.0,67.0,0,17.0,2,2.11,6.0,4.0,-0.03,4.8,3.2,1.5,0.45
168,Bruno Xavier Almeida Costa, POR,MF,Porto,25,1997,24.0,45.0,0,14.0,3,2.0,1.0,2.0,-1.93,1.2,2.2,-1.1,-1.3
169,Diogo Costa, POR,GK,Porto,22,1999,90.0,90.0,8,0.0,0,1.63,12.0,8.0,0.0,15.2,11.4,3.9,0.48
170,Andrei Coubis, ROU,DF,Milan,18,2003,0.0,0.0,0,0.0,3,0.0,0.0,0.0,0.0,0.0,0.0,0.0,0.0
171,Soumaïla Coulibaly, FRA,DF,Dortmund,18,2003,19.0,0.0,0,19.0,7,1.0,0.0,0.0,-0.51,0.3,0.3,-0.1,-0.42
172,Thibaut Courtois, BEL,GK,Real Madrid,30,1992,90.0,90.0,10,0.0,0,2.2,23.0,11.0,0.7,17.8,14.5,3.3,0.33
173,Juan Cuadrado, COL,"DF,MF",Juventus,34,1988,72.0,72.0,1,0.0,0,0.5,6.0,12.0,-2.9,6.3,6.8,-0.5,-0.11
174,Marc Cucurella, ESP,DF,Chelsea,24,1998,52.0,84.0,3,20.0,2,1.25,5.0,4.0,-0.15,7.5,4.1,3.4,0.74
175,Matheus Cunha, BRA,"FW,MF",Atlético Madrid,23,1999,24.0,0.0,0,24.0,0,0.4,1.0,2.0,-0.09,4.7,2.2,2.5,1.85
176,Dennis Curatolo, ITA,FW,Inter,18,2004,0.0,0.0,0,0.0,2,0.0,0.0,0.0,0.0,0.0,0.0,0.0,0.0
177,Danilo D'Ambrosio, ITA,DF,Inter,33,1988,27.0,90.0,1,14.0,6,1.33,1.0,4.0,-2.66,2.1,4.4,-2.2,-1.25
178,Mahmoud Dahoud, GER,MF,Dortmund,26,1996,0.0,0.0,0,0.0,2,0.0,0.0,0.0,0.0,0.0,0.0,0.0,0.0
179,Danilo, BRA,DF,Juventus,31,1991,85.0,85.0,4,0.0,0,0.6,8.0,11.0,0.16,6.9,9.9,-3.1,-0.65
180,Arnaut Danjuma, NED,MF,Tottenham,25,1997,10.0,0.0,0,10.0,1,0.0,0.0,0.0,-0.13,0.1,0.0,0.1,0.62
181,Mohammed Daramy, DEN,FW,FC Copenhagen,20,2002,74.0,74.0,2,0.0,0,0.57,1.0,10.0,0.03,4.0,9.2,-5.3,-1.07
182,Matteo Darmian, ITA,DF,Inter,32,1989,75.0,86.0,6,22.0,2,1.64,11.0,8.0,-0.96,10.6,9.9,0.7,0.07
183,Dean David, ISR,"FW,DF",Maccabi Haifa,26,1996,40.0,59.0,0,20.0,0,1.17,4.0,6.0,2.8,3.7,3.4,0.3,0.1
184,Alphonso Davies, CAN,DF,Bayern Munich,21,2000,67.0,81.0,4,39.0,0,2.44,15.0,3.0,0.59,12.8,7.6,5.2,0.78
185,Ben Davies, WAL,DF,Tottenham,29,1993,56.0,88.0,3,14.0,1,1.29,5.0,4.0,0.23,3.7,4.7,-1.0,-0.24
186,Ben Davies, ENG,DF,Rangers,26,1995,87.0,87.0,2,0.0,2,0.6,1.0,12.0,-0.91,1.4,6.8,-5.4,-1.87
187,Harvey Davies, ENG,GK,Liverpool,18,2003,0.0,0.0,0,0.0,2,0.0,0.0,0.0,0.0,0.0,0.0,0.0,0.0
188,Steven Davis, NIR,MF,Rangers,37,1985,50.0,68.0,0,22.0,1,0.17,0.0,11.0,-1.19,1.7,7.6,-5.9,-2.14
189,Kevin De Bruyne, BEL,MF,Manchester City,31,1991,72.0,77.0,3,21.0,2,2.4,20.0,3.0,0.15,15.8,5.9,9.9,1.25
190,Charles De Ketelaere, BEL,"MF,FW",Milan,21,2001,39.0,61.0,0,17.0,5,2.17,5.0,4.0,0.07,3.8,3.2,0.6,0.23
191,Rodrigo De Paul, ARG,MF,Atlético Madrid,28,1994,51.0,90.0,1,42.0,1,1.0,4.0,5.0,0.6,4.8,6.5,-1.7,-0.58
192,Mattia De Sciglio, ITA,DF,Juventus,29,1992,32.0,45.0,0,25.0,0,1.0,1.0,0.0,1.96,1.9,1.1,0.8,0.76
193,Amar Dedić, BIH,DF,RB Salzburg,19,2002,90.0,90.0,6,0.0,0,1.0,5.0,9.0,0.0,8.3,6.9,1.4,0.23
194,Thomas Delaney, DEN,MF,Sevilla,30,1991,58.0,67.0,1,29.0,2,0.25,1.0,5.0,-0.98,1.5,4.2,-2.8,-1.08
195,Ousmane Dembélé, FRA,FW,Barcelona,25,1997,69.0,80.0,2,14.0,0,1.17,8.0,9.0,-0.93,7.0,6.4,0.7,0.14
196,Kerem Demirbay, GER,MF,Leverkusen,29,1993,54.0,90.0,2,29.0,0,0.8,2.0,4.0,-0.01,4.6,3.9,0.7,0.22
197,Sergiño Dest, USA,DF,Milan,21,2000,48.0,90.0,1,34.0,0,1.0,0.0,3.0,-2.12,1.2,2.3,-1.1,-0.52
198,Adam Devine, SCO,DF,Rangers,19,2003,0.0,0.0,0,0.0,6,0.0,0.0,0.0,0.0,0.0,0.0,0.0,0.0
199,Alfie Devine, ENG,MF,Tottenham,17,2004,0.0,0.0,0,0.0,2,0.0,0.0,0.0,0.0,0.0,0.0,0.0,0.0
200,Giovanni Di Lorenzo, ITA,DF,Napoli,28,1993,89.0,89.0,8,0.0,0,2.2,26.0,8.0,1.82,24.8,12.8,12.0,1.21
201,Ángel Di María, ARG,FW,Juventus,34,1988,49.0,57.0,1,33.0,0,1.0,3.0,2.0,1.76,2.9,2.8,0.2,0.1
202,Moussa Diaby, FRA,"FW,MF",Leverkusen,23,1999,84.0,84.0,2,0.0,0,0.83,4.0,8.0,-0.71,8.6,6.1,2.5,0.44
203,Abdou Diallo, SEN,"DF,MF",RB Leipzig,26,1996,45.0,90.0,2,16.0,1,1.8,3.0,7.0,-1.77,3.5,3.6,-0.1,-0.04
204,Youba Diarra, MLI,MF,RB Salzburg,24,1998,0.0,0.0,0,0.0,6,0.0,0.0,0.0,0.0,0.0,0.0,0.0,0.0
205,Rúben Dias, POR,DF,Manchester City,25,1997,87.0,90.0,11,59.0,1,2.17,30.0,4.0,1.49,24.5,9.7,14.9,1.27
206,Brahim Díaz, ESP,"MF,FW",Milan,22,1999,60.0,70.0,0,20.0,2,1.2,6.0,6.0,-0.75,8.3,6.5,1.8,0.27
207,Luis Díaz, COL,FW,Liverpool,25,1997,90.0,90.0,2,0.0,0,2.0,5.0,5.0,-1.4,6.1,4.7,1.4,0.47
208,Eric Dier, ENG,DF,Tottenham,28,1994,88.0,88.0,6,0.0,0,1.57,8.0,6.0,1.17,8.7,7.1,1.7,0.24
209,Sergio Diez Roldan, ESP,DF,Atlético Madrid,19,2003,0.0,0.0,0,0.0,4,0.0,0.0,0.0,0.0,0.0,0.0,0.0,0.0
210,Kevin Diks, NED,DF,FC Copenhagen,25,1996,56.0,78.0,1,11.0,0,0.88,1.0,9.0,-0.83,3.1,7.8,-4.7,-1.27
211,Emir Dilaver, AUT,"DF,MF",Dinamo Zagreb,31,1991,0.0,0.0,0,0.0,3,1.5,0.0,0.0,0.0,0.0,0.0,0.0,0.0
212,Federico Dimarco, ITA,DF,Inter,24,1997,66.0,71.0,1,20.0,2,1.91,12.0,3.0,1.32,10.0,8.0,2.0,0.25
213,Junior Dina Ebimbe, FRA,"MF,DF",Eint Frankfurt,21,2000,40.0,70.0,0,9.0,0,1.67,4.0,3.0,1.69,3.0,2.2,0.8,0.3
214,Andreas Dithmer, DEN,GK,FC Copenhagen,16,2005,0.0,0.0,0,0.0,3,0.0,0.0,0.0,0.0,0.0,0.0,0.0,0.0
215,Marko Dmitrović, SRB,GK,Sevilla,30,1992,90.0,90.0,2,0.0,4,2.0,3.0,0.0,3.75,1.8,1.8,0.0,0.02
216,Matt Doherty, IRL,DF,Tottenham,30,1992,38.0,70.0,0,6.0,4,2.0,0.0,1.0,-1.46,0.7,0.6,0.1,0.17
217,Kasper Dolberg, DEN,FW,Sevilla,24,1997,28.0,45.0,0,22.0,2,1.0,0.0,3.0,-1.83,1.0,2.0,-1.1,-0.88
218,Gianluigi Donnarumma, ITA,GK,Paris S-G,23,1999,90.0,90.0,8,0.0,0,1.75,16.0,10.0,0.0,10.8,10.0,0.8,0.1
219,Carlos Dotor, ESP,MF,Real Madrid,21,2001,0.0,0.0,0,0.0,1,0.0,0.0,0.0,0.0,0.0,0.0,0.0,0.0
220,Julian Draxler, GER,MF,Benfica,28,1993,11.0,0.0,0,11.0,2,1.67,0.0,0.0,-1.35,0.7,0.5,0.2,0.54
221,Josip Drmić, SUI,FW,Dinamo Zagreb,29,1992,16.0,0.0,0,16.0,0,1.27,0.0,2.0,-0.88,1.0,4.2,-3.2,-3.03
222,Denzel Dumfries, NED,DF,Inter,26,1996,74.0,86.0,7,13.0,1,2.0,18.0,9.0,1.23,15.4,10.7,4.7,0.48
223,Edin Džeko, BIH,FW,Inter,36,1986,63.0,69.0,1,33.0,0,1.85,12.0,5.0,0.5,10.8,10.4,0.4,0.05
224,Ederson, BRA,GK,Manchester City,28,1993,90.0,90.0,11,0.0,2,2.27,29.0,4.0,1.27,23.3,9.0,14.3,1.3
225,Jorge Eduardo Sánchez, MEX,DF,Ajax,24,1997,54.0,81.0,2,13.0,0,1.2,4.0,8.0,-1.01,3.8,5.4,-1.6,-0.55
226,Marcus Edwards, ENG,"FW,MF",Sporting CP,23,1998,59.0,59.0,0,0.0,0,1.17,6.0,5.0,1.21,2.3,5.3,-3.1,-0.78
227,Hugo Ekitike, FRA,"MF,FW",Paris S-G,20,2002,16.0,0.0,0,16.0,4,1.75,2.0,1.0,0.77,1.0,0.9,0.1,0.11
228,Inon Eliyahu, ISR,MF,Maccabi Haifa,28,1993,0.0,0.0,0,0.0,6,0.0,0.0,0.0,0.0,0.0,0.0,0.0,0.0
229,Harvey Elliott, ENG,MF,Liverpool,19,2003,49.0,75.0,1,24.0,0,1.88,14.0,7.0,1.59,8.6,7.0,1.6,0.37
230,Elif Elmas, MKD,"FW,MF",Napoli,22,1999,29.0,81.0,1,15.0,0,2.2,6.0,4.0,-1.71,7.9,4.6,3.3,1.05
231,Emerson, BRA,"DF,MF",Tottenham,23,1999,68.0,82.0,4,27.0,0,1.5,5.0,5.0,-0.51,8.1,6.5,1.6,0.26
232,Youssef En-Nesyri, MAR,FW,Sevilla,25,1997,61.0,74.0,1,24.0,1,1.25,3.0,5.0,0.49,3.2,3.9,-0.7,-0.25
233,Ricardo Esgaio, POR,"DF,MF",Sporting CP,29,1993,36.0,54.0,1,1.0,2,1.0,2.0,4.0,-1.86,0.5,2.5,-2.0,-1.64
234,Dario Essugo, POR,MF,Sporting CP,17,2005,28.0,0.0,0,28.0,1,0.0,0.0,1.0,-3.21,0.2,0.3,-0.1,-0.38
235,Stephen Eustáquio, CAN,MF,Porto,25,1996,85.0,85.0,4,0.0,1,1.86,12.0,7.0,1.47,12.6,9.2,3.4,0.52
236,Evanilson, BRA,FW,Porto,22,1999,64.0,71.0,0,43.0,0,1.63,9.0,2.0,2.53,11.4,6.3,5.0,0.88
237,Fabinho, BRA,MF,Liverpool,28,1993,79.0,87.0,6,22.0,0,1.88,17.0,12.0,-1.33,12.1,10.2,1.9,0.27
238,Nicolò Fagioli, ITA,MF,Juventus,21,2001,54.0,87.0,0,21.0,4,0.0,1.0,2.0,-0.21,2.1,0.6,1.5,1.29
239,Rasmus Falk, DEN,MF,FC Copenhagen,30,1992,63.0,84.0,1,21.0,0,1.2,0.0,3.0,0.62,1.5,3.2,-1.7,-0.81
240,Abdul Fatawu Issahaku, GHA,"MF,DF",Sporting CP,18,2004,45.0,0.0,0,45.0,4,0.5,0.0,2.0,-2.22,0.8,3.1,-2.4,-2.39
241,Ansu Fati, ESP,FW,Barcelona,19,2002,41.0,77.0,1,23.0,0,1.17,9.0,5.0,2.69,5.6,4.8,0.7,0.28
242,Felipe, BRA,DF,Atlético Madrid,33,1989,90.0,90.0,1,0.0,2,0.0,0.0,2.0,-1.6,0.9,1.8,-0.8,-0.83
243,João Félix, POR,"FW,MF",Chelsea,22,1999,61.0,73.0,1,24.0,0,0.75,2.0,3.0,-0.92,5.0,5.0,0.0,0.01
244,João Félix, POR,FW,Atlético Madrid,22,1999,43.0,67.0,0,8.0,1,0.8,0.0,2.0,-0.27,2.5,4.3,-1.8,-0.75
245,Mateus Fernandes, POR,MF,Sporting CP,18,2004,30.0,0.0,0,30.0,1,1.0,0.0,1.0,-3.0,0.5,1.2,-0.7,-2.01
246,Enzo Fernández, ARG,MF,Benfica,21,2001,85.0,85.0,3,0.0,0,2.56,10.0,6.0,-0.87,8.5,5.2,3.4,0.71
247,Enzo Fernández, ARG,MF,Chelsea,21,2001,83.0,83.0,2,0.0,0,0.75,2.0,4.0,-1.33,6.3,5.1,1.1,0.3
248,Fernando, BRA,FW,RB Salzburg,23,1999,64.0,64.0,0,0.0,0,1.0,1.0,1.0,0.76,1.3,0.6,0.6,0.88
249,Fernando, BRA,MF,Sevilla,35,1987,90.0,90.0,1,0.0,1,1.0,0.0,0.0,1.2,0.8,0.7,0.1,0.11
250,Roberto Firmino, BRA,"FW,MF",Liverpool,30,1991,52.0,77.0,1,27.0,0,1.88,9.0,7.0,-1.05,6.5,7.7,-1.2,-0.27
251,Alessandro Florenzi, ITA,"DF,FW",Milan,31,1991,0.0,0.0,0,0.0,4,0.0,0.0,0.0,0.0,0.0,0.0,0.0,0.0
252,Phil Foden, ENG,"MF,FW",Manchester City,22,2000,48.0,80.0,1,29.0,4,2.5,12.0,1.0,0.75,8.4,3.5,4.8,1.13
253,Wesley Fofana, FRA,DF,Chelsea,21,2000,79.0,79.0,4,0.0,2,1.2,3.0,5.0,-1.35,6.0,5.5,0.5,0.11
254,Bernardo Folha, POR,MF,Porto,20,2002,4.0,0.0,0,4.0,4,3.0,0.0,1.0,-11.88,0.0,0.4,-0.4,-4.04
255,Alessandro Fontanarosa, ITA,DF,Inter,19,2003,0.0,0.0,0,0.0,1,0.0,0.0,0.0,0.0,0.0,0.0,0.0,0.0
256,James Forrest, SCO,FW,Celtic,31,1991,30.0,0.0,0,30.0,3,0.33,0.0,3.0,-1.4,1.4,2.1,-0.8,-0.78
257,Emil Forsberg, SWE,"MF,FW",RB Leipzig,30,1991,50.0,69.0,0,32.0,0,1.63,7.0,11.0,-1.18,5.7,8.3,-2.6,-0.58
258,Fraser Forster, ENG,GK,Tottenham,34,1988,90.0,90.0,2,0.0,6,0.5,0.0,1.0,-0.83,0.9,3.1,-2.2,-1.08
259,Timothy Fosu-Mensah, NED,"MF,DF",Leverkusen,24,1998,3.0,0.0,0,3.0,3,0.33,0.0,1.0,-8.49,0.0,1.7,-1.7,-15.09
260,Lassina Franck Traoré, BFA,FW,Shakhtar,21,2001,41.0,63.0,0,18.0,0,1.0,3.0,3.0,0.61,2.0,4.4,-2.4,-0.89
261,André Franco, POR,MF,Porto,24,1998,21.0,0.0,0,21.0,6,1.0,0.0,0.0,-0.52,0.9,0.2,0.6,2.76
262,Robbie Fraser, SCO,MF,Rangers,19,2003,0.0,0.0,0,0.0,1,0.0,0.0,0.0,0.0,0.0,0.0,0.0,0.0
263,Jeremie Frimpong, NED,"MF,FW",Leverkusen,21,2000,75.0,88.0,2,22.0,0,1.0,4.0,5.0,1.39,5.7,4.6,1.1,0.26
264,Roei Fuchs, ISR,GK,Maccabi Haifa,23,1998,0.0,0.0,0,0.0,4,0.0,0.0,0.0,0.0,0.0,0.0,0.0,0.0
265,Kyogo Furuhashi, JPN,FW,Celtic,27,1995,60.0,68.0,0,19.0,0,0.33,3.0,10.0,0.23,5.9,8.1,-2.3,-0.57
266,Matteo Gabbia, ITA,DF,Milan,22,1999,53.0,90.0,2,16.0,8,1.5,5.0,2.0,1.18,3.8,3.0,0.8,0.35
267,Gianluca Gaetano, ITA,MF,Napoli,22,2000,10.0,0.0,0,10.0,7,3.0,3.0,0.0,7.16,1.7,0.2,1.5,4.24
268,Roberto Gagliardini, ITA,MF,Inter,28,1994,19.0,59.0,0,11.0,7,2.0,1.0,1.0,-0.68,1.8,1.4,0.4,0.34
269,Cody Gakpo, NED,"FW,MF",Liverpool,23,1999,76.0,76.0,0,0.0,0,0.0,2.0,5.0,-3.36,2.3,3.0,-0.7,-0.42
270,Antonio Gala, ITA,MF,Milan,18,2004,0.0,0.0,0,0.0,1,0.0,0.0,0.0,0.0,0.0,0.0,0.0,0.0
271,Galeno, BRA,"FW,MF",Porto,24,1997,70.0,76.0,1,28.0,0,1.63,11.0,3.0,3.57,12.5,6.8,5.7,0.92
272,Conor Gallagher, ENG,MF,Chelsea,22,2000,38.0,77.0,0,25.0,2,2.0,2.0,2.0,-0.45,5.9,3.3,2.6,0.78
273,Eric García, ESP,DF,Barcelona,21,2001,56.0,90.0,2,23.0,1,0.25,3.0,5.0,-1.37,3.2,2.8,0.5,0.18
274,Giovanni Garofani, ITA,GK,Juventus,19,2002,0.0,0.0,0,0.0,2,0.0,0.0,0.0,0.0,0.0,0.0,0.0,0.0
275,Pavel Gaszczyk, CZE,DF,Viktoria Plzeň,17,2005,0.0,0.0,0,0.0,1,0.0,0.0,0.0,0.0,0.0,0.0,0.0,0.0
276,Federico Gatti, ITA,DF,Juventus,24,1998,90.0,90.0,2,0.0,4,0.0,4.0,6.0,-0.5,3.9,3.9,0.1,0.03
277,Gavi, ESP,MF,Barcelona,17,2004,66.0,78.0,1,16.0,1,1.4,6.0,7.0,-0.7,6.1,5.1,1.0,0.26
278,Rami Gershon, ISR,DF,Maccabi Haifa,33,1988,0.0,0.0,0,0.0,6,1.0,0.0,0.0,0.0,0.0,0.0,0.0,0.0
279,Gerson, BRA,MF,Marseille,25,1997,40.0,54.0,0,14.0,3,1.0,1.0,1.0,0.0,1.4,1.0,0.4,0.3
280,Ismaël Gharbi, ESP,MF,Paris S-G,18,2004,0.0,0.0,0,0.0,3,0.0,0.0,0.0,0.0,0.0,0.0,0.0,0.0
281,Giorgos Giakoumakis, GRE,FW,Celtic,27,1994,41.0,81.0,1,21.0,0,0.33,2.0,6.0,0.68,4.4,3.5,0.9,0.33
282,Samuel Gigot, FRA,DF,Marseille,28,1993,50.0,73.0,0,35.0,0,1.2,3.0,5.0,-1.34,3.3,2.7,0.6,0.2
283,Bryan Gil, ESP,MF,Tottenham,21,2001,10.0,0.0,0,10.0,2,2.0,2.0,1.0,2.25,2.2,0.9,1.3,3.04
284,Gilberto, BRA,DF,Benfica,29,1993,40.0,68.0,1,22.0,5,2.22,3.0,4.0,-2.25,3.8,2.1,1.7,0.76
285,Olivier Giroud, FRA,FW,Milan,35,1986,78.0,78.0,5,0.0,0,1.5,14.0,10.0,0.39,14.2,12.6,1.6,0.15
286,Serge Gnabry, GER,"FW,MF",Bayern Munich,27,1995,43.0,86.0,2,17.0,1,2.63,10.0,3.0,0.38,6.7,4.1,2.6,0.69
287,Sean Goldberg, ISR,DF,Maccabi Haifa,27,1995,90.0,90.0,6,0.0,0,1.17,7.0,21.0,0.0,6.4,9.8,-3.4,-0.57
288,Connor Goldson, ENG,DF,Rangers,29,1992,79.0,79.0,3,0.0,0,0.88,1.0,10.0,1.8,2.3,8.8,-6.4,-1.84
289,Pierluigi Gollini, ITA,GK,Napoli,27,1995,0.0,0.0,0,0.0,4,0.0,0.0,0.0,0.0,0.0,0.0,0.0,0.0
290,André Gomes, POR,GK,Benfica,17,2004,0.0,0.0,0,0.0,3,0.0,0.0,0.0,0.0,0.0,0.0,0.0,0.0
291,Joe Gomez, ENG,DF,Liverpool,25,1997,60.0,74.0,2,1.0,3,1.8,12.0,9.0,0.05,6.3,6.4,-0.1,-0.04
292,Papu Gómez, ARG,"FW,MF",Sevilla,34,1988,49.0,64.0,0,27.0,1,0.8,2.0,4.0,0.49,1.7,4.6,-2.9,-1.06
293,Sergio Gómez, ESP,"DF,MF",Manchester City,21,2000,61.0,70.0,2,27.0,7,2.6,11.0,1.0,1.18,10.3,1.2,9.1,2.67
294,Antonio Gomis, ESP,GK,Atlético Madrid,19,2003,0.0,0.0,0,0.0,4,0.0,0.0,0.0,0.0,0.0,0.0,0.0,0.0
295,Diogo Gonçalves, POR,"FW,MF",Benfica,25,1997,10.0,0.0,0,10.0,2,2.67,2.0,0.0,3.35,0.7,0.5,0.2,0.46
296,Pedro Gonçalves, POR,"MF,FW",Sporting CP,24,1998,73.0,73.0,2,0.0,0,1.2,6.0,7.0,-0.25,2.5,5.7,-3.3,-0.81
297,Leon Goretzka, GER,MF,Bayern Munich,27,1995,67.0,76.0,4,38.0,1,2.44,18.0,4.0,1.47,13.9,6.9,7.0,1.04
298,Jay Gorter, NED,GK,Ajax,22,2000,0.0,0.0,0,0.0,6,0.0,0.0,0.0,0.0,0.0,0.0,0.0,0.0
299,Robin Gosens, GER,DF,Inter,28,1994,39.0,90.0,3,20.0,1,1.82,7.0,8.0,-1.3,8.4,6.3,2.1,0.44
300,Mario Götze, GER,"MF,FW",Eint Frankfurt,30,1992,75.0,85.0,3,13.0,0,1.29,6.0,10.0,0.22,5.3,8.8,-3.6,-0.61
301,Lucas Gourna-Douath, FRA,MF,RB Salzburg,18,2003,53.0,81.0,2,24.0,0,1.0,3.0,7.0,-1.14,4.1,4.6,-0.4,-0.13
302,Kamil Grabara, POL,GK,FC Copenhagen,23,1999,90.0,90.0,4,0.0,0,0.5,1.0,9.0,-0.5,3.6,8.1,-4.5,-1.13
303,Jens Grahl, GER,GK,Eint Frankfurt,33,1988,0.0,0.0,0,0.0,6,0.0,0.0,0.0,0.0,0.0,0.0,0.0,0.0
304,Ryan Gravenberch, NED,MF,Bayern Munich,20,2002,42.0,90.0,2,19.0,4,3.0,8.0,2.0,0.73,5.1,2.5,2.5,0.9
305,Ivo Grbić, CRO,GK,Atlético Madrid,26,1996,90.0,90.0,1,0.0,5,0.0,0.0,2.0,-1.6,0.9,1.8,-0.8,-0.83
306,Jack Grealish, ENG,FW,Manchester City,26,1995,72.0,77.0,7,10.0,0,2.23,23.0,5.0,-1.68,21.3,8.7,12.6,1.21
307,Antoine Griezmann, FRA,"FW,MF",Atlético Madrid,31,1991,68.0,87.0,3,29.0,0,0.83,5.0,9.0,-0.89,7.7,8.5,-0.8,-0.18
308,Florian Grillitsch, AUT,MF,Ajax,26,1995,12.0,0.0,0,12.0,1,0.6,2.0,3.0,-0.78,1.4,2.7,-1.3,-2.0
309,Álex Grimaldo, ESP,DF,Benfica,26,1995,90.0,90.0,10,0.0,0,2.36,26.0,13.0,0.0,19.2,11.0,8.2,0.82
310,Marko Grujić, SRB,MF,Porto,26,1996,70.0,90.0,3,8.0,3,1.75,3.0,2.0,-0.29,6.7,2.9,3.9,1.25
311,Nemanja Gudelj, SRB,"DF,MF",Sevilla,30,1991,83.0,90.0,5,46.0,0,0.83,5.0,12.0,-3.32,5.2,9.5,-4.3,-0.79
312,Gonçalo Guedes, POR,"FW,MF",Benfica,25,1996,22.0,0.0,0,22.0,2,2.0,3.0,1.0,3.03,0.9,0.1,0.8,1.69
313,Mattéo Guendouzi, FRA,MF,Marseille,23,1999,70.0,78.0,3,26.0,0,1.0,8.0,7.0,0.95,7.4,4.4,3.0,0.65
314,Raphaël Guerreiro, POR,DF,Dortmund,28,1993,80.0,87.0,3,45.0,0,1.67,9.0,5.0,0.75,7.8,7.8,0.0,0.0
315,Pape Gueye, SEN,MF,Marseille,23,1999,12.0,0.0,0,12.0,1,2.0,1.0,0.0,2.61,1.5,0.2,1.3,3.26
316,Péter Gulácsi, HUN,GK,RB Leipzig,32,1990,64.0,64.0,2,0.0,0,1.0,1.0,6.0,-2.68,2.2,2.0,0.2,0.11
317,İlkay Gündoğan, GER,MF,Manchester City,31,1990,76.0,80.0,8,29.0,0,2.23,23.0,5.0,-2.97,21.7,9.8,11.9,1.07
318,Joško Gvardiol, CRO,DF,RB Leipzig,20,2002,90.0,90.0,6,0.0,2,2.17,13.0,11.0,2.83,9.6,10.6,-1.0,-0.16
319,Erling Haaland, NOR,FW,Manchester City,22,2000,76.0,76.0,4,0.0,1,2.27,24.0,4.0,0.23,18.2,8.7,9.5,1.02
320,Amadou Haidara, MLI,MF,RB Leipzig,24,1998,48.0,75.0,0,13.0,1,1.43,5.0,8.0,-0.8,5.9,8.2,-2.3,-0.6
321,Achraf Hakimi, MAR,"DF,MF",Paris S-G,23,1998,73.0,82.0,5,8.0,0,1.75,14.0,8.0,0.93,8.2,8.0,0.2,0.03
322,Sead Haksabanović, MNE,"MF,FW",Celtic,23,1999,38.0,58.0,0,18.0,0,0.33,3.0,4.0,2.5,3.6,3.5,0.1,0.02
323,Lewis Hall, ENG,MF,Chelsea,17,2004,0.0,0.0,0,0.0,3,0.0,0.0,0.0,0.0,0.0,0.0,0.0,0.0
324,Sébastien Haller, CIV,FW,Dortmund,28,1994,72.0,72.0,0,0.0,0,1.5,1.0,2.0,-1.41,2.0,3.5,-1.5,-0.92
325,Marcel Halstenberg, GER,DF,RB Leipzig,30,1991,42.0,67.0,0,17.0,2,1.75,2.0,2.0,0.49,1.5,1.5,0.0,0.01
326,Samir Handanović, SVN,GK,Inter,38,1984,0.0,0.0,0,0.0,13,0.0,0.0,0.0,0.0,0.0,0.0,0.0,0.0
327,Amine Harit, MAR,MF,Marseille,25,1997,63.0,82.0,2,27.0,0,1.0,7.0,7.0,0.0,6.8,3.8,3.0,0.71
328,Joe Hart, ENG,GK,Celtic,35,1987,90.0,90.0,6,0.0,0,0.33,4.0,15.0,0.0,9.2,10.9,-1.7,-0.29
329,Makoto Hasebe, JPN,DF,Eint Frankfurt,38,1984,64.0,83.0,2,8.0,2,1.0,2.0,3.0,0.62,3.2,4.6,-1.4,-0.5
330,Reo Hatate, JPN,MF,Celtic,24,1997,75.0,75.0,0,0.0,0,0.33,3.0,12.0,0.15,6.9,9.1,-2.1,-0.43
331,Milan Havel, CZE,DF,Viktoria Plzeň,27,1994,71.0,78.0,3,34.0,0,1.33,2.0,21.0,-4.03,3.1,12.1,-9.1,-1.92
332,Kai Havertz, GER,"FW,MF",Chelsea,23,1999,62.0,81.0,4,18.0,0,1.6,7.0,6.0,-0.5,10.6,6.7,3.9,0.57
333,Eden Hazard, BEL,"FW,MF",Real Madrid,31,1991,44.0,56.0,0,38.0,8,1.33,4.0,2.0,0.32,3.6,2.4,1.3,0.86
334,Thorgan Hazard, BEL,"DF,FW",Dortmund,29,1993,40.0,58.0,0,13.0,1,1.8,1.0,1.0,-0.69,2.6,3.2,-0.6,-0.27
335,Dolev Haziz, ISR,DF,Maccabi Haifa,27,1995,70.0,90.0,2,31.0,0,1.22,2.0,6.0,1.03,3.0,3.5,-0.5,-0.2
336,Lukáš Hejda, CZE,DF,Viktoria Plzeň,32,1990,85.0,85.0,5,0.0,0,1.18,5.0,24.0,-3.34,5.4,14.6,-9.2,-1.62
337,Jordan Henderson, ENG,MF,Liverpool,32,1990,69.0,69.0,0,0.0,0,2.25,10.0,6.0,0.69,7.3,3.2,4.1,1.32
338,Jack Hendry, SCO,DF,Club Brugge,27,1995,90.0,90.0,1,0.0,0,0.0,0.0,2.0,-1.86,0.2,2.9,-2.7,-2.7
339,Benjamin Henrichs, GER,"DF,MF",RB Leipzig,25,1997,29.0,79.0,0,21.0,1,1.43,3.0,11.0,-4.43,2.3,7.4,-5.1,-2.27
340,Mario Hermoso, ESP,DF,Atlético Madrid,27,1995,53.0,68.0,1,23.0,3,1.33,3.0,5.0,-0.67,2.1,3.8,-1.8,-1.01
341,Lucas Hernández, FRA,DF,Bayern Munich,26,1996,87.0,87.0,1,0.0,0,3.0,4.0,0.0,0.6,4.2,2.7,1.4,0.74
342,Theo Hernández, FRA,DF,Milan,24,1997,86.0,86.0,8,0.0,0,1.64,14.0,8.0,1.9,15.1,12.6,2.5,0.24
343,Son Heung-min, KOR,"MF,FW",Tottenham,30,1992,77.0,77.0,3,0.0,0,1.5,6.0,3.0,2.2,8.3,6.8,1.5,0.22
344,Piero Hincapié, ECU,DF,Leverkusen,20,2002,90.0,90.0,5,0.0,0,0.8,4.0,8.0,-0.8,7.9,7.0,0.9,0.19
345,Adam Hložek, CZE,"MF,FW",Leverkusen,20,2002,46.0,76.0,0,16.0,0,0.83,2.0,3.0,0.69,4.1,2.9,1.3,0.41
346,Libor Holík, CZE,DF,Viktoria Plzeň,24,1998,48.0,90.0,2,28.0,0,1.33,4.0,11.0,2.15,4.0,7.1,-3.1,-0.96
347,Jannik Horz, GER,GK,Eint Frankfurt,19,2003,0.0,0.0,0,0.0,1,0.0,0.0,0.0,0.0,0.0,0.0,0.0,0.0
348,Lukáš Hrádecký, FIN,GK,Leverkusen,32,1989,90.0,90.0,6,0.0,0,0.83,4.0,8.0,0.0,9.0,7.5,1.5,0.26
349,Callum Hudson-Odoi, ENG,FW,Leverkusen,21,2000,77.0,77.0,0,0.0,0,0.83,4.0,7.0,0.55,8.1,5.2,2.9,0.57
350,Mats Hummels, GER,DF,Dortmund,33,1988,79.0,79.0,3,0.0,3,0.75,3.0,4.0,-1.4,2.6,4.1,-1.5,-0.42
351,Pierre Højbjerg, DEN,MF,Tottenham,26,1995,89.0,89.0,6,0.0,0,1.71,8.0,5.0,2.31,8.8,6.8,2.0,0.29
352,Arijon Ibrahimović, GER,FW,Bayern Munich,16,2005,0.0,0.0,0,0.0,4,0.0,0.0,0.0,0.0,0.0,0.0,0.0,0.0
353,Hubert Idasiak, POL,GK,Napoli,20,2002,0.0,0.0,0,0.0,9,0.0,0.0,0.0,0.0,0.0,0.0,0.0,0.0
354,Samuel Iling-Junior, ENG,DF,Juventus,18,2003,21.0,0.0,0,21.0,0,0.0,2.0,0.0,9.61,0.9,1.0,-0.1,-0.32
355,Gonçalo Inácio, POR,DF,Sporting CP,20,2001,90.0,90.0,6,0.0,0,1.17,8.0,9.0,0.0,3.8,9.8,-6.0,-1.01
356,Isco, ESP,"MF,FW",Sevilla,30,1992,67.0,73.0,1,32.0,0,0.83,5.0,7.0,2.1,4.4,7.9,-3.5,-0.79
357,Franco Israel, URU,GK,Sporting CP,22,2000,78.0,90.0,1,65.0,4,0.0,0.0,4.0,-3.02,0.3,4.4,-4.1,-2.35
358,Luka Ivanušec, CRO,MF,Dinamo Zagreb,23,1998,87.0,87.0,4,0.0,0,1.42,4.0,11.0,-1.2,3.9,12.0,-8.1,-1.4
359,Ryan Jack, SCO,MF,Rangers,30,1992,48.0,61.0,0,35.0,0,0.0,1.0,3.0,3.7,2.2,3.6,-1.5,-0.68
360,Kristijan Jakić, CRO,DF,Eint Frankfurt,25,1997,77.0,86.0,4,17.0,0,1.25,7.0,10.0,2.16,6.6,9.9,-3.3,-0.48
361,Reece James, ENG,"DF,MF",Chelsea,22,1999,86.0,86.0,7,0.0,0,1.25,8.0,7.0,-0.73,11.7,8.1,3.6,0.47
362,Justin Janitzek, GER,DF,Bayern Munich,18,2004,0.0,0.0,0,0.0,1,0.0,0.0,0.0,0.0,0.0,0.0,0.0,0.0
363,Adnan Januzaj, BEL,"FW,MF",Sevilla,27,1995,17.0,0.0,0,17.0,3,0.67,0.0,1.0,-0.81,0.6,0.8,-0.3,-0.44
364,Luis Javier Suárez, COL,FW,Marseille,24,1997,29.0,69.0,0,15.0,2,0.0,0.0,1.0,-1.0,1.4,1.6,-0.2,-0.14
365,Martin Jedlička, CZE,GK,Viktoria Plzeň,24,1998,0.0,0.0,0,0.0,6,0.0,0.0,0.0,0.0,0.0,0.0,0.0,0.0
366,Elias Jelert, DEN,"DF,MF",FC Copenhagen,19,2003,48.0,85.0,1,11.0,2,0.5,0.0,2.0,1.39,1.3,2.3,-1.1,-0.5
367,Václav Jemelka, CZE,DF,Viktoria Plzeň,27,1995,60.0,69.0,1,43.0,0,0.5,2.0,18.0,-2.48,3.4,10.3,-6.9,-1.72
368,Valdemar Jensen, DEN,DF,FC Copenhagen,19,2003,76.0,86.0,2,45.0,1,0.6,1.0,4.0,2.16,3.1,5.4,-2.3,-0.67
369,Moritz Jenz, GER,DF,Celtic,23,1999,90.0,90.0,6,0.0,0,0.33,4.0,15.0,0.0,9.2,10.9,-1.7,-0.29
370,Juan Jesus, BRA,DF,Napoli,31,1991,68.0,90.0,2,25.0,7,2.33,5.0,3.0,-1.19,5.4,3.7,1.7,0.73
371,Erik Jirka, SVK,"FW,MF",Viktoria Plzeň,24,1997,44.0,68.0,1,33.0,0,0.5,4.0,8.0,3.57,3.9,7.2,-3.3,-1.11
372,Ísak Jóhannesson, ISL,"FW,MF",FC Copenhagen,19,2003,58.0,79.0,1,27.0,1,1.0,0.0,6.0,-0.06,2.1,6.1,-3.9,-1.21
373,Karl-Johan Johnsson, SWE,GK,FC Copenhagen,32,1990,0.0,0.0,0,0.0,6,0.0,0.0,0.0,0.0,0.0,0.0,0.0,0.0
374,Curtis Jones, ENG,"FW,MF",Liverpool,21,2001,50.0,72.0,0,28.0,2,3.0,0.0,0.0,-1.02,0.6,0.7,-0.1,-0.1
375,Frenkie de Jong, NED,MF,Barcelona,25,1997,59.0,90.0,2,29.0,1,1.0,7.0,5.0,1.35,4.3,4.3,0.0,-0.01
376,Joan Jordán, ESP,MF,Sevilla,28,1994,43.0,83.0,1,24.0,0,0.83,4.0,9.0,-1.41,3.3,6.5,-3.2,-1.12
377,Jorginho, ITA,MF,Chelsea,30,1991,70.0,90.0,4,29.0,0,2.17,7.0,3.0,1.05,8.1,3.4,4.7,1.0
378,Jota, POR,FW,Celtic,23,1999,71.0,85.0,1,29.0,0,0.25,3.0,8.0,0.54,3.9,4.8,-1.0,-0.3
379,Diogo Jota, POR,"FW,MF",Liverpool,25,1996,44.0,63.0,0,25.0,0,1.5,7.0,2.0,1.32,5.6,2.5,3.1,1.05
380,Andreas Jungdal, DEN,GK,Milan,20,2002,0.0,0.0,0,0.0,6,0.0,0.0,0.0,0.0,0.0,0.0,0.0,0.0
381,Vinicius Júnior, BRA,FW,Real Madrid,22,2000,81.0,85.0,7,34.0,0,2.17,24.0,11.0,1.2,20.8,14.6,6.2,0.58
382,Josip Juranović, CRO,DF,Celtic,26,1995,90.0,90.0,6,0.0,0,0.33,4.0,15.0,0.0,9.2,10.9,-1.7,-0.29
383,Jutglà, ESP,FW,Club Brugge,23,1999,64.0,78.0,1,21.0,0,1.38,7.0,7.0,1.29,5.9,10.6,-4.8,-0.84
384,Issa Kaboré, BFA,DF,Marseille,21,2001,28.0,0.0,0,28.0,2,1.5,1.0,1.0,0.0,3.2,0.6,2.6,2.1
385,Pierre Kalulu, FRA,DF,Milan,22,2000,75.0,89.0,7,18.0,2,1.4,12.0,8.0,0.48,12.2,8.6,3.6,0.43
386,Lukáš Kalvach, CZE,MF,Viktoria Plzeň,27,1995,82.0,82.0,3,0.0,0,1.33,5.0,23.0,-1.42,5.1,14.2,-9.0,-1.66
387,Daichi Kamada, JPN,"MF,FW",Eint Frankfurt,25,1996,87.0,87.0,5,0.0,0,1.25,6.0,13.0,-4.66,7.4,12.0,-4.6,-0.59
388,Glen Kamara, FIN,MF,Rangers,26,1995,32.0,77.0,0,17.0,0,0.88,1.0,6.0,-0.27,2.0,3.6,-1.6,-1.14
389,Dijon Kameri, KVX,MF,RB Salzburg,18,2004,30.0,64.0,0,19.0,0,0.5,2.0,2.0,0.86,2.3,1.5,0.7,0.56
390,Kevin Kampl, SVN,MF,RB Leipzig,31,1990,55.0,83.0,2,12.0,3,1.8,6.0,11.0,-2.05,4.3,6.3,-2.0,-0.66
391,Harry Kane, ENG,FW,Tottenham,29,1993,90.0,90.0,8,0.0,0,1.5,8.0,7.0,0.0,10.0,8.8,1.2,0.15
392,N'Golo Kanté, FRA,MF,Chelsea,31,1991,82.0,82.0,1,0.0,0,0.0,0.0,4.0,-3.05,2.4,3.9,-1.5,-0.81
393,Ahmetcan Kaplan, TUR,DF,Ajax,19,2003,0.0,0.0,0,0.0,3,0.0,0.0,0.0,0.0,0.0,0.0,0.0,0.0
394,Mamoudou Karamoko, FRA,FW,FC Copenhagen,22,1999,45.0,45.0,0,0.0,3,0.5,0.0,3.0,-4.55,0.0,2.2,-2.2,-4.31
395,Moise Kean, ITA,"FW,MF",Juventus,22,2000,22.0,45.0,0,17.0,0,0.6,2.0,4.0,-1.2,2.7,3.6,-0.9,-0.77
396,Naby Keïta, GUI,MF,Liverpool,27,1995,0.0,0.0,0,0.0,2,0.0,0.0,0.0,0.0,0.0,0.0,0.0,0.0
397,Caoimhín Kelleher, IRL,GK,Liverpool,23,1998,0.0,0.0,0,0.0,6,0.0,0.0,0.0,0.0,0.0,0.0,0.0,0.0
398,Ryan Kent, ENG,"FW,MF",Rangers,25,1996,85.0,85.0,3,0.0,0,0.78,1.0,18.0,5.16,3.0,13.2,-10.2,-1.81
399,Franck Kessié, CIV,MF,Barcelona,25,1996,46.0,79.0,1,13.0,0,1.17,10.0,7.0,2.0,5.6,6.1,-0.5,-0.16
400,Davit Khocholava, GEO,DF,FC Copenhagen,29,1993,86.0,86.0,2,0.0,0,0.86,0.0,10.0,-1.3,3.0,9.7,-6.7,-1.42
401,Joshua Kimmich, GER,MF,Bayern Munich,27,1995,90.0,90.0,9,0.0,0,2.44,17.0,6.0,-3.78,16.9,10.4,6.5,0.72
402,Presnel Kimpembe, FRA,DF,Paris S-G,26,1995,49.0,90.0,1,29.0,0,2.0,3.0,2.0,-0.17,3.0,1.8,1.1,0.68
403,Leon King, SCO,DF,Rangers,18,2004,62.0,85.0,2,40.0,0,0.0,1.0,17.0,-1.68,2.9,10.8,-7.9,-1.9
404,Simon Kjær, DEN,DF,Milan,33,1989,85.0,85.0,5,0.0,4,2.17,11.0,3.0,2.05,10.4,8.1,2.3,0.41
405,Maurits Kjærgaard, DEN,MF,RB Salzburg,19,2003,83.0,83.0,5,0.0,0,1.0,4.0,8.0,-0.73,8.0,6.4,1.7,0.3
406,Davy Klaassen, NED,MF,Ajax,29,1993,42.0,74.0,1,22.0,1,1.2,3.0,9.0,-2.82,3.3,7.3,-4.0,-1.73
407,Jan Kliment, CZE,FW,Viktoria Plzeň,28,1993,45.0,0.0,0,45.0,1,2.17,2.0,0.0,7.82,0.8,1.1,-0.3,-0.67
408,Lukas Klostermann, GER,DF,RB Leipzig,26,1996,28.0,45.0,0,11.0,0,0.5,0.0,2.0,-3.08,0.1,0.7,-0.7,-1.06
409,Ansgar Knauff, GER,"DF,FW",Eint Frankfurt,20,2002,49.0,80.0,2,17.0,0,1.17,2.0,2.0,1.26,3.8,5.0,-1.1,-0.35
410,Gregor Kobel, SUI,GK,Dortmund,24,1997,79.0,79.0,3,0.0,2,1.5,3.0,2.0,-0.38,3.5,5.3,-1.8,-0.52
411,Philipp Köhn, SUI,GK,RB Salzburg,24,1998,90.0,90.0,6,0.0,0,1.0,5.0,9.0,0.0,8.3,6.9,1.4,0.23
412,Sekou Koita, MLI,FW,RB Salzburg,22,1999,10.0,0.0,0,10.0,1,0.5,0.0,1.0,-3.98,0.4,0.3,0.1,0.35
413,Koke, ESP,MF,Atlético Madrid,30,1992,82.0,82.0,3,0.0,0,1.0,2.0,5.0,-0.39,4.9,5.5,-0.6,-0.16
414,Sead Kolašinac, BIH,DF,Marseille,29,1993,38.0,81.0,0,23.0,0,0.0,0.0,4.0,-3.31,1.9,2.0,-0.1,-0.08
415,Randal Kolo Muani, FRA,FW,Eint Frankfurt,23,1998,74.0,74.0,1,0.0,0,1.43,6.0,9.0,0.79,5.8,8.6,-2.8,-0.49
416,Ibrahima Konaté, FRA,DF,Liverpool,23,1999,86.0,86.0,2,0.0,2,2.0,6.0,2.0,0.81,4.8,3.1,1.7,0.59
417,Geoffrey Kondogbia, CTA,MF,Atlético Madrid,29,1993,75.0,90.0,2,45.0,3,0.67,2.0,3.0,0.46,6.4,2.4,4.0,1.6
418,Yukhym Konoplia, UKR,DF,Shakhtar,22,1999,84.0,84.0,4,0.0,1,1.0,7.0,7.0,1.48,2.7,8.4,-5.8,-1.24
419,Jan Kopic, CZE,"FW,MF",Viktoria Plzeň,32,1990,41.0,41.0,0,0.0,0,2.0,0.0,7.0,-5.42,0.5,2.6,-2.1,-2.36
420,Odilon Kossonou, CIV,DF,Leverkusen,21,2001,86.0,86.0,4,0.0,1,1.0,4.0,6.0,1.19,7.4,6.3,1.1,0.23
421,Filip Kostić, SRB,"DF,FW",Juventus,29,1992,71.0,77.0,2,45.0,0,0.5,6.0,10.0,-0.84,6.4,7.5,-1.1,-0.24
422,Kalidou Koulibaly, SEN,DF,Chelsea,31,1991,81.0,81.0,5,0.0,1,1.71,9.0,4.0,1.33,10.0,6.4,3.6,0.58
423,Jules Koundé, FRA,DF,Barcelona,23,1998,82.0,82.0,2,0.0,0,1.0,5.0,5.0,0.0,4.6,4.0,0.6,0.21
424,Mateo Kovačić, CRO,MF,Chelsea,28,1994,78.0,78.0,3,0.0,1,1.63,10.0,7.0,0.43,10.4,7.6,2.8,0.41
425,Eduard Kozik, UKR,DF,Shakhtar,19,2003,0.0,0.0,0,0.0,6,0.0,0.0,0.0,0.0,0.0,0.0,0.0,0.0
426,Adam Kronus, CZE,FW,Viktoria Plzeň,20,2002,3.0,0.0,0,3.0,0,0.0,0.0,0.0,3.18,0.3,0.0,0.3,8.07
427,Toni Kroos, GER,MF,Real Madrid,32,1990,70.0,83.0,4,7.0,0,2.17,18.0,8.0,-0.07,16.8,11.0,5.7,0.61
428,Rade Krunić, BIH,"MF,FW",Milan,28,1993,75.0,86.0,7,26.0,0,1.55,8.0,9.0,-1.86,12.0,12.2,-0.2,-0.02
429,Dmytro Kryskiv, UKR,MF,Shakhtar,21,2000,10.0,0.0,0,10.0,5,0.0,0.0,0.0,0.34,0.1,0.0,0.1,1.13
430,Serhiy Kryvtsov, UKR,DF,Shakhtar,31,1991,3.0,0.0,0,3.0,4,2.0,0.0,0.0,0.34,0.0,0.4,-0.4,-5.96
431,Andrii Kulakov, UKR,FW,Shakhtar,23,1999,0.0,0.0,0,0.0,3,0.0,0.0,0.0,0.0,0.0,0.0,0.0,0.0
432,Dejan Kulusevski, SWE,"MF,DF",Tottenham,22,2000,50.0,76.0,0,25.0,0,1.0,2.0,3.0,-0.8,1.8,2.3,-0.5,-0.24
433,Khvicha Kvaratskhelia, GEO,FW,Napoli,21,2001,77.0,77.0,1,0.0,1,2.11,20.0,5.0,0.65,19.2,9.3,9.9,1.29
434,Konrad Laimer, AUT,"MF,FW",RB Leipzig,25,1997,87.0,87.0,2,0.0,0,0.33,2.0,11.0,-4.28,2.3,6.0,-3.6,-1.26
435,Érik Lamela, ARG,"FW,MF",Sevilla,30,1992,56.0,82.0,1,38.0,0,1.0,5.0,4.0,2.73,3.3,3.6,-0.3,-0.1
436,Senne Lammens, BEL,GK,Club Brugge,20,2002,0.0,0.0,0,0.0,6,0.0,0.0,0.0,0.0,0.0,0.0,0.0,0.0
437,Noa Lang, NED,FW,Club Brugge,23,1999,73.0,73.0,2,0.0,2,0.25,0.0,8.0,-3.53,2.3,8.5,-6.2,-1.91
438,Aymeric Laporte, ESP,DF,Manchester City,28,1994,73.0,89.0,2,25.0,6,2.0,8.0,2.0,-0.3,7.8,2.3,5.5,1.7
439,Cyle Larin, CAN,"FW,MF",Club Brugge,27,1995,12.0,0.0,0,12.0,4,1.0,0.0,0.0,0.38,0.0,0.0,0.0,-0.08
440,Rasmus Lauritsen, DEN,DF,Dinamo Zagreb,26,1996,15.0,0.0,0,15.0,5,2.25,0.0,0.0,1.2,0.0,0.5,-0.5,-3.22
441,Neta Lavi, ISR,MF,Maccabi Haifa,25,1996,78.0,90.0,5,19.0,0,1.17,7.0,19.0,0.23,5.8,8.0,-2.2,-0.42
442,Rafael Leão, POR,"FW,MF",Milan,23,1999,82.0,82.0,4,0.0,0,1.64,14.0,8.0,1.64,14.1,11.2,2.9,0.28
443,Helton Leite, BRA,GK,Benfica,31,1990,0.0,0.0,0,0.0,6,0.0,0.0,0.0,0.0,0.0,0.0,0.0,0.0
444,Thomas Lemar, FRA,MF,Atlético Madrid,26,1995,52.0,59.0,0,45.0,1,2.0,2.0,1.0,1.9,1.6,2.1,-0.5,-0.44
445,Clément Lenglet, FRA,DF,Tottenham,27,1995,73.0,83.0,3,9.0,1,1.71,5.0,4.0,0.18,7.4,6.8,0.6,0.11
446,Christopher Lenz, GER,DF,Eint Frankfurt,27,1994,45.0,56.0,0,1.0,1,0.6,3.0,7.0,-1.24,3.2,5.5,-2.3,-0.93
447,Lukas Lerager, DEN,MF,FC Copenhagen,29,1993,75.0,88.0,4,12.0,0,0.88,1.0,12.0,-2.2,4.2,10.3,-6.1,-1.23
448,Alexandre Letellier, FRA,GK,Paris S-G,31,1990,0.0,0.0,0,0.0,4,0.0,0.0,0.0,0.0,0.0,0.0,0.0,0.0
449,Maor Levi, ISR,MF,Maccabi Haifa,22,2000,0.0,0.0,0,0.0,6,0.0,0.0,0.0,0.0,0.0,0.0,0.0,0.0
450,Robert Lewandowski, POL,FW,Barcelona,33,1988,88.0,88.0,4,0.0,0,0.8,8.0,9.0,-1.11,7.5,6.3,1.2,0.25
451,Rico Lewis, ENG,DF,Manchester City,17,2004,60.0,84.0,0,35.0,11,3.0,4.0,1.0,0.21,3.0,0.8,2.2,1.66
452,Matthijs de Ligt, NED,DF,Bayern Munich,22,1999,88.0,88.0,6,0.0,1,2.29,14.0,4.0,-0.42,13.0,6.7,6.3,0.92
453,Jesper Lindstrøm, DEN,"MF,FW",Eint Frankfurt,22,2000,73.0,73.0,1,0.0,0,1.43,5.0,9.0,0.14,4.9,9.2,-4.3,-0.76
454,Dominik Livaković, CRO,GK,Dinamo Zagreb,27,1995,90.0,90.0,6,0.0,0,1.42,4.0,11.0,0.0,4.2,12.5,-8.3,-1.39
455,Robert Ljubicic, AUT,"FW,DF",Dinamo Zagreb,23,1999,90.0,90.0,6,0.0,0,1.42,4.0,11.0,0.0,4.2,12.5,-8.3,-1.39
456,Marcos Llorente, ESP,"MF,FW",Atlético Madrid,27,1995,71.0,71.0,2,0.0,0,1.0,2.0,3.0,0.4,2.3,3.8,-1.5,-0.65
457,Hugo Lloris, FRA,GK,Tottenham,35,1986,90.0,90.0,6,0.0,0,1.83,8.0,6.0,0.83,9.1,5.7,3.4,0.57
458,Danny Loader, ENG,"FW,MF",Porto,21,2000,17.0,0.0,0,17.0,5,1.33,0.0,3.0,-6.14,1.2,1.6,-0.3,-0.6
459,Stanislav Lobotka, SVK,MF,Napoli,27,1994,87.0,87.0,7,0.0,0,2.2,25.0,6.0,5.29,24.5,11.2,13.3,1.37
460,Manuel Locatelli, ITA,MF,Juventus,24,1998,44.0,87.0,1,16.0,0,0.6,5.0,7.0,-0.24,5.0,6.1,-1.1,-0.36
461,Ruben Loftus-Cheek, ENG,MF,Chelsea,26,1996,41.0,90.0,2,21.0,3,2.29,3.0,2.0,0.02,5.6,3.0,2.6,0.83
462,Niklas Lomb, GER,GK,Leverkusen,29,1993,0.0,0.0,0,0.0,6,0.0,0.0,0.0,0.0,0.0,0.0,0.0,0.0
463,Alberto López, ESP,GK,Sevilla,18,2003,0.0,0.0,0,0.0,6,0.0,0.0,0.0,0.0,0.0,0.0,0.0,0.0
464,Luis López, ESP,GK,Real Madrid,21,2001,0.0,0.0,0,0.0,9,0.0,0.0,0.0,0.0,0.0,0.0,0.0,0.0
465,Pau López, ESP,GK,Marseille,27,1994,90.0,90.0,6,0.0,0,1.0,8.0,8.0,0.0,8.6,5.1,3.5,0.59
466,Alexander lowry, SCO,MF,Rangers,19,2003,8.0,0.0,0,8.0,1,0.0,1.0,1.0,3.38,1.6,0.5,1.0,11.71
467,Hirving Lozano, MEX,FW,Napoli,27,1995,52.0,78.0,1,31.0,0,2.11,13.0,6.0,-0.94,11.0,6.5,4.5,0.86
468,Lorenzo Lucca, ITA,FW,Ajax,21,2000,0.0,0.0,0,0.0,6,0.0,0.0,0.0,0.0,0.0,0.0,0.0,0.0
469,Florentino Luís, POR,MF,Benfica,22,1999,86.0,86.0,8,0.0,0,2.36,26.0,12.0,3.66,18.5,9.9,8.6,0.9
470,Romelu Lukaku, BEL,FW,Inter,29,1993,23.0,0.0,0,23.0,0,2.13,5.0,3.0,0.42,5.2,2.8,2.4,1.19
471,John Lundstram, ENG,"MF,DF",Rangers,28,1994,90.0,90.0,5,0.0,0,0.78,1.0,19.0,-1.6,3.1,12.5,-9.4,-1.89
472,Andriy Lunin, UKR,GK,Real Madrid,23,1999,90.0,90.0,2,0.0,10,2.0,3.0,2.0,-0.7,4.5,1.3,3.2,1.58
473,Andrey Lunyov, RUS,GK,Leverkusen,30,1991,0.0,0.0,0,0.0,4,0.0,0.0,0.0,0.0,0.0,0.0,0.0,0.0
474,Mahir Madatov, AZE,FW,Dinamo Zagreb,25,1997,21.0,0.0,0,21.0,5,1.0,0.0,0.0,1.21,0.2,1.5,-1.3,-5.5
475,Daizen Maeda, JPN,FW,Celtic,24,1997,55.0,71.0,0,39.0,0,0.33,1.0,10.0,-1.6,6.3,7.7,-1.5,-0.41
476,Lisandro Magallán, ARG,DF,Ajax,28,1993,0.0,0.0,0,0.0,6,0.0,0.0,0.0,0.0,0.0,0.0,0.0,0.0
477,Riyad Mahrez, ALG,"FW,MF",Manchester City,31,1991,56.0,74.0,3,20.0,4,2.33,13.0,3.0,-0.53,11.6,3.9,7.7,1.37
478,Mike Maignan, FRA,GK,Milan,27,1995,90.0,90.0,7,0.0,0,1.29,6.0,6.0,-0.8,9.0,8.5,0.4,0.06
479,Donyell Malen, NED,"FW,MF",Dortmund,23,1999,41.0,80.0,1,22.0,1,1.0,3.0,4.0,-1.32,2.4,3.7,-1.3,-0.46
480,Reinildo Mandava, MOZ,DF,Atlético Madrid,28,1994,85.0,85.0,5,0.0,0,0.83,5.0,7.0,5.85,9.4,8.9,0.4,0.07
481,Sadio Mané, SEN,FW,Bayern Munich,30,1992,61.0,82.0,4,20.0,0,2.44,19.0,4.0,2.19,14.5,6.2,8.3,1.35
482,Nico Mantl, GER,GK,RB Salzburg,22,2000,0.0,0.0,0,0.0,6,0.0,0.0,0.0,0.0,0.0,0.0,0.0,0.0
483,Iván Marcano, ESP,DF,Porto,35,1987,90.0,90.0,3,0.0,4,1.33,2.0,2.0,-0.8,6.0,2.9,3.2,1.06
484,Marcão, BRA,DF,Sevilla,26,1996,74.0,74.0,1,0.0,0,1.33,5.0,1.0,4.45,2.1,2.2,-0.1,-0.05
485,José María Giménez, URU,DF,Atlético Madrid,27,1995,80.0,80.0,3,0.0,0,1.0,5.0,6.0,1.72,6.1,7.6,-1.5,-0.34
486,Mariano, DOM,FW,Real Madrid,28,1993,6.0,0.0,0,6.0,9,3.0,1.0,0.0,13.99,0.1,0.1,0.0,-0.07
487,Antonio Marin, CRO,FW,Dinamo Zagreb,21,2001,7.0,0.0,0,7.0,5,0.0,0.0,0.0,1.18,0.0,0.0,0.0,-0.51
488,João Mário, POR,FW,Benfica,29,1993,86.0,86.0,3,0.0,0,2.36,24.0,12.0,-1.05,18.7,10.3,8.4,0.88
489,João Mário Lopes, POR,DF,Porto,22,2000,54.0,60.0,0,29.0,1,1.2,2.0,4.0,-1.87,4.3,6.1,-1.8,-0.61
490,Marquinhos, BRA,DF,Paris S-G,28,1994,82.0,82.0,6,0.0,0,1.75,15.0,8.0,2.31,9.6,8.4,1.2,0.16
491,José Marsà, ESP,DF,Sporting CP,20,2002,51.0,0.0,0,51.0,4,0.0,0.0,1.0,-0.89,0.3,2.4,-2.1,-1.87
492,Mario Martín, ESP,MF,Real Madrid,18,2004,0.0,0.0,0,0.0,1,0.0,0.0,0.0,0.0,0.0,0.0,0.0,0.0
493,Lautaro Martínez, ARG,FW,Inter,24,1997,77.0,82.0,6,19.0,0,1.85,14.0,8.0,-0.5,13.8,13.2,0.6,0.05
494,Toni Martínez, ESP,FW,Porto,25,1997,16.0,0.0,0,16.0,1,1.86,2.0,6.0,-4.37,3.2,3.0,0.2,0.14
495,Gabriel Marušić, CRO,DF,Bayern Munich,19,2003,0.0,0.0,0,0.0,1,0.0,0.0,0.0,0.0,0.0,0.0,0.0,0.0
496,Roei Mashpati, ISR,GK,Maccabi Haifa,29,1992,0.0,0.0,0,0.0,6,0.0,0.0,0.0,0.0,0.0,0.0,0.0,0.0
497,Clinton Mata, ANG,DF,Club Brugge,29,1992,53.0,76.0,1,7.0,1,0.33,0.0,5.0,-3.17,0.9,5.9,-5.0,-2.84
498,Pape Matar Sarr, SEN,MF,Tottenham,19,2002,90.0,90.0,1,0.0,6,0.0,0.0,1.0,-1.29,0.4,1.7,-1.3,-1.27
499,Joël Matip, CMR,DF,Liverpool,30,1991,61.0,90.0,2,32.0,1,1.5,5.0,2.0,0.36,5.5,1.7,3.9,1.44
500,Rabbi Matondo, WAL,"MF,FW",Rangers,21,2000,19.0,0.0,0,19.0,1,0.43,1.0,7.0,-2.72,2.0,2.8,-0.8,-0.74
501,Mykola Matviyenko, UKR,DF,Shakhtar,26,1996,90.0,90.0,6,0.0,0,1.0,8.0,10.0,0.0,3.7,10.9,-7.1,-1.19
502,Philipp Max, GER,DF,Eint Frankfurt,28,1993,57.0,89.0,0,24.0,0,0.0,0.0,2.0,-1.0,0.6,2.7,-2.1,-1.7
503,Eric Maxim Choupo-Moting, CMR,FW,Bayern Munich,33,1989,62.0,69.0,0,45.0,2,2.71,8.0,3.0,-1.09,8.4,4.4,3.9,0.81
504,Noussair Mazraoui, MAR,DF,Bayern Munich,24,1997,78.0,81.0,2,70.0,4,3.0,14.0,2.0,2.05,9.7,3.9,5.8,1.34
505,Kylian Mbappé, FRA,FW,Paris S-G,23,1998,81.0,88.0,5,34.0,0,1.75,15.0,9.0,0.83,10.1,9.4,0.7,0.1
506,Chancel Mbemba, COD,DF,Marseille,27,1994,81.0,81.0,4,0.0,0,1.2,8.0,5.0,2.68,7.5,2.8,4.8,1.06
507,James McCarthy, IRL,MF,Celtic,31,1990,9.0,0.0,0,9.0,4,0.0,0.0,0.0,1.86,0.0,0.3,-0.3,-2.64
508,Robby McCrorie, SCO,GK,Rangers,24,1998,0.0,0.0,0,0.0,6,0.0,0.0,0.0,0.0,0.0,0.0,0.0,0.0
509,Allan McGregor, SCO,GK,Rangers,40,1982,90.0,90.0,5,0.0,1,0.0,2.0,18.0,0.8,4.8,12.2,-7.5,-1.49
510,Callum McGregor, SCO,MF,Celtic,29,1993,72.0,72.0,2,0.0,0,0.33,1.0,5.0,0.28,3.3,2.5,0.8,0.33
511,Weston McKennie, USA,MF,Juventus,23,1998,72.0,79.0,3,45.0,0,0.6,8.0,9.0,1.25,6.4,9.5,-3.2,-0.79
512,Jon McLaughlin, SCO,GK,Rangers,34,1987,90.0,90.0,1,0.0,4,1.4,0.0,4.0,-0.8,0.1,2.1,-2.0,-1.96
513,Brandon Mechele, BEL,DF,Club Brugge,29,1993,90.0,90.0,8,0.0,0,1.38,8.0,11.0,0.0,8.0,16.9,-8.9,-1.12
514,Bjorn Meijer, NED,DF,Club Brugge,19,2003,72.0,85.0,4,31.0,0,1.38,7.0,7.0,1.82,5.7,12.4,-6.7,-1.05
515,Raz Meir, ISR,"DF,MF",Maccabi Haifa,25,1996,42.0,62.0,0,21.0,2,0.0,1.0,3.0,0.19,1.4,1.8,-0.4,-0.44
516,Arthur Melo, BRA,MF,Liverpool,25,1996,14.0,0.0,0,14.0,1,0.0,0.0,0.0,-0.89,0.1,0.3,-0.2,-1.0
517,Memphis, NED,FW,Barcelona,28,1994,16.0,0.0,0,16.0,1,3.0,0.0,0.0,0.0,0.0,0.1,-0.1,-0.43
518,Sun Menachem, ISR,DF,Maccabi Haifa,28,1993,15.0,0.0,0,15.0,2,1.44,0.0,3.0,-2.52,0.2,1.7,-1.5,-2.28
519,Luka Menalo, BIH,MF,Dinamo Zagreb,26,1996,0.0,0.0,0,0.0,2,2.5,0.0,0.0,0.0,0.0,0.0,0.0,0.0
520,Nuno Mendes, POR,"DF,MF",Paris S-G,20,2002,73.0,83.0,3,23.0,1,1.67,7.0,5.0,-0.87,6.3,5.6,0.7,0.15
521,Edouard Mendy, SEN,GK,Chelsea,30,1992,90.0,90.0,1,0.0,6,3.0,2.0,1.0,0.78,2.7,0.9,1.8,1.79
522,Ferland Mendy, FRA,DF,Real Madrid,27,1995,69.0,84.0,3,10.0,3,2.6,11.0,3.0,1.46,9.9,4.7,5.1,1.33
523,Alex Meret, ITA,GK,Napoli,25,1997,90.0,90.0,10,0.0,0,2.2,26.0,8.0,0.0,25.2,13.0,12.2,1.22
524,Lionel Messi, ARG,"FW,MF",Paris S-G,35,1987,88.0,88.0,5,0.0,0,1.86,15.0,9.0,0.88,9.1,8.8,0.2,0.03
525,Junior Messias, BRA,"FW,DF",Milan,31,1991,35.0,65.0,0,27.0,2,1.67,1.0,2.0,-0.87,3.8,4.2,-0.4,-0.12
526,Sergio Mestre, ESP,GK,Atlético Madrid,17,2005,0.0,0.0,0,0.0,3,0.0,0.0,0.0,0.0,0.0,0.0,0.0,0.0
527,Thomas Meunier, BEL,DF,Dortmund,30,1991,88.0,88.0,3,0.0,2,1.75,9.0,4.0,1.52,5.8,4.3,1.5,0.4
528,Alexander Meyer, GER,GK,Dortmund,31,1991,81.0,90.0,4,45.0,3,1.4,8.0,5.0,0.38,7.0,6.1,0.9,0.2
529,Simon Mignolet, BEL,GK,Club Brugge,34,1988,90.0,90.0,8,0.0,0,1.38,8.0,11.0,0.0,8.0,16.9,-8.9,-1.12
530,Arkadiusz Milik, POL,FW,Juventus,28,1994,68.0,75.0,1,56.0,1,0.0,5.0,8.0,-0.35,4.0,6.0,-2.0,-0.53
531,Éder Militão, BRA,DF,Real Madrid,24,1998,83.0,83.0,7,0.0,0,2.2,20.0,11.0,0.0,17.9,12.9,5.1,0.61
532,James Milner, ENG,MF,Liverpool,36,1986,30.0,60.0,0,12.0,0,1.88,4.0,4.0,-1.32,2.0,5.6,-3.6,-1.34
533,Kim Min-jae, KOR,DF,Napoli,25,1996,87.0,87.0,8,0.0,0,2.33,25.0,7.0,2.06,23.0,10.9,12.1,1.39
534,Rafa Mir, ESP,"MF,FW",Sevilla,25,1997,52.0,90.0,1,33.0,3,1.0,3.0,6.0,-1.03,1.2,4.9,-3.6,-2.09
535,Antonio Mirante, ITA,GK,Milan,39,1983,0.0,0.0,0,0.0,11,0.0,0.0,0.0,0.0,0.0,0.0,0.0,0.0
536,Fabio Miretti, ITA,"MF,FW",Juventus,18,2003,42.0,58.0,0,19.0,1,0.6,4.0,6.0,-0.3,3.2,4.3,-1.0,-0.43
537,Josip Mišić, CRO,MF,Dinamo Zagreb,28,1994,87.0,87.0,4,0.0,0,1.27,4.0,11.0,-1.21,3.8,11.7,-7.9,-1.37
538,Henrikh Mkhitaryan, ARM,MF,Inter,33,1989,70.0,79.0,6,19.0,0,1.85,16.0,9.0,0.35,13.9,12.5,1.4,0.14
539,Anthony Modeste, FRA,FW,Dortmund,34,1988,48.0,74.0,1,14.0,1,1.71,5.0,2.0,0.56,4.0,4.0,0.0,-0.01
540,Luka Modrić, CRO,MF,Real Madrid,36,1985,74.0,79.0,1,34.0,1,2.3,20.0,5.0,2.35,14.8,10.5,4.3,0.52
541,Ali Mohamed, NIG,MF,Maccabi Haifa,26,1995,71.0,71.0,0,0.0,1,1.27,6.0,13.0,1.65,4.9,6.1,-1.2,-0.31
542,Kudus Mohammed, GHA,FW,Ajax,21,2000,75.0,83.0,2,33.0,0,1.0,10.0,11.0,3.71,6.6,8.7,-2.0,-0.4
543,Sadegh Moharrami, IRN,"FW,DF",Dinamo Zagreb,26,1996,68.0,79.0,2,12.0,0,1.4,3.0,9.0,-0.64,3.3,10.0,-6.7,-1.47
544,Nahuel Molina, ARG,"DF,MF",Atlético Madrid,24,1998,78.0,78.0,4,0.0,0,0.83,3.0,6.0,0.65,8.8,7.2,1.6,0.3
545,Gonzalo Montiel, ARG,DF,Sevilla,25,1997,57.0,90.0,2,23.0,1,1.0,5.0,4.0,2.4,2.3,4.0,-1.7,-0.69
546,Aaron Mooy, AUS,MF,Celtic,31,1990,31.0,61.0,0,23.0,0,0.4,0.0,7.0,-3.19,3.7,4.9,-1.2,-0.68
547,Álvaro Morata, ESP,FW,Atlético Madrid,29,1992,59.0,66.0,0,31.0,1,1.0,2.0,4.0,0.12,4.1,4.4,-0.3,-0.09
548,Morato, BRA,DF,Benfica,21,2001,54.0,90.0,1,17.0,2,2.5,1.0,3.0,-3.38,1.8,1.6,0.2,0.14
549,Alfredo Morelos, COL,FW,Rangers,26,1996,51.0,70.0,0,23.0,1,0.5,1.0,9.0,0.99,3.6,7.6,-4.0,-1.42
550,Alberto Moreno, ESP,MF,Atlético Madrid,20,2002,0.0,0.0,0,0.0,2,0.0,0.0,0.0,0.0,0.0,0.0,0.0,0.0
551,Marco Moreno, ESP,DF,Atlético Madrid,21,2001,0.0,0.0,0,0.0,3,0.0,0.0,0.0,0.0,0.0,0.0,0.0,0.0
552,Hidemasa Morita, JPN,MF,Sporting CP,27,1995,66.0,66.0,2,0.0,0,1.4,5.0,5.0,0.43,2.3,5.3,-3.1,-0.84
553,Jhon Mosquera, COL,"FW,MF",Viktoria Plzeň,32,1990,86.0,86.0,3,0.0,0,1.45,3.0,20.0,-1.9,2.9,12.7,-9.7,-2.03
554,Youssoufa Moukoko, GER,"FW,MF",Dortmund,17,2004,40.0,80.0,0,21.0,0,1.5,5.0,1.0,1.49,4.5,3.9,0.6,0.23
555,Mason Mount, ENG,MF,Chelsea,23,1999,49.0,78.0,3,13.0,0,1.44,8.0,4.0,1.01,8.0,3.7,4.3,0.88
556,Lucas Moura, BRA,"FW,MF",Tottenham,29,1992,58.0,85.0,0,5.0,2,2.33,2.0,3.0,-0.84,2.1,2.4,-0.4,-0.19
557,Mykhailo Mudryk, UKR,"FW,DF",Chelsea,21,2001,47.0,70.0,0,24.0,2,0.0,0.0,2.0,-2.47,1.9,2.5,-0.5,-0.53
558,Mykhailo Mudryk, UKR,MF,Shakhtar,21,2001,86.0,86.0,3,0.0,0,1.0,8.0,9.0,3.58,3.5,10.4,-6.8,-1.19
559,Paul Mukairu, NGA,FW,FC Copenhagen,22,2000,15.0,0.0,0,15.0,3,0.75,0.0,1.0,-0.23,0.5,1.2,-0.7,-1.47
560,Nordi Mukiele, FRA,"DF,MF",Paris S-G,24,1997,28.0,82.0,0,10.0,3,1.75,2.0,1.0,0.07,2.3,1.3,1.0,0.81
561,Thomas Müller, GER,"MF,FW",Bayern Munich,32,1989,46.0,73.0,2,19.0,0,2.38,10.0,0.0,1.44,8.3,4.7,3.5,0.87
562,Álvaro Muñoz, URU,FW,Real Madrid,18,2004,0.0,0.0,0,0.0,3,0.0,0.0,0.0,0.0,0.0,0.0,0.0,0.0
563,Petar Musa, CRO,FW,Benfica,24,1998,26.0,0.0,0,26.0,5,2.67,9.0,0.0,5.81,2.6,0.9,1.7,1.2
564,Jamal Musiala, GER,"MF,FW",Bayern Munich,19,2003,59.0,71.0,0,17.0,0,2.44,10.0,2.0,-0.57,9.3,6.9,2.4,0.41
565,Bohdan Mykhaylychenko, UKR,DF,Shakhtar,25,1997,90.0,90.0,4,0.0,2,0.5,3.0,8.0,-2.75,2.4,8.0,-5.6,-1.4
566,Obite N'Dicka, FRA,DF,Eint Frankfurt,22,1999,90.0,90.0,8,0.0,0,1.25,7.0,13.0,0.0,8.0,12.9,-4.9,-0.61
567,Nacho, ESP,DF,Real Madrid,32,1990,55.0,85.0,3,26.0,4,2.13,10.0,4.0,0.24,7.1,3.3,3.9,0.79
568,Lapo Nava, ITA,GK,Milan,18,2004,0.0,0.0,0,0.0,4,0.0,0.0,0.0,0.0,0.0,0.0,0.0,0.0
569,Jesús Navas, ESP,"DF,MF",Sevilla,36,1985,75.0,75.0,1,0.0,3,0.33,1.0,8.0,-3.1,2.3,5.5,-3.2,-1.28
570,Keylor Navas, CRC,GK,Paris S-G,35,1986,0.0,0.0,0,0.0,4,0.0,0.0,0.0,0.0,0.0,0.0,0.0,0.0
571,Flávio Nazinho, POR,"DF,MF",Sporting CP,19,2003,40.0,0.0,0,40.0,2,0.33,0.0,2.0,-1.71,0.8,3.6,-2.8,-2.07
572,Tanguy Ndombele, FRA,MF,Napoli,25,1996,41.0,80.0,1,22.0,1,2.11,10.0,3.0,-0.19,8.8,5.7,3.1,0.75
573,Cher Ndour, ITA,MF,Benfica,18,2004,0.0,0.0,0,0.0,3,0.0,0.0,0.0,0.0,0.0,0.0,0.0,0.0
574,David Neres, BRA,"FW,MF",Benfica,25,1997,49.0,79.0,0,26.0,0,2.42,14.0,7.0,0.23,8.5,5.5,3.0,0.6
575,Luís Neto, POR,DF,Sporting CP,34,1988,39.0,0.0,0,39.0,0,3.0,3.0,0.0,7.64,0.8,0.4,0.4,1.01
576,Manuel Neuer, GER,GK,Bayern Munich,36,1986,90.0,90.0,3,0.0,0,3.0,9.0,0.0,2.0,6.6,3.2,3.4,1.14
577,Maximilian Neutgens, GER,GK,Leverkusen,18,2004,0.0,0.0,0,0.0,2,0.0,0.0,0.0,0.0,0.0,0.0,0.0,0.0
578,João Neves, POR,"FW,MF",Benfica,17,2004,10.0,0.0,0,10.0,1,2.33,3.0,1.0,5.07,0.5,0.2,0.3,0.82
579,Ivan Nevistić, CRO,GK,Dinamo Zagreb,24,1998,0.0,0.0,0,0.0,3,0.0,0.0,0.0,0.0,0.0,0.0,0.0,0.0
580,Neymar, BRA,"MF,FW",Paris S-G,30,1992,90.0,90.0,5,0.0,0,1.83,14.0,7.0,1.67,9.0,6.8,2.3,0.38
581,Simon Ngapandouetnbu, CMR,GK,Marseille,19,2003,0.0,0.0,0,0.0,6,0.0,0.0,0.0,0.0,0.0,0.0,0.0,0.0
582,Tanguy Nianzou, FRA,DF,Sevilla,20,2002,90.0,90.0,2,0.0,2,0.5,1.0,5.0,-1.5,1.1,4.0,-2.9,-1.43
583,Jonas Nickisch, GER,GK,RB Leipzig,18,2004,0.0,0.0,0,0.0,5,0.0,0.0,0.0,0.0,0.0,0.0,0.0,0.0
584,Casper Nielsen, DEN,MF,Club Brugge,28,1994,81.0,88.0,6,26.0,0,1.38,8.0,10.0,0.92,7.4,14.4,-7.0,-0.98
585,Saúl Ñíguez, ESP,"MF,DF",Atlético Madrid,27,1994,56.0,59.0,0,45.0,1,1.0,1.0,2.0,0.72,4.3,3.6,0.7,0.24
586,Christopher Nkunku, FRA,"MF,FW",RB Leipzig,24,1997,80.0,90.0,5,25.0,0,1.86,14.0,9.0,5.36,10.6,7.5,3.1,0.49
587,Hugo Novoa, ESP,MF,RB Leipzig,19,2003,3.0,0.0,0,3.0,5,3.0,0.0,0.0,0.38,0.0,0.0,0.0,0.0
588,Darwin Núñez, URU,FW,Liverpool,23,1999,50.0,65.0,0,24.0,0,1.88,13.0,5.0,2.08,10.7,4.2,6.4,1.45
589,Antonio Nusa, NOR,FW,Club Brugge,17,2005,14.0,0.0,0,14.0,4,1.5,2.0,1.0,2.12,1.5,0.8,0.7,1.16
590,Ørjan Nyland, NOR,GK,RB Leipzig,31,1990,0.0,0.0,0,0.0,2,0.0,0.0,0.0,0.0,0.0,0.0,0.0,0.0
591,Matt O'Riley, DEN,MF,Celtic,21,2000,80.0,80.0,3,0.0,0,0.33,4.0,13.0,1.37,8.1,9.4,-1.2,-0.23
592,Jan Oblak, SVN,GK,Atlético Madrid,29,1993,90.0,90.0,5,0.0,0,1.0,5.0,7.0,1.6,8.6,8.1,0.5,0.11
593,Lucas Ocampos, ARG,FW,Ajax,28,1994,9.0,0.0,0,9.0,4,1.5,0.0,1.0,-4.61,0.1,1.6,-1.5,-8.43
594,Oleh Ocheretko, UKR,MF,Shakhtar,19,2003,14.0,0.0,0,14.0,4,1.0,0.0,0.0,0.34,0.1,0.5,-0.4,-3.01
595,Denis Odoi, GHA,"DF,MF",Club Brugge,34,1988,75.0,82.0,4,29.0,0,1.43,8.0,7.0,2.0,6.4,12.9,-6.5,-1.12
596,Álvaro Odriozola, ESP,DF,Real Madrid,26,1995,0.0,0.0,0,0.0,11,0.0,0.0,0.0,0.0,0.0,0.0,0.0,0.0
597,Noah Okafor, SUI,FW,RB Salzburg,22,2000,78.0,78.0,0,0.0,0,1.0,5.0,8.0,0.62,6.5,6.1,0.4,0.07
598,Mathías Olivera, URU,DF,Napoli,24,1997,64.0,87.0,4,27.0,2,2.0,19.0,7.0,0.7,16.6,7.8,8.8,1.55
599,Dani Olmo, ESP,"FW,MF",RB Leipzig,24,1998,22.0,0.0,0,22.0,0,2.0,2.0,2.0,0.41,1.4,1.6,-0.3,-0.35
600,André Onana, CMR,GK,Inter,26,1996,90.0,90.0,13,0.0,0,1.85,19.0,11.0,0.0,17.9,15.1,2.8,0.22
601,Jérôme Onguéné, CMR,DF,Eint Frankfurt,24,1997,0.0,0.0,0,0.0,3,0.0,0.0,0.0,0.0,0.0,0.0,0.0,0.0
602,Raphael Onyedika, NGA,MF,Club Brugge,21,2001,81.0,87.0,4,46.0,0,1.43,8.0,9.0,1.02,6.9,14.2,-7.3,-1.16
603,Willi Orban, HUN,DF,RB Leipzig,29,1992,90.0,90.0,8,0.0,0,1.63,14.0,17.0,0.0,11.7,12.4,-0.8,-0.1
604,Divock Origi, BEL,FW,Milan,27,1995,19.0,0.0,0,19.0,3,0.75,0.0,1.0,-1.07,2.2,2.2,-0.1,-0.05
605,Mislav Oršić, CRO,FW,Dinamo Zagreb,29,1992,82.0,82.0,1,0.0,0,1.42,4.0,11.0,-1.29,3.6,10.2,-6.6,-1.21
606,Stefan Ortega, GER,GK,Manchester City,29,1992,90.0,90.0,2,0.0,11,2.0,3.0,1.0,-1.27,3.2,1.6,1.6,0.8
607,Victor Osimhen, NGA,FW,Napoli,23,1998,70.0,76.0,1,41.0,1,2.17,10.0,3.0,-0.57,12.9,6.3,6.6,1.41
608,Silas Ostrzinski, GER,GK,Dortmund,18,2003,0.0,0.0,0,0.0,1,0.0,0.0,0.0,0.0,0.0,0.0,0.0,0.0
609,Nicolás Otamendi, ARG,DF,Benfica,34,1988,88.0,88.0,8,0.0,0,2.54,25.0,10.0,3.38,17.4,9.3,8.1,0.91
610,Otávio, POR,MF,Porto,27,1995,75.0,80.0,2,45.0,0,1.71,11.0,3.0,3.22,12.2,6.9,5.3,0.9
611,Alex Oxlade-Chamberlain, ENG,MF,Liverpool,28,1993,18.0,0.0,0,18.0,1,0.0,0.0,1.0,-6.03,0.0,0.8,-0.7,-3.75
612,Salih Özcan, TUR,MF,Dortmund,24,1998,77.0,77.0,2,0.0,0,1.57,10.0,7.0,0.0,7.9,9.3,-1.3,-0.22
613,Exequiel Palacios, ARG,MF,Leverkusen,23,1998,45.0,45.0,0,45.0,0,0.5,0.0,0.0,0.8,1.1,0.6,0.6,0.56
614,Cole Palmer, ENG,"MF,FW",Manchester City,20,2002,35.0,69.0,0,23.0,9,2.5,4.0,1.0,-0.14,4.3,0.8,3.5,2.3
615,Antonios Papadopoulos, GER,"MF,FW",Dortmund,22,1999,5.0,0.0,0,5.0,3,2.0,0.0,0.0,-0.51,0.0,0.4,-0.4,-3.16
616,Leandro Paredes, ARG,MF,Juventus,28,1994,89.0,89.0,3,0.0,0,0.75,5.0,7.0,0.46,4.0,6.4,-2.4,-0.69
617,Felix Passlack, GER,DF,Dortmund,24,1998,90.0,90.0,1,0.0,6,1.0,1.0,1.0,-0.57,1.2,1.8,-0.6,-0.58
618,Remko Pasveer, NED,GK,Ajax,38,1983,90.0,90.0,6,0.0,0,1.0,11.0,16.0,0.0,8.3,12.2,-3.9,-0.65
619,Paulinho, POR,FW,Sporting CP,29,1992,47.0,82.0,1,24.0,1,1.4,5.0,3.0,1.65,1.5,3.3,-1.8,-0.68
620,Paulinho, BRA,FW,Leverkusen,22,2000,25.0,0.0,0,25.0,3,0.5,0.0,1.0,-1.29,0.8,2.1,-1.3,-2.44
621,André Paulo, POR,GK,Sporting CP,25,1996,0.0,0.0,0,0.0,5,0.0,0.0,0.0,0.0,0.0,0.0,0.0,0.0
622,Benjamin Pavard, FRA,DF,Bayern Munich,26,1996,66.0,78.0,4,24.0,0,2.44,10.0,6.0,-2.9,11.4,8.0,3.4,0.52
623,Strahinja Pavlović, SRB,DF,RB Salzburg,21,2001,90.0,90.0,6,0.0,0,1.0,5.0,9.0,0.0,8.3,6.9,1.4,0.23
624,Dimitri Payet, FRA,MF,Marseille,35,1987,39.0,58.0,0,19.0,4,1.5,0.0,1.0,-1.36,0.6,0.6,0.1,0.07
625,Pedri, ESP,"MF,FW",Barcelona,19,2002,80.0,80.0,3,0.0,1,0.8,8.0,9.0,-0.87,7.2,6.1,1.1,0.26
626,Luca Pellegrini, ITA,"DF,MF",Eint Frankfurt,23,1999,50.0,90.0,1,37.0,0,1.75,2.0,4.0,-0.2,1.9,1.7,0.2,0.08
627,Timothee Pembele, FRA,DF,Paris S-G,19,2002,0.0,0.0,0,0.0,2,0.0,0.0,0.0,0.0,0.0,0.0,0.0,0.0
628,Iñaki Peña, ESP,GK,Barcelona,23,1999,90.0,90.0,1,0.0,5,3.0,4.0,2.0,2.4,2.3,2.6,-0.2,-0.24
629,Pepe, POR,DF,Porto,39,1983,90.0,90.0,4,0.0,0,0.75,3.0,7.0,-3.0,5.7,6.4,-0.7,-0.17
630,Pepê, BRA,"DF,FW",Porto,25,1997,86.0,86.0,4,0.0,0,1.63,11.0,5.0,5.93,13.6,10.3,3.3,0.43
631,Danilo Pereira, POR,"DF,MF",Paris S-G,30,1991,64.0,87.0,4,8.0,0,1.57,5.0,6.0,-2.53,6.0,6.8,-0.7,-0.15
632,Pablo Pérez, ESP,DF,Sevilla,20,2001,0.0,0.0,0,0.0,1,0.0,0.0,0.0,0.0,0.0,0.0,0.0,0.0
633,Dino Perić, CRO,DF,Dinamo Zagreb,28,1994,90.0,90.0,6,0.0,0,1.55,4.0,11.0,0.0,4.2,12.5,-8.3,-1.39
634,Mattia Perin, ITA,GK,Juventus,29,1992,90.0,90.0,2,0.0,4,0.0,2.0,4.0,-0.5,1.8,3.9,-2.1,-1.03
635,Ivan Perišić, CRO,"DF,MF",Tottenham,33,1989,82.0,82.0,5,0.0,1,1.29,5.0,5.0,-0.61,6.5,6.4,0.1,0.02
636,Luděk Pernica, CZE,DF,Viktoria Plzeň,32,1990,83.0,90.0,5,45.0,0,1.33,5.0,20.0,5.27,5.1,13.2,-8.1,-1.47
637,Máximo Perrone, ARG,MF,Manchester City,19,2003,0.0,0.0,0,0.0,5,0.0,0.0,0.0,0.0,0.0,0.0,0.0,0.0
638,Bruno Petković, CRO,FW,Dinamo Zagreb,27,1994,82.0,82.0,2,0.0,0,1.42,4.0,9.0,2.68,3.7,9.8,-6.1,-1.13
639,Ivan Petryak, UKR,MF,Shakhtar,28,1994,30.0,90.0,1,18.0,0,1.0,2.0,5.0,-1.75,1.2,4.8,-3.6,-1.79
640,Kalvin Phillips, ENG,MF,Manchester City,26,1995,14.0,0.0,0,14.0,6,3.0,2.0,0.0,2.4,0.8,0.1,0.7,1.59
641,Nathaniel Phillips, ENG,DF,Liverpool,25,1997,0.0,0.0,0,0.0,6,0.0,0.0,0.0,0.0,0.0,0.0,0.0,0.0
642,Kamil Piątkowski, POL,DF,RB Salzburg,22,2000,0.0,0.0,0,0.0,5,0.0,0.0,0.0,0.0,0.0,0.0,0.0,0.0
643,Frantzdy Pierrot, HAI,FW,Maccabi Haifa,27,1995,80.0,80.0,0,0.0,0,1.17,6.0,17.0,2.52,4.7,8.2,-3.5,-0.65
644,Václav Pilař, CZE,"FW,MF",Viktoria Plzeň,33,1988,25.0,87.0,0,9.0,1,0.88,2.0,5.0,1.26,2.4,3.3,-0.9,-0.64
645,Rodrigo Pinho, BRA,FW,Benfica,31,1991,8.0,0.0,0,8.0,3,1.0,0.0,0.0,-1.32,0.1,0.1,0.0,0.0
646,Carlo Pinsoglio, ITA,GK,Juventus,32,1990,0.0,0.0,0,0.0,6,0.0,0.0,0.0,0.0,0.0,0.0,0.0,0.0
647,Gerard Piqué, ESP,DF,Barcelona,35,1987,65.0,90.0,2,39.0,2,1.75,9.0,5.0,2.67,5.2,5.0,0.2,0.06
648,Tommaso Pobega, ITA,MF,Milan,23,1999,20.0,0.0,0,20.0,4,1.63,2.0,0.0,0.91,2.1,1.1,1.0,0.53
649,Suf Podgoreanu, ISR,DF,Maccabi Haifa,20,2002,12.0,0.0,0,12.0,0,0.0,0.0,0.0,2.39,0.0,0.1,-0.1,-0.75
650,Matteo Politano, ITA,FW,Napoli,28,1993,45.0,62.0,0,10.0,1,2.11,11.0,2.0,0.38,13.1,6.0,7.1,1.58
651,Pedro Porro, ESP,"DF,MF",Sporting CP,22,1999,78.0,90.0,4,32.0,0,1.4,7.0,3.0,3.96,3.1,5.4,-2.3,-0.54
652,Pedro Porro, ESP,DF,Tottenham,22,1999,38.0,0.0,0,38.0,1,1.0,0.0,0.0,-0.13,0.4,1.0,-0.6,-1.44
653,Samuel Portugal, BRA,GK,Porto,28,1994,0.0,0.0,0,0.0,2,0.0,0.0,0.0,0.0,0.0,0.0,0.0,0.0
654,Yussuf Poulsen, DEN,"FW,MF",RB Leipzig,28,1994,14.0,0.0,0,14.0,1,1.4,1.0,2.0,-0.97,0.6,1.1,-0.4,-0.54
655,Christian Pulisic, USA,"DF,FW",Chelsea,23,1998,23.0,74.0,0,10.0,4,2.0,2.0,1.0,0.57,3.2,1.8,1.3,1.07
656,Andriy Pyatov, UKR,GK,Shakhtar,38,1984,0.0,0.0,0,0.0,6,0.0,0.0,0.0,0.0,0.0,0.0,0.0,0.0
657,Adrien Rabiot, FRA,MF,Juventus,27,1995,89.0,89.0,4,0.0,0,0.6,8.0,11.0,0.35,7.7,8.0,-0.3,-0.06
658,Ivan Rakitić, CRO,MF,Sevilla,34,1988,70.0,70.0,2,0.0,0,0.83,6.0,6.0,4.43,4.4,6.6,-2.3,-0.49
659,Anthony Ralston, SCO,DF,Celtic,23,1998,0.0,0.0,0,0.0,6,0.0,0.0,0.0,0.0,0.0,0.0,0.0,0.0
660,Diant Ramaj, GER,GK,Eint Frankfurt,20,2001,0.0,0.0,0,0.0,8,0.0,0.0,0.0,0.0,0.0,0.0,0.0,0.0
661,Cláudio Ramos, POR,GK,Porto,30,1991,0.0,0.0,0,0.0,8,0.0,0.0,0.0,0.0,0.0,0.0,0.0,0.0
662,Gonçalo Ramos, POR,FW,Benfica,21,2001,71.0,71.0,2,0.0,0,2.36,16.0,12.0,-3.8,15.4,9.9,5.5,0.69
663,Sergio Ramos, ESP,DF,Paris S-G,36,1986,90.0,90.0,8,0.0,0,1.75,16.0,10.0,0.0,10.8,10.0,0.8,0.1
664,Calvin Ramsay, SCO,DF,Liverpool,19,2003,4.0,0.0,0,4.0,2,3.0,1.0,0.0,21.75,1.0,0.0,1.0,22.03
665,Raphinha, BRA,FW,Barcelona,25,1996,59.0,65.0,0,33.0,1,0.8,5.0,8.0,-2.02,5.8,5.3,0.6,0.17
666,Giacomo Raspadori, ITA,FW,Napoli,22,2000,36.0,65.0,0,14.0,1,1.86,13.0,3.0,2.49,7.0,3.9,3.1,1.1
667,David Raum, GER,DF,RB Leipzig,24,1998,66.0,81.0,3,24.0,0,1.63,11.0,14.0,-0.51,9.0,9.7,-0.7,-0.12
668,Ante Rebić, CRO,"FW,MF",Milan,28,1993,36.0,90.0,2,14.0,3,1.86,8.0,0.0,3.32,5.7,3.0,2.7,0.98
669,Youri Regeer, NED,"DF,MF",Ajax,18,2003,0.0,0.0,0,0.0,3,0.0,0.0,0.0,0.0,0.0,0.0,0.0,0.0
670,Sergio Reguilón, ESP,"DF,MF",Atlético Madrid,25,1996,0.0,0.0,0,0.0,1,0.0,0.0,0.0,0.0,0.0,0.0,0.0,0.0
671,Matheus Reis, BRA,DF,Sporting CP,27,1995,85.0,90.0,5,59.0,0,1.17,8.0,9.0,-0.18,3.7,9.8,-6.1,-1.08
672,Karim Rekik, NED,DF,Sevilla,27,1994,90.0,90.0,1,0.0,3,0.0,1.0,3.0,-1.2,0.4,2.0,-1.6,-1.56
673,Devyne Rensch, NED,DF,Ajax,19,2003,72.0,80.0,1,47.0,1,1.5,7.0,8.0,1.11,4.7,6.5,-1.8,-0.56
674,Marco Reus, GER,"MF,FW",Dortmund,33,1989,87.0,87.0,1,0.0,1,1.0,4.0,4.0,-0.79,3.7,3.3,0.4,0.15
675,Gio Reyna, USA,"FW,MF",Dortmund,19,2002,64.0,70.0,0,58.0,1,1.0,5.0,3.0,-0.06,5.2,5.3,-0.1,-0.02
676,Richarlison, BRA,"MF,FW",Tottenham,25,1997,61.0,81.0,2,21.0,0,1.33,5.0,3.0,0.75,6.1,4.5,1.6,0.4
677,Sergio Rico, ESP,GK,Paris S-G,28,1993,0.0,0.0,0,0.0,8,0.0,0.0,0.0,0.0,0.0,0.0,0.0,0.0
678,Mihailo Ristić, SRB,"DF,MF",Benfica,26,1995,0.0,0.0,0,0.0,7,0.0,0.0,0.0,0.0,0.0,0.0,0.0,0.0
679,Stefan Ristovski, MKD,DF,Dinamo Zagreb,30,1992,74.0,74.0,1,0.0,0,1.42,4.0,9.0,-0.16,2.7,6.6,-3.9,-0.96
680,Mats Rits, BEL,MF,Club Brugge,29,1993,17.0,0.0,0,17.0,1,0.0,1.0,1.0,0.38,0.2,0.1,0.1,0.39
681,Sergi Roberto, ESP,DF,Barcelona,30,1992,69.0,69.0,1,0.0,0,1.33,4.0,4.0,0.0,3.9,1.5,2.4,1.04
682,Alexander Robertson, AUS,MF,Manchester City,19,2003,0.0,0.0,0,0.0,1,0.0,0.0,0.0,0.0,0.0,0.0,0.0,0.0
683,Andrew Robertson, SCO,DF,Liverpool,28,1994,76.0,89.0,2,23.0,1,1.2,10.0,10.0,-1.84,5.9,8.8,-2.9,-0.69
684,Scott Robertson, SCO,MF,Celtic,21,2001,0.0,0.0,0,0.0,2,0.0,0.0,0.0,0.0,0.0,0.0,0.0,0.0
685,Rochinha, POR,"MF,FW",Sporting CP,27,1995,18.0,0.0,0,18.0,5,3.0,1.0,0.0,5.34,0.4,0.3,0.1,0.5
686,Sebastian Rode, GER,MF,Eint Frankfurt,31,1990,50.0,71.0,0,29.0,1,1.67,3.0,6.0,-0.26,4.5,6.5,-2.1,-0.62
687,Rodri, ESP,MF,Manchester City,26,1996,83.0,86.0,9,45.0,1,2.17,25.0,4.0,-1.19,20.6,9.8,10.8,0.98
688,Rafael Rodrigues, POR,MF,Benfica,20,2002,0.0,0.0,0,0.0,2,0.0,0.0,0.0,0.0,0.0,0.0,0.0,0.0
689,Rodrygo, BRA,FW,Real Madrid,21,2001,68.0,80.0,2,10.0,0,2.17,19.0,12.0,-1.3,16.3,13.2,3.2,0.35
690,Cristian Romero, ARG,DF,Tottenham,24,1998,85.0,85.0,5,0.0,0,1.29,4.0,6.0,-2.51,8.6,6.6,2.0,0.3
691,Valentin Rongier, FRA,MF,Marseille,27,1994,79.0,88.0,4,29.0,0,1.0,5.0,6.0,-1.5,6.9,4.5,2.3,0.45
692,Tom Rothe, GER,DF,Dortmund,17,2004,20.0,45.0,0,8.0,4,2.33,1.0,1.0,-0.55,0.4,0.7,-0.3,-0.44
693,Amir Rrahmani, KVX,DF,Napoli,28,1994,88.0,88.0,6,0.0,0,2.29,18.0,4.0,0.8,18.5,8.2,10.3,1.51
694,Antonio Rüdiger, GER,DF,Real Madrid,29,1993,68.0,90.0,6,35.0,2,2.0,18.0,9.0,0.3,11.8,9.7,2.1,0.27
695,Daniele Rugani, ITA,DF,Juventus,28,1994,90.0,90.0,1,0.0,5,0.0,0.0,2.0,-1.6,0.5,0.8,-0.3,-0.27
696,Mário Rui, POR,DF,Napoli,31,1991,64.0,74.0,2,17.0,4,2.17,7.0,1.0,-0.7,8.6,5.2,3.3,0.78
697,Fabián Ruiz Peña, ESP,MF,Paris S-G,26,1996,34.0,59.0,0,15.0,1,1.57,8.0,3.0,1.7,4.5,2.9,1.7,0.62
698,Nikita Rukavytsya, AUS,"FW,MF",Maccabi Haifa,35,1987,8.0,0.0,0,8.0,0,1.18,0.0,3.0,-3.74,0.4,1.4,-1.0,-1.88
699,Mathew Ryan, AUS,GK,FC Copenhagen,30,1992,90.0,90.0,2,0.0,3,1.25,0.0,3.0,0.5,1.2,3.1,-1.9,-0.93
700,Julian Ryerson, NOR,DF,Dortmund,24,1997,18.0,0.0,0,18.0,0,3.0,0.0,0.0,-0.51,0.0,0.6,-0.6,-3.12
701,Kyriani Sabbe, BEL,DF,Club Brugge,17,2005,0.0,0.0,0,0.0,2,0.0,0.0,0.0,0.0,0.0,0.0,0.0,0.0
702,Marcel Sabitzer, AUT,MF,Bayern Munich,28,1994,47.0,65.0,1,28.0,0,3.0,4.0,1.0,-0.92,5.4,3.4,2.0,0.64
703,Alexis Saelemaekers, BEL,"FW,DF",Milan,23,1999,46.0,73.0,0,20.0,0,1.5,5.0,5.0,-0.51,5.8,5.3,0.5,0.12
704,Fashion Sakala, ZAM,"FW,MF",Rangers,25,1997,59.0,83.0,1,35.0,2,0.6,2.0,8.0,1.83,3.1,4.9,-1.8,-0.69
705,Mohamed Salah, EGY,FW,Liverpool,30,1992,78.0,86.0,6,23.0,0,1.88,16.0,11.0,-1.15,13.2,9.7,3.5,0.5
706,Renato Sanches, POR,MF,Paris S-G,24,1997,47.0,67.0,0,37.0,1,3.0,7.0,3.0,2.24,2.5,2.2,0.3,0.16
707,Alexis Sánchez, CHI,FW,Marseille,33,1988,84.0,84.0,4,0.0,0,1.2,8.0,6.0,1.91,7.5,3.0,4.5,0.98
708,Davinson Sánchez, COL,DF,Tottenham,26,1996,11.0,0.0,0,11.0,6,2.0,0.0,1.0,-4.54,0.8,0.9,-0.1,-0.26
709,Cisse Sandra, BEL,FW,Club Brugge,18,2003,8.0,0.0,0,8.0,7,3.0,0.0,0.0,0.38,0.0,0.2,-0.2,-2.3
710,Alex Sandro, BRA,DF,Juventus,31,1991,60.0,82.0,1,38.0,1,0.75,5.0,5.0,1.2,4.2,4.5,-0.4,-0.13
711,James Sands, USA,"DF,MF",Rangers,22,2000,81.0,81.0,3,0.0,1,0.88,1.0,10.0,2.08,3.9,6.4,-2.5,-0.69
712,Leroy Sané, GER,"FW,MF",Bayern Munich,26,1996,69.0,76.0,1,23.0,0,2.38,14.0,5.0,-0.34,12.1,8.0,4.0,0.66
713,Nuno Santos, POR,"DF,MF",Sporting CP,27,1995,49.0,57.0,0,12.0,0,1.17,4.0,5.0,-0.31,2.2,4.7,-2.5,-0.75
714,Zaidu Sanusi, NGA,DF,Porto,25,1997,73.0,80.0,3,28.0,0,1.63,12.0,6.0,2.26,12.8,8.1,4.8,0.73
715,Alvaro Sanz, ESP,MF,Barcelona,21,2001,14.0,0.0,0,14.0,0,3.0,0.0,0.0,0.0,0.0,0.3,-0.3,-2.16
716,Pablo Sarabia, ESP,MF,Paris S-G,30,1992,30.0,73.0,0,9.0,3,1.67,2.0,1.0,0.27,1.6,1.1,0.5,0.45
717,Bouna Sarr, SEN,"DF,MF",Bayern Munich,30,1992,0.0,0.0,0,0.0,4,0.0,0.0,0.0,0.0,0.0,0.0,0.0,0.0
718,Stefan Savić, MNE,DF,Atlético Madrid,31,1991,90.0,90.0,3,0.0,1,0.33,1.0,4.0,-0.67,5.2,4.6,0.7,0.22
719,Johannes Schenk, GER,GK,Bayern Munich,19,2003,0.0,0.0,0,0.0,6,0.0,0.0,0.0,0.0,0.0,0.0,0.0,0.0
720,Patrik Schick, CZE,FW,Leverkusen,26,1996,89.0,89.0,3,0.0,1,0.8,2.0,6.0,-0.81,7.5,4.9,2.6,0.53
721,Andreas Schjelderup, NOR,FW,Benfica,18,2004,2.0,0.0,0,2.0,3,1.0,1.0,0.0,43.8,0.1,0.0,0.1,4.8
722,Xaver Schlager, AUT,MF,RB Leipzig,24,1997,83.0,83.0,4,0.0,0,1.86,14.0,8.0,6.84,10.5,7.3,3.2,0.49
723,Timo Schlieck, GER,GK,RB Leipzig,16,2006,0.0,0.0,0,0.0,1,0.0,0.0,0.0,0.0,0.0,0.0,0.0,0.0
724,Nico Schlotterbeck, GER,DF,Dortmund,22,1999,70.0,90.0,6,11.0,0,1.5,9.0,6.0,-0.08,9.5,10.2,-0.7,-0.12
725,Abdoulaye Seck, SEN,DF,Maccabi Haifa,30,1992,66.0,84.0,3,31.0,0,0.5,4.0,20.0,-4.89,4.8,8.2,-3.4,-0.77
726,Nicolas Seiwald, AUT,MF,RB Salzburg,21,2001,90.0,90.0,6,0.0,0,1.0,5.0,9.0,0.0,8.3,6.9,1.4,0.23
727,Benjamin Šeško, SVN,FW,RB Salzburg,19,2003,55.0,81.0,1,29.0,0,1.0,2.0,4.0,0.31,4.6,3.1,1.5,0.42
728,Ryan Sessegnon, ENG,"MF,DF",Tottenham,22,2000,52.0,68.0,1,20.0,3,2.33,3.0,3.0,-0.16,3.1,2.0,1.2,0.67
729,Oleksiy Shevchenko, UKR,GK,Shakhtar,30,1992,0.0,0.0,0,0.0,6,0.0,0.0,0.0,0.0,0.0,0.0,0.0,0.0
730,Maryan Shved, UKR,MF,Shakhtar,25,1997,62.0,62.0,0,0.0,0,1.33,4.0,4.0,0.51,1.2,4.1,-2.9,-1.4
731,Benjamin Siegrist, SUI,GK,Celtic,30,1992,0.0,0.0,0,0.0,6,0.0,0.0,0.0,0.0,0.0,0.0,0.0,0.0
732,Danylo Sikan, UKR,FW,Shakhtar,21,2001,26.0,0.0,0,26.0,2,0.5,1.0,3.0,-1.73,0.6,2.9,-2.3,-1.99
733,André Silva, POR,FW,RB Leipzig,26,1995,67.0,82.0,3,20.0,0,1.63,12.0,9.0,3.39,9.2,5.4,3.8,0.64
734,António Silva, POR,DF,Benfica,18,2003,89.0,89.0,8,0.0,0,2.1,25.0,13.0,-13.79,19.0,10.9,8.2,0.82
735,Bernardo Silva, POR,"FW,MF",Manchester City,27,1994,70.0,87.0,8,32.0,0,2.23,30.0,3.0,2.67,22.2,8.2,14.0,1.39
736,Rafa Silva, POR,MF,Benfica,29,1993,82.0,82.0,3,0.0,0,2.36,21.0,13.0,-4.68,17.2,10.3,6.9,0.75
737,Thiago Silva, BRA,DF,Chelsea,37,1984,80.0,88.0,6,26.0,0,1.63,8.0,7.0,-0.55,12.0,8.3,3.7,0.52
738,Mohamed Simakan, FRA,DF,RB Leipzig,22,2000,73.0,81.0,2,28.0,1,1.71,11.0,7.0,3.72,9.9,5.2,4.7,0.83
739,Giovanni Simeone, ARG,FW,Napoli,27,1995,38.0,83.0,1,19.0,1,2.57,7.0,2.0,-0.13,7.3,3.6,3.7,1.26
740,Roko Simic, CRO,FW,RB Salzburg,18,2003,9.0,0.0,0,9.0,4,0.5,0.0,0.0,0.69,0.2,0.2,0.0,-0.24
741,Salvatore Sirigu, ITA,GK,Napoli,35,1987,0.0,0.0,0,0.0,5,0.0,0.0,0.0,0.0,0.0,0.0,0.0,0.0
742,Oliver Skipp, ENG,MF,Tottenham,21,2000,53.0,90.0,2,16.0,4,1.75,1.0,2.0,-0.78,1.9,3.9,-2.0,-0.87
743,Leo Skiri Østigård, NOR,DF,Napoli,22,1999,66.0,90.0,2,17.0,7,1.33,4.0,2.0,-1.13,3.5,3.2,0.3,0.13
744,Andreas Skov Olsen, DEN,"FW,MF",Club Brugge,22,1999,59.0,68.0,0,24.0,0,1.6,4.0,4.0,0.64,3.6,5.7,-2.0,-0.62
745,Milan Škriniar, SVK,DF,Inter,27,1995,67.0,85.0,4,13.0,1,1.75,10.0,5.0,0.41,9.0,8.0,1.0,0.16
746,Hrvoje Smolčić, CRO,DF,Eint Frankfurt,21,2000,41.0,90.0,1,16.0,5,2.0,3.0,1.0,2.68,1.5,1.7,-0.2,-0.16
747,Samuel Soares, POR,GK,Benfica,20,2002,0.0,0.0,0,0.0,4,0.0,0.0,0.0,0.0,0.0,0.0,0.0,0.0
748,Eduard Sobol, UKR,"FW,DF",Club Brugge,27,1995,27.0,78.0,0,10.0,1,2.5,1.0,0.0,1.41,1.5,1.6,-0.1,-0.11
749,Carlos Soler, ESP,MF,Paris S-G,25,1997,26.0,62.0,0,8.0,2,2.17,2.0,2.0,-0.96,2.1,2.0,0.1,0.05
750,Oumar Solet, FRA,DF,RB Salzburg,22,2000,67.0,67.0,2,0.0,0,1.25,3.0,3.0,1.31,5.1,3.1,2.1,0.69
751,Yann Sommer, SUI,GK,Bayern Munich,33,1988,90.0,90.0,4,0.0,0,1.75,4.0,4.0,-2.67,6.2,5.0,1.1,0.28
752,Matìas Soulé, ARG,"MF,FW",Juventus,19,2003,15.0,0.0,0,15.0,3,0.0,2.0,0.0,5.18,1.1,1.1,0.0,0.07
753,Vasco Sousa, POR,MF,Porto,19,2003,0.0,0.0,0,0.0,1,0.0,0.0,0.0,0.0,0.0,0.0,0.0,0.0
754,Djibril Sow, SUI,MF,Eint Frankfurt,25,1997,90.0,90.0,8,0.0,0,1.25,7.0,13.0,0.0,8.0,12.9,-4.9,-0.61
755,Kamal Sowah, GHA,"FW,MF",Club Brugge,22,2000,84.0,84.0,3,0.0,0,1.57,7.0,5.0,3.79,6.4,12.3,-5.9,-0.89
756,Djed Spence, ENG,"DF,MF",Tottenham,21,2000,0.0,0.0,0,0.0,6,0.0,0.0,0.0,0.0,0.0,0.0,0.0,0.0
757,Dario Špikić, CRO,"FW,DF",Dinamo Zagreb,23,1999,28.0,78.0,0,18.0,0,1.42,1.0,4.0,-0.65,1.4,4.8,-3.4,-1.81
758,Jorne Spileers, BEL,DF,Club Brugge,17,2005,2.0,0.0,0,2.0,1,3.0,0.0,0.0,0.38,0.0,0.2,-0.2,-9.8
759,Jerry St. Juste, NED,DF,Sporting CP,25,1996,47.0,58.0,0,16.0,0,1.0,2.0,6.0,-2.67,1.2,3.9,-2.7,-1.27
760,Marko Stamenic, NZL,MF,FC Copenhagen,20,2002,90.0,90.0,2,0.0,2,1.25,0.0,5.0,0.32,1.4,6.7,-5.3,-1.76
761,Jindřich Staněk, CZE,GK,Viktoria Plzeň,26,1996,90.0,90.0,5,0.0,1,1.45,5.0,19.0,2.2,5.1,12.6,-7.6,-1.52
762,Josip Stanišić, CRO,DF,Bayern Munich,22,2000,44.0,90.0,3,16.0,2,2.75,12.0,2.0,1.6,9.1,3.3,5.8,1.49
763,Aleksandar Stanković, SRB,FW,Inter,16,2005,0.0,0.0,0,0.0,2,0.0,0.0,0.0,0.0,0.0,0.0,0.0,0.0
764,Carl Starfelt, SWE,DF,Celtic,27,1995,90.0,90.0,1,0.0,0,0.0,1.0,5.0,-2.6,2.1,3.8,-1.8,-1.78
765,Daniel Štefulj, CRO,DF,Dinamo Zagreb,22,1999,0.0,0.0,0,0.0,6,0.0,0.0,0.0,0.0,0.0,0.0,0.0,0.0
766,Orri Steinn Óskarsson, ISL,"MF,FW",FC Copenhagen,17,2004,11.0,0.0,0,11.0,1,0.5,0.0,2.0,-6.62,0.8,0.7,0.1,0.54
767,Maarten Stekelenburg, NED,GK,Ajax,39,1982,0.0,0.0,0,0.0,6,0.0,0.0,0.0,0.0,0.0,0.0,0.0,0.0
768,Taras Stepanenko, UKR,MF,Shakhtar,32,1989,89.0,89.0,4,0.0,0,1.0,8.0,10.0,-0.34,3.7,9.9,-6.2,-1.05
769,Raheem Sterling, ENG,"FW,MF",Chelsea,27,1994,70.0,76.0,0,24.0,0,1.78,12.0,6.0,1.86,10.3,7.3,3.0,0.43
770,John Stones, ENG,"MF,DF",Manchester City,28,1994,86.0,86.0,6,0.0,1,2.25,18.0,3.0,-0.25,13.7,7.6,6.1,0.8
771,Luka Sučić, CRO,MF,RB Salzburg,19,2002,80.0,80.0,2,0.0,0,1.0,3.0,7.0,-0.9,6.4,5.4,0.9,0.21
772,Heorhii Sudakov, UKR,MF,Shakhtar,19,2002,80.0,80.0,1,0.0,0,1.0,8.0,7.0,4.69,3.4,8.3,-4.9,-0.92
773,Niklas Süle, GER,DF,Dortmund,26,1995,84.0,90.0,7,45.0,0,1.5,10.0,6.0,0.53,10.1,10.3,-0.2,-0.03
774,Daniel Sundgren, SWE,DF,Maccabi Haifa,31,1990,81.0,81.0,3,0.0,0,1.4,4.0,6.0,4.44,3.9,4.9,-1.0,-0.29
775,Suso, ESP,"FW,MF",Sevilla,28,1993,40.0,52.0,0,27.0,0,0.83,1.0,8.0,-2.96,2.0,4.2,-2.2,-0.82
776,Josip Šutalo, CRO,DF,Dinamo Zagreb,22,2000,90.0,90.0,6,0.0,0,0.71,4.0,11.0,0.0,4.2,12.5,-8.3,-1.39
777,Jan Sýkora, CZE,"FW,DF",Viktoria Plzeň,28,1993,74.0,74.0,0,0.0,0,2.0,1.0,7.0,-0.66,1.0,4.0,-2.9,-1.79
778,Abakar Sylla, CIV,DF,Club Brugge,19,2002,82.0,82.0,3,0.0,1,1.67,7.0,9.0,0.03,6.0,12.3,-6.3,-1.15
779,Wojciech Szczęsny, POL,GK,Juventus,32,1990,90.0,90.0,4,0.0,0,0.75,7.0,9.0,0.5,6.8,6.7,0.1,0.02
780,Dominik Szoboszlai, HUN,FW,RB Leipzig,21,2000,82.0,82.0,4,0.0,0,1.63,12.0,16.0,-1.89,11.0,11.3,-0.3,-0.04
781,Christian Sørensen, DEN,"DF,MF",FC Copenhagen,29,1992,20.0,57.0,0,11.0,1,0.4,1.0,4.0,-1.0,1.7,2.0,-0.3,-0.26
782,Dušan Tadić, SRB,FW,Ajax,33,1988,86.0,86.0,4,0.0,0,1.2,9.0,11.0,2.08,6.7,8.2,-1.5,-0.31
783,Jonathan Tah, GER,DF,Leverkusen,26,1996,80.0,90.0,5,31.0,0,0.83,2.0,6.0,-0.75,8.1,6.5,1.6,0.3
784,Chemsdine Talbi, BEL,MF,Club Brugge,17,2005,0.0,0.0,0,0.0,1,0.0,0.0,0.0,0.0,0.0,0.0,0.0,0.0
785,Japhet Tanganga, ENG,DF,Tottenham,23,1999,18.0,0.0,0,18.0,5,3.0,2.0,0.0,10.13,0.7,0.2,0.5,2.36
786,Edmond Tapsoba, BFA,DF,Leverkusen,23,1999,70.0,82.0,2,22.0,1,1.0,4.0,4.0,1.88,5.4,3.6,1.8,0.46
787,Mehdi Taremi, IRN,FW,Porto,30,1992,87.0,87.0,4,0.0,0,1.86,11.0,1.0,6.43,13.3,7.4,5.9,0.87
788,Ciprian Tătărușanu, ROU,GK,Milan,36,1986,90.0,90.0,5,0.0,0,1.8,9.0,5.0,0.8,7.6,6.0,1.5,0.3
789,Nuno Tavares, POR,DF,Marseille,22,2000,90.0,90.0,6,0.0,0,1.0,8.0,8.0,0.0,8.6,5.1,3.5,0.59
790,James Tavernier, ENG,DF,Rangers,30,1991,81.0,81.0,4,0.0,0,0.7,2.0,19.0,1.85,4.8,12.7,-7.9,-1.47
791,Greg Taylor, SCO,DF,Celtic,24,1997,90.0,90.0,6,0.0,0,0.33,4.0,15.0,0.0,9.2,10.9,-1.7,-0.29
792,Kenneth Taylor, NED,MF,Ajax,20,2002,70.0,78.0,1,28.0,0,1.0,9.0,10.0,2.71,6.1,7.7,-1.6,-0.34
793,Lucas Taylor, BRA,DF,Shakhtar,27,1995,62.0,90.0,3,21.0,1,1.2,6.0,6.0,0.79,2.4,5.7,-3.3,-0.97
794,Mavis Tchibota, CGO,FW,Maccabi Haifa,26,1996,23.0,59.0,0,11.0,2,1.2,0.0,6.0,-4.2,0.5,2.6,-2.1,-2.03
795,Aurélien Tchouaméni, FRA,MF,Real Madrid,22,2000,43.0,76.0,2,10.0,0,2.0,9.0,6.0,-0.76,9.1,5.9,3.2,0.66
796,Mathys Tel, FRA,FW,Bayern Munich,17,2005,29.0,0.0,0,29.0,5,2.6,3.0,2.0,-1.17,4.2,1.6,2.6,1.59
797,Alex Telles, BRA,"DF,FW",Sevilla,29,1992,65.0,82.0,3,33.0,0,0.83,4.0,8.0,0.29,4.2,7.4,-3.3,-0.75
798,Arnau Tenas, ESP,GK,Barcelona,21,2001,0.0,0.0,0,0.0,6,0.0,0.0,0.0,0.0,0.0,0.0,0.0,0.0
799,Casper Tengstedt, DEN,FW,Benfica,22,2000,0.0,0.0,0,0.0,4,0.0,0.0,0.0,0.0,0.0,0.0,0.0,0.0
800,Marc-André ter Stegen, GER,GK,Barcelona,30,1992,90.0,90.0,5,0.0,1,0.8,8.0,10.0,-2.4,7.6,6.8,0.8,0.17
801,Kévin Théophile-Catherine, FRA,DF,Dinamo Zagreb,32,1989,75.0,75.0,0,0.0,5,0.5,0.0,1.0,-0.04,0.5,1.8,-1.3,-1.54
802,Malick Thiaw, GER,DF,Milan,20,2001,69.0,81.0,2,32.0,2,1.0,1.0,0.0,-0.01,3.8,1.4,2.4,0.78
803,Mohamed Tijani, BEN,DF,Viktoria Plzeň,25,1997,56.0,70.0,1,28.0,2,0.75,2.0,6.0,1.49,1.5,5.4,-4.0,-2.13
804,Malik Tillman, USA,MF,Rangers,20,2002,49.0,59.0,0,9.0,1,0.78,0.0,11.0,-1.32,0.8,7.4,-6.7,-2.45
805,Jurriën Timber, NED,DF,Ajax,21,2001,88.0,88.0,5,0.0,0,1.0,11.0,15.0,7.5,8.3,11.7,-3.4,-0.58
806,João Tomé, POR,FW,Benfica,19,2003,0.0,0.0,0,0.0,1,0.0,0.0,0.0,0.0,0.0,0.0,0.0,0.0
807,Fikayo Tomori, ENG,DF,Milan,24,1997,83.0,83.0,9,0.0,0,1.2,10.0,9.0,-0.96,11.2,11.2,-0.1,-0.01
808,Sandro Tonali, ITA,MF,Milan,22,2000,88.0,88.0,10,0.0,0,1.5,14.0,11.0,-2.85,15.9,14.5,1.4,0.12
809,Dmytro Topalov, UKR,MF,Shakhtar,24,1998,0.0,0.0,0,0.0,6,0.0,0.0,0.0,0.0,0.0,0.0,0.0,0.0
810,Pablo Torre, ESP,"MF,FW",Barcelona,19,2003,32.0,76.0,0,10.0,2,2.0,4.0,3.0,1.15,2.4,2.7,-0.4,-0.36
811,Ferrán Torres, ESP,"FW,MF",Barcelona,22,2000,38.0,90.0,1,25.0,1,1.4,7.0,4.0,2.2,3.7,4.6,-0.9,-0.44
812,Andriy Totovytskyi, UKR,MF,Shakhtar,29,1993,17.0,0.0,0,17.0,1,0.0,0.0,0.0,0.34,0.2,0.1,0.1,0.62
813,Almamy Touré, MLI,DF,Eint Frankfurt,26,1996,0.0,0.0,0,0.0,2,0.0,0.0,0.0,0.0,0.0,0.0,0.0,0.0
814,Kevin Trapp, GER,GK,Eint Frankfurt,32,1990,90.0,90.0,8,0.0,0,1.25,7.0,13.0,0.0,8.0,12.9,-4.9,-0.61
815,Francisco Trincão, POR,"MF,FW",Sporting CP,22,1999,64.0,72.0,1,28.0,0,1.17,4.0,7.0,-1.87,2.1,6.4,-4.3,-1.0
816,Anatolii Trubin, UKR,GK,Shakhtar,20,2001,90.0,90.0,6,0.0,0,1.0,8.0,10.0,0.0,3.7,10.9,-7.1,-1.19
817,Kostas Tsimikas, GRE,DF,Liverpool,26,1996,57.0,84.0,3,3.0,2,2.5,9.0,2.0,1.84,8.8,1.8,7.0,1.84
818,David Turnbull, SCO,MF,Celtic,23,1999,21.0,0.0,0,21.0,0,0.4,1.0,4.0,-0.97,2.6,1.8,0.8,0.74
819,Tuta, BRA,DF,Eint Frankfurt,23,1999,86.0,86.0,6,0.0,0,1.0,4.0,12.0,-2.69,6.5,11.3,-4.8,-0.72
820,Marián Tvrdoň, SVK,GK,Viktoria Plzeň,27,1994,90.0,90.0,1,0.0,5,0.0,0.0,5.0,-2.2,0.5,2.4,-1.9,-1.95
821,Manuel Ugarte Ribeiro, URU,MF,Sporting CP,21,2001,78.0,78.0,4,0.0,0,1.17,8.0,7.0,2.66,3.5,8.2,-4.7,-0.91
822,Andreas Ulmer, AUT,DF,RB Salzburg,36,1985,63.0,87.0,3,14.0,0,1.0,4.0,4.0,2.18,5.3,3.7,1.6,0.39
823,Sven Ulreich, GER,GK,Bayern Munich,33,1988,90.0,90.0,3,0.0,7,3.0,9.0,2.0,1.05,6.6,2.7,3.9,1.3
824,Luca Unbehaun, GER,GK,Dortmund,21,2001,0.0,0.0,0,0.0,5,0.0,0.0,0.0,0.0,0.0,0.0,0.0,0.0
825,Cengiz Ünder, TUR,MF,Marseille,25,1997,29.0,61.0,0,22.0,0,1.0,3.0,2.0,0.77,3.9,1.6,2.4,1.25
826,Dayot Upamecano, FRA,DF,Bayern Munich,23,1998,71.0,77.0,5,16.0,0,2.5,18.0,5.0,0.2,14.8,9.5,5.3,0.67
827,Mateus Uribe, COL,MF,Porto,31,1991,87.0,87.0,4,0.0,0,1.43,9.0,7.0,-1.34,11.0,10.5,0.5,0.08
828,Enrique Valiente, ESP,DF,Sevilla,20,2002,90.0,90.0,2,0.0,4,0.5,1.0,4.0,-0.75,2.8,3.1,-0.3,-0.16
829,Álex Valle, ESP,DF,Barcelona,18,2004,0.0,0.0,0,0.0,1,0.0,0.0,0.0,0.0,0.0,0.0,0.0,0.0
830,Jesús Vallejo, ESP,DF,Real Madrid,25,1997,18.0,0.0,0,18.0,10,3.0,0.0,1.0,-6.19,0.4,0.2,0.2,1.11
831,Federico Valverde, URU,"MF,FW",Real Madrid,24,1998,88.0,88.0,10,0.0,0,2.36,23.0,10.0,1.21,19.7,13.6,6.2,0.58
832,Ignace Van Der Brempt, BEL,DF,RB Salzburg,20,2002,0.0,0.0,0,0.0,6,0.0,0.0,0.0,0.0,0.0,0.0,0.0,0.0
833,Virgil van Dijk, NED,DF,Liverpool,31,1991,90.0,90.0,8,0.0,0,1.88,19.0,12.0,0.0,14.7,10.6,4.1,0.51
834,Hans Vanaken, BEL,MF,Club Brugge,29,1992,88.0,88.0,7,0.0,0,1.38,7.0,10.0,-0.38,7.8,16.8,-9.0,-1.15
835,Denis Vavro, SVK,DF,FC Copenhagen,26,1996,90.0,90.0,4,0.0,0,1.0,1.0,9.0,-0.5,3.4,8.5,-5.1,-1.28
836,Lucas Vázquez, ESP,DF,Real Madrid,31,1991,40.0,79.0,1,15.0,6,1.4,3.0,5.0,-2.43,2.8,2.7,0.1,0.03
837,Jordan Veretout, FRA,MF,Marseille,29,1993,81.0,81.0,2,0.0,0,1.0,7.0,7.0,0.0,6.4,4.7,1.7,0.31
838,Lucas Veríssimo, BRA,DF,Benfica,27,1995,3.0,0.0,0,3.0,4,3.0,1.0,0.0,13.79,0.1,0.1,0.1,0.81
839,Gabriel Veron, BRA,"MF,FW",Porto,19,2002,16.0,0.0,0,16.0,3,1.0,1.0,3.0,-4.63,1.3,1.9,-0.6,-1.14
840,Marco Verratti, ITA,MF,Paris S-G,29,1992,89.0,89.0,5,0.0,0,1.57,9.0,8.0,-4.49,7.8,9.2,-1.5,-0.21
841,João Victor, BRA,DF,Benfica,24,1998,0.0,0.0,0,0.0,4,0.0,0.0,0.0,0.0,0.0,0.0,0.0,0.0
842,Vitinha, POR,MF,Paris S-G,22,2000,73.0,81.0,1,16.0,0,1.75,14.0,8.0,0.92,8.6,7.9,0.7,0.11
843,Odisseas Vlachodimos, GRE,GK,Benfica,28,1994,90.0,90.0,10,0.0,0,2.36,26.0,13.0,0.0,19.2,11.0,8.2,0.82
844,Dušan Vlahović, SRB,FW,Juventus,22,2000,82.0,82.0,3,0.0,0,0.6,5.0,10.0,-1.79,5.6,7.6,-2.0,-0.45
845,Adam Vlkanova, CZE,MF,Viktoria Plzeň,27,1994,76.0,76.0,1,0.0,0,0.0,5.0,21.0,0.15,5.3,13.0,-7.8,-1.52
846,Adam Vrba, CZE,FW,Viktoria Plzeň,21,2001,0.0,0.0,0,0.0,1,0.0,0.0,0.0,0.0,0.0,0.0,0.0,0.0
847,Stefan de Vrij, NED,DF,Inter,30,1992,43.0,80.0,1,15.0,6,1.57,4.0,5.0,-1.23,3.2,5.4,-2.2,-0.66
848,Alexander Walke, GER,GK,RB Salzburg,39,1983,0.0,0.0,0,0.0,6,0.0,0.0,0.0,0.0,0.0,0.0,0.0,0.0
849,Kyle Walker, ENG,"DF,FW",Manchester City,32,1990,56.0,90.0,3,6.0,2,1.8,6.0,2.0,-1.05,4.5,2.7,1.8,0.57
850,Paul Wanner, GER,"DF,FW",Bayern Munich,16,2005,18.0,0.0,0,18.0,1,3.0,0.0,1.0,-4.27,0.8,0.4,0.3,0.85
851,Stephen Welsh, SCO,DF,Celtic,22,2000,90.0,90.0,1,0.0,4,0.0,1.0,3.0,-0.2,0.9,2.2,-1.3,-1.31
852,Wendell, BRA,DF,Porto,29,1993,24.0,62.0,0,16.0,2,1.67,0.0,3.0,-2.98,2.4,4.0,-1.6,-0.99
853,Timo Werner, GER,FW,RB Leipzig,26,1996,63.0,68.0,2,22.0,0,1.63,8.0,12.0,-1.13,7.7,10.5,-2.8,-0.51
854,Harvey White, ENG,MF,Tottenham,20,2001,0.0,0.0,0,0.0,5,0.0,0.0,0.0,0.0,0.0,0.0,0.0,0.0
855,Alfie Whiteman, ENG,GK,Tottenham,23,1998,0.0,0.0,0,0.0,2,0.0,0.0,0.0,0.0,0.0,0.0,0.0,0.0
856,Owen Wijndal, NED,DF,Ajax,22,1999,38.0,43.0,0,33.0,2,1.5,2.0,0.0,3.73,1.1,0.2,0.9,1.11
857,Rhys Williams, ENG,DF,Liverpool,21,2001,0.0,0.0,0,0.0,1,0.0,0.0,0.0,0.0,0.0,0.0,0.0,0.0
858,Josh Wilson-Esbrand, ENG,DF,Manchester City,19,2002,23.0,0.0,0,23.0,4,3.0,3.0,0.0,3.95,1.8,0.5,1.3,2.55
859,Axel Witsel, BEL,"DF,MF",Atlético Madrid,33,1989,77.0,90.0,5,12.0,0,0.83,5.0,9.0,-0.78,8.1,9.3,-1.2,-0.23
860,Maximilian Wöber, AUT,DF,RB Salzburg,24,1998,55.0,77.0,0,12.0,1,1.0,1.0,5.0,-2.18,3.0,3.3,-0.2,-0.14
861,Marius Wolf, GER,DF,Dortmund,27,1995,44.0,81.0,1,7.0,2,1.75,1.0,2.0,-1.34,2.3,3.5,-1.2,-0.61
862,Scott Wright, SCO,"FW,MF",Rangers,24,1997,34.0,45.0,0,23.0,2,0.57,1.0,9.0,-2.62,2.0,3.7,-1.7,-1.13
863,Roman Yaremchuk, UKR,FW,Club Brugge,26,1995,28.0,61.0,0,17.0,4,1.75,1.0,3.0,-1.46,1.8,2.5,-0.7,-0.54
864,Rıdvan Yılmaz, TUR,DF,Rangers,21,2001,90.0,90.0,1,0.0,4,0.0,0.0,3.0,0.4,0.7,1.8,-1.1,-1.1
865,Danijel Zagorac, CRO,GK,Dinamo Zagreb,35,1987,0.0,0.0,0,0.0,4,0.0,0.0,0.0,0.0,0.0,0.0,0.0,0.0
866,Warren Zaire-Emery, FRA,MF,Paris S-G,16,2006,28.0,56.0,0,14.0,4,1.0,1.0,2.0,-2.07,0.8,1.2,-0.4,-0.44
867,Denis Zakaria, SUI,MF,Chelsea,25,1996,37.0,70.0,0,4.0,8,3.0,2.0,1.0,1.0,1.2,1.0,0.2,0.2
868,Andre-Frank Zambo Anguissa, CMR,MF,Napoli,26,1995,81.0,81.0,5,0.0,1,2.25,20.0,6.0,0.5,17.9,8.8,9.1,1.27
869,Alessandro Zanoli, ITA,DF,Napoli,21,2000,6.0,0.0,0,6.0,4,3.0,0.0,0.0,-1.82,0.4,0.2,0.2,1.52
870,Mattia Zanotti, ITA,DF,Inter,19,2003,0.0,0.0,0,0.0,3,0.0,0.0,0.0,0.0,0.0,0.0,0.0,0.0
871,Zeca, GRE,MF,FC Copenhagen,33,1988,81.0,81.0,1,0.0,0,1.25,0.0,2.0,1.02,1.2,2.6,-1.4,-0.78
872,Alessio Zerbin, ITA,FW,Napoli,23,1999,19.0,0.0,0,19.0,3,3.0,2.0,0.0,1.51,1.6,0.6,1.0,1.68
873,Piotr Zieliński, POL,MF,Napoli,28,1994,62.0,75.0,1,8.0,0,2.2,16.0,8.0,-2.04,17.8,11.0,6.7,0.98
874,Hakim Ziyech, MAR,"FW,MF",Chelsea,29,1993,37.0,90.0,1,19.0,5,1.0,0.0,1.0,-1.09,3.3,1.7,1.6,0.96
875,Oleksandr Zubkov, UKR,"FW,MF",Shakhtar,25,1996,73.0,73.0,1,0.0,0,1.2,6.0,5.0,1.79,2.6,6.2,-3.6,-0.88
876,Neven Đurasek, CRO,MF,Shakhtar,23,1998,18.0,0.0,0,18.0,1,1.0,2.0,3.0,-0.79,1.0,3.2,-2.1,-2.11
