,Player,Nationality,Position,Club,Age,Born,90s,Goals,Shot Total,Shots on target,Shots on target %,Shots Total/90,Shots on target/90,Goals/shot,Goals/shot on target,Avg shot distance,Free kicks,Penalty kicks ,Penalty kicks attempted,Expected goal,Goals minus expected goals
0,Liel Abada, ISR,"FW,MF",Celtic,20,2001,2.4,0,5,1,20.0,2.07,0.41,0.0,0.0,18.9,0,0,0,0.3,-0.3
1,Oliver Abildgaard, DEN,MF,Celtic,26,1996,0.7,0,0,0,0.0,0.0,0.0,0.0,0.0,0.0,0,0,0,0.0,0.0
2,Mohammad Abu Fani, ISR,MF,Maccabi Haifa,24,1998,4.4,0,11,2,18.2,2.48,0.45,0.0,0.0,25.1,1,0,0,0.4,-0.4
3,Francesco Acerbi, ITA,DF,Inter,34,1988,10.2,0,8,2,25.0,0.78,0.2,0.0,0.0,21.5,0,0,0,0.4,-0.4
4,Marcos Acuña, ARG,"DF,MF",Sevilla,30,1991,2.4,0,2,0,0.0,0.82,0.0,0.0,0.0,27.4,0,0,0,0.1,-0.1
5,Junior Adamu, AUT,FW,RB Salzburg,21,2001,2.3,1,5,3,60.0,2.21,1.32,0.2,0.33,8.4,0,0,0,1.3,-0.3
6,Antonio Adán, ESP,GK,Sporting CP,35,1987,4.2,0,0,0,0.0,0.0,0.0,0.0,0.0,0.0,0,0,0,0.0,0.0
7,Arijan Ademi, MKD,MF,Dinamo Zagreb,31,1991,5.2,0,6,2,33.3,1.15,0.38,0.0,0.0,16.0,0,0,0,0.4,-0.4
8,Karim Adeyemi, GER,"FW,MF",Dortmund,20,2002,4.2,2,11,3,27.3,2.63,0.72,0.18,0.67,16.9,0,0,0,1.8,0.2
9,Amine Adli, FRA,"FW,MF",Leverkusen,22,2000,1.3,0,3,1,33.3,2.23,0.74,0.0,0.0,15.6,0,0,0,0.7,-0.7
10,Manuel Akanji, SUI,DF,Manchester City,27,1995,10.5,1,7,4,57.1,0.67,0.38,0.14,0.25,16.4,0,0,0,0.9,0.1
11,Nathan Aké, NED,DF,Manchester City,27,1995,6.8,0,4,1,25.0,0.59,0.15,0.0,0.0,15.0,0,0,0,0.2,-0.2
12,David Alaba, AUT,DF,Real Madrid,30,1992,7.9,0,5,3,60.0,0.63,0.38,0.0,0.0,23.9,3,0,0,0.3,-0.3
13,Lucas Alario, ARG,"FW,MF",Eint Frankfurt,29,1992,0.2,0,0,0,0.0,0.0,0.0,0.0,0.0,0.0,0,0,0,0.0,0.0
14,Jordi Alba, ESP,DF,Barcelona,33,1989,1.6,0,0,0,0.0,0.0,0.0,0.0,0.0,0.0,0,0,0,0.0,0.0
15,Thiago Alcántara, ESP,MF,Liverpool,31,1991,3.4,0,3,2,66.7,0.88,0.59,0.0,0.0,24.8,0,0,0,0.2,-0.2
16,Trent Alexander-Arnold, ENG,DF,Liverpool,23,1998,6.9,1,9,4,44.4,1.3,0.58,0.11,0.25,23.9,3,0,0,0.3,0.7
17,Sotiris Alexandropoulos, GRE,MF,Sporting CP,20,2001,1.3,0,3,1,33.3,2.23,0.74,0.0,0.0,31.1,0,0,0,0.1,-0.1
18,Faride Alidou, GER,"DF,FW",Eint Frankfurt,21,2001,0.8,1,2,2,100.0,2.47,2.47,0.5,0.5,16.1,0,0,0,0.3,0.7
19,Alisson, BRA,GK,Liverpool,29,1992,8.0,0,0,0,0.0,0.0,0.0,0.0,0.0,0.0,0,0,0,0.0,0.0
20,Marcos Alonso, ESP,DF,Barcelona,31,1990,4.5,1,3,1,33.3,0.67,0.22,0.33,1.0,13.3,0,0,0,1.0,0.0
21,Éder Álvarez Balanta, COL,"MF,FW",Club Brugge,29,1993,0.6,0,0,0,0.0,0.0,0.0,0.0,0.0,0.0,0,0,0,0.0,0.0
22,Edson Álvarez, MEX,MF,Ajax,24,1997,5.9,1,10,2,20.0,1.69,0.34,0.1,0.5,13.1,0,0,0,0.9,0.1
23,Julián Álvarez, ARG,FW,Manchester City,22,2000,5.3,3,14,6,42.9,2.66,1.14,0.21,0.5,13.7,0,0,0,2.4,0.6
24,Nadiem Amiri, GER,"MF,FW",Leverkusen,25,1996,1.4,0,3,0,0.0,2.2,0.0,0.0,0.0,25.6,0,0,0,0.2,-0.2
25,Robert Andrich, GER,MF,Leverkusen,27,1994,4.5,1,5,1,20.0,1.11,0.22,0.2,1.0,22.6,0,0,0,0.3,0.7
26,Peter Ankersen, DEN,DF,FC Copenhagen,31,1990,0.3,0,0,0,0.0,0.0,0.0,0.0,0.0,0.0,0,0,0,0.0,0.0
27,Ofri Arad, ISR,"DF,MF",Maccabi Haifa,23,1998,0.2,0,0,0,0.0,0.0,0.0,0.0,0.0,0.0,0,0,0,0.0,0.0
28,Charles Aránguiz, CHI,MF,Leverkusen,33,1989,2.4,0,1,0,0.0,0.42,0.0,0.0,0.0,12.3,0,0,0,0.1,-0.1
29,Henrique Araújo, POR,FW,Benfica,20,2002,0.1,1,1,1,100.0,10.0,10.0,1.0,1.0,7.4,0,0,0,0.2,0.8
30,Ronald Araújo, URU,DF,Barcelona,23,1999,1.0,0,1,1,100.0,1.0,1.0,0.0,0.0,11.9,0,0,0,0.1,-0.1
31,Scott Arfield, CAN,MF,Rangers,33,1988,3.0,1,5,3,60.0,1.69,1.01,0.2,0.33,18.1,0,0,0,0.6,0.4
32,Hákon Arnar Haraldsson, ISL,FW,FC Copenhagen,19,2003,3.3,1,8,4,50.0,2.42,1.21,0.13,0.25,21.0,1,0,0,1.0,0.0
33,Kepa Arrizabalaga, ESP,GK,Chelsea,27,1994,9.0,0,0,0,0.0,0.0,0.0,0.0,0.0,0.0,0,0,0,0.0,0.0
34,Arthur, BRA,"MF,FW",Sporting CP,24,1998,1.2,2,2,2,100.0,1.62,1.62,1.0,1.0,7.9,0,0,0,0.3,1.7
35,Marco Asensio, ESP,"FW,MF",Real Madrid,26,1996,3.6,3,12,5,41.7,3.33,1.39,0.25,0.6,18.8,0,0,0,0.9,2.1
36,Kristjan Asllani, ALB,MF,Inter,20,2002,1.4,0,1,1,100.0,0.7,0.7,0.0,0.0,7.4,0,0,0,0.7,-0.7
37,Omer Atzili, ISR,"FW,MF",Maccabi Haifa,29,1993,3.4,2,14,7,50.0,4.09,2.05,0.14,0.29,21.4,1,0,0,0.7,1.3
38,Pierre-Emerick Aubameyang, GAB,FW,Chelsea,33,1989,4.5,2,15,8,53.3,3.35,1.79,0.13,0.25,11.7,0,0,0,2.3,-0.3
39,Lynnt Audoor, BEL,MF,Club Brugge,18,2003,0.1,0,0,0,0.0,0.0,0.0,0.0,0.0,0.0,0,0,0,0.0,0.0
40,Fredrik Aursnes, NOR,"FW,MF",Benfica,26,1995,6.9,1,6,1,16.7,0.87,0.15,0.17,1.0,15.1,0,0,0,0.5,0.5
41,Sardar Azmoun, IRN,FW,Leverkusen,27,1995,0.1,0,0,0,0.0,0.0,0.0,0.0,0.0,0.0,0,0,0,0.0,0.0
42,César Azpilicueta, ESP,DF,Chelsea,32,1989,2.9,0,0,0,0.0,0.0,0.0,0.0,0.0,0.0,0,0,0,0.0,0.0
43,Youri Baas, NED,DF,Ajax,19,2003,0.5,0,1,0,0.0,2.05,0.0,0.0,0.0,10.4,0,0,0,0.1,-0.1
44,Alexander Bah, DEN,DF,Benfica,24,1997,7.3,0,2,0,0.0,0.28,0.0,0.0,0.0,22.6,0,0,0,0.1,-0.1
45,Eric Bailly, CIV,DF,Marseille,28,1994,3.4,0,1,0,0.0,0.3,0.0,0.0,0.0,22.5,0,0,0,0.0,0.0
46,Stefan Bajcetic, ESP,MF,Liverpool,17,2004,1.2,0,2,1,50.0,1.65,0.83,0.0,0.0,33.1,0,0,0,0.0,0.0
47,Mitchel Bakker, NED,"MF,DF",Leverkusen,22,2000,3.8,0,6,1,16.7,1.6,0.27,0.0,0.0,19.1,0,0,0,0.4,-0.4
48,Alejandro Balde, ESP,DF,Barcelona,18,2003,1.9,0,1,0,0.0,0.53,0.0,0.0,0.0,30.7,0,0,0,0.0,0.0
49,Leonardo Balerdi, ARG,DF,Marseille,23,1999,5.5,1,3,1,33.3,0.55,0.18,0.33,1.0,8.4,0,0,0,0.2,0.8
50,Fodé Ballo-Touré, SEN,"DF,MF",Milan,25,1997,1.5,0,0,0,0.0,0.0,0.0,0.0,0.0,0.0,0,0,0,0.0,0.0
51,Tommaso Barbieri, ITA,MF,Juventus,19,2002,0.0,0,0,0,0.0,0.0,0.0,0.0,0.0,0.0,0,0,0,0.0,0.0
52,Roony Bardghji, SWE,FW,FC Copenhagen,16,2005,1.1,0,3,1,33.3,2.76,0.92,0.0,0.0,14.7,0,0,0,0.3,-0.3
53,Nicolò Barella, ITA,MF,Inter,25,1997,11.0,3,20,5,25.0,1.82,0.45,0.15,0.6,22.4,0,0,0,1.4,1.6
54,Borna Barišić, CRO,DF,Rangers,29,1992,5.2,0,0,0,0.0,0.0,0.0,0.0,0.0,0.0,0,0,0,0.0,0.0
55,Enzo Barrenechea, ARG,DF,Juventus,21,2001,0.0,0,0,0,0.0,0.0,0.0,0.0,0.0,0.0,0,0,0,0.0,0.0
56,Pablo Barrios, ESP,MF,Atlético Madrid,19,2003,0.1,0,0,0,0.0,0.0,0.0,0.0,0.0,0.0,0,0,0,0.0,0.0
57,Calvin Bassey, NGA,DF,Ajax,22,1999,6.0,0,0,0,0.0,0.0,0.0,0.0,0.0,0.0,0,0,0,0.0,0.0
58,Fortune Bassey, NGA,FW,Viktoria Plzeň,23,1998,1.5,0,4,2,50.0,2.69,1.34,0.0,0.0,22.6,0,0,0,0.2,-0.2
59,Alessandro Bastoni, ITA,DF,Inter,23,1999,10.9,0,4,1,25.0,0.37,0.09,0.0,0.0,15.2,0,0,0,0.2,-0.2
60,Dylan Batubinsika, COD,DF,Maccabi Haifa,26,1996,5.0,0,2,0,0.0,0.4,0.0,0.0,0.0,8.1,0,0,0,0.3,-0.3
61,Martin Baturina, CRO,MF,Dinamo Zagreb,19,2003,0.7,0,0,0,0.0,0.0,0.0,0.0,0.0,0.0,0,0,0,0.0,0.0
62,Raoul Bellanova, ITA,"DF,MF",Inter,22,2000,1.3,0,0,0,0.0,0.0,0.0,0.0,0.0,0.0,0,0,0,0.0,0.0
63,Héctor Bellerín, ESP,DF,Barcelona,27,1995,2.0,0,1,1,100.0,0.5,0.5,0.0,0.0,19.8,0,0,0,0.1,-0.1
64,Jude Bellingham, ENG,MF,Dortmund,19,2003,7.0,4,11,4,36.4,1.57,0.57,0.36,1.0,14.6,0,0,0,1.3,2.7
65,Ismaël Bennacer, ALG,MF,Milan,24,1997,6.5,1,7,3,42.9,1.08,0.46,0.14,0.33,23.6,0,0,0,0.5,0.5
66,Rodrigo Bentancur, URU,"MF,FW",Tottenham,25,1997,5.6,1,5,1,20.0,0.89,0.18,0.2,1.0,20.8,0,0,0,0.4,0.6
67,Karim Benzema, FRA,FW,Real Madrid,34,1987,8.3,4,35,18,51.4,4.23,2.18,0.11,0.22,14.7,0,0,0,5.1,-1.1
68,Steven Berghuis, NED,"MF,FW",Ajax,30,1991,5.1,2,13,3,23.1,2.53,0.58,0.15,0.67,24.2,0,0,0,1.1,0.9
69,Steven Bergwijn, NED,FW,Ajax,24,1997,5.8,2,9,4,44.4,1.56,0.69,0.11,0.25,21.8,0,1,1,1.8,0.2
70,Alexandro Bernabei, ARG,FW,Celtic,21,2000,0.1,0,0,0,0.0,0.0,0.0,0.0,0.0,0.0,0,0,0,0.0,0.0
71,Bernardo, BRA,DF,RB Salzburg,27,1995,3.0,0,2,0,0.0,0.66,0.0,0.0,0.0,7.3,0,0,0,0.2,-0.2
72,Juan Bernat, ESP,DF,Paris S-G,29,1993,3.1,0,0,0,0.0,0.0,0.0,0.0,0.0,0.0,0,0,0,0.0,0.0
73,Victor Bernth Kristiansen, DEN,"DF,MF",FC Copenhagen,19,2002,5.4,0,2,0,0.0,0.37,0.0,0.0,0.0,19.7,0,0,0,0.2,-0.2
74,Modou Biramé Ndiaye, SEN,MF,Viktoria Plzeň,25,1996,2.0,0,3,1,33.3,1.48,0.49,0.0,0.0,26.1,0,0,0,0.1,-0.1
75,Yves Bissouma, MLI,MF,Tottenham,25,1996,1.0,0,0,0,0.0,0.0,0.0,0.0,0.0,0.0,0,0,0,0.0,0.0
76,Janis Blaswich, GER,GK,RB Leipzig,31,1991,5.9,0,0,0,0.0,0.0,0.0,0.0,0.0,0.0,0,0,0,0.0,0.0
77,Daley Blind, NED,DF,Ajax,32,1990,4.5,0,3,0,0.0,0.66,0.0,0.0,0.0,18.0,0,0,0,0.2,-0.2
78,Petar Bočkaj, CRO,"DF,FW",Dinamo Zagreb,26,1996,0.4,0,3,1,33.3,6.92,2.31,0.0,0.0,20.7,1,0,0,0.3,-0.3
79,Nicolai Boilesen, DEN,DF,FC Copenhagen,30,1992,1.1,0,0,0,0.0,0.0,0.0,0.0,0.0,0.0,0,0,0,0.0,0.0
80,Valerii Bondar, UKR,DF,Shakhtar,23,1999,6.0,0,1,1,100.0,0.17,0.17,0.0,0.0,9.4,0,0,0,0.0,0.0
81,Artem Bondarenko, UKR,MF,Shakhtar,21,2000,5.4,0,0,0,0.0,0.0,0.0,0.0,0.0,0.0,0,0,0,0.0,0.0
82,Leonardo Bonucci, ITA,DF,Juventus,35,1987,4.9,1,2,1,50.0,0.41,0.2,0.5,1.0,16.3,0,0,0,0.8,0.2
83,Gonçalo Borges, POR,"MF,FW",Porto,21,2001,0.4,0,1,0,0.0,2.31,0.0,0.0,0.0,22.2,0,0,0,0.1,-0.1
84,Rafael Borré, COL,FW,Eint Frankfurt,26,1995,2.5,0,6,2,33.3,2.37,0.79,0.0,0.0,16.4,0,0,0,0.5,-0.5
85,Yassine Bounou, MAR,GK,Sevilla,31,1991,4.0,0,0,0,0.0,0.0,0.0,0.0,0.0,0.0,0,0,0,0.0,0.0
86,Dedryck Boyata, BEL,DF,Club Brugge,31,1990,1.5,0,0,0,0.0,0.0,0.0,0.0,0.0,0.0,0,0,0,0.0,0.0
87,Julian Brandt, GER,"MF,FW",Dortmund,26,1996,5.3,1,12,3,25.0,2.27,0.57,0.08,0.33,19.0,1,0,0,0.8,0.2
88,Gleison Bremer, BRA,DF,Juventus,25,1997,3.0,0,3,0,0.0,1.0,0.0,0.0,0.0,18.1,0,0,0,0.4,-0.4
89,Brian Brobbey, NED,FW,Ajax,20,2002,1.3,0,0,0,0.0,0.0,0.0,0.0,0.0,0.0,0,0,0,0.0,0.0
90,Armando Broja, ALB,FW,Chelsea,20,2001,1.3,0,1,0,0.0,0.78,0.0,0.0,0.0,12.0,0,0,0,0.1,-0.1
91,Marcelo Brozović, CRO,MF,Inter,29,1992,6.1,0,4,0,0.0,0.66,0.0,0.0,0.0,24.6,1,0,0,0.2,-0.2
92,Pavel Bucha, CZE,MF,Viktoria Plzeň,24,1998,4.0,0,3,0,0.0,0.74,0.0,0.0,0.0,23.2,0,0,0,0.1,-0.1
93,Tajon Buchanan, CAN,"DF,MF",Club Brugge,23,1999,5.8,0,8,1,12.5,1.38,0.17,0.0,0.0,20.8,0,0,0,0.4,-0.4
94,Marko Bulat, CRO,MF,Dinamo Zagreb,20,2001,0.3,0,1,0,0.0,3.1,0.0,0.0,0.0,23.5,0,0,0,0.0,0.0
95,Sergio Busquets, ESP,MF,Barcelona,34,1988,3.2,0,2,0,0.0,0.62,0.0,0.0,0.0,13.8,0,0,0,0.2,-0.2
96,Aurélio Buta, POR,DF,Eint Frankfurt,25,1997,1.8,0,0,0,0.0,0.0,0.0,0.0,0.0,0.0,0,0,0,0.0,0.0
97,Jamie Bynoe-Gittens, ENG,MF,Dortmund,17,2004,0.4,0,0,0,0.0,0.0,0.0,0.0,0.0,0.0,0,0,0,0.0,0.0
98,Jovane Cabral, CPV,MF,Sporting CP,24,1998,0.1,0,0,0,0.0,0.0,0.0,0.0,0.0,0.0,0,0,0,0.0,0.0
99,Davide Calabria, ITA,DF,Milan,25,1996,5.5,0,3,0,0.0,0.54,0.0,0.0,0.0,20.8,0,0,0,0.2,-0.2
100,Hakan Çalhanoğlu, TUR,MF,Inter,28,1994,8.9,1,13,4,30.8,1.46,0.45,0.08,0.25,26.6,1,0,0,0.4,0.6
101,Eduardo Camavinga, FRA,"MF,DF",Real Madrid,19,2002,8.0,0,4,1,25.0,0.5,0.12,0.0,0.0,19.4,0,0,0,0.3,-0.3
102,Emre Can, GER,MF,Dortmund,28,1994,6.3,0,6,2,33.3,0.96,0.32,0.0,0.0,30.9,0,0,0,0.2,-0.2
103,João Cancelo, POR,DF,Bayern Munich,28,1994,1.4,0,0,0,0.0,0.0,0.0,0.0,0.0,0.0,0,0,0,0.0,0.0
104,João Cancelo, POR,DF,Manchester City,28,1994,4.2,0,8,2,25.0,1.91,0.48,0.0,0.0,25.6,0,0,0,0.3,-0.3
105,Nicolás Capaldo, ARG,MF,RB Salzburg,24,1997,3.0,0,3,0,0.0,1.0,0.0,0.0,0.0,13.5,0,0,0,0.2,-0.2
106,Valentin Carboni, ARG,FW,Inter,17,2005,0.2,0,0,0,0.0,0.0,0.0,0.0,0.0,0.0,0,0,0,0.0,0.0
107,Fábio Cardoso, POR,DF,Porto,28,1994,4.0,0,3,0,0.0,0.75,0.0,0.0,0.0,9.1,0,0,0,0.2,-0.2
108,David Carmo, POR,DF,Porto,23,1999,5.0,0,2,1,50.0,0.4,0.2,0.0,0.0,12.0,0,0,0,0.2,-0.2
109,Carmona, ESP,DF,Sevilla,20,2002,5.0,0,3,0,0.0,0.6,0.0,0.0,0.0,15.5,0,0,0,0.5,-0.5
110,Yannick Carrasco, BEL,"DF,MF",Atlético Madrid,28,1993,3.0,1,12,5,41.7,3.94,1.64,0.08,0.2,23.0,2,0,1,1.7,-0.7
111,Cameron Carter-Vickers, USA,DF,Celtic,24,1997,4.0,0,2,0,0.0,0.5,0.0,0.0,0.0,12.0,0,0,0,0.1,-0.1
112,Dani Carvajal, ESP,DF,Real Madrid,30,1992,9.7,0,2,0,0.0,0.21,0.0,0.0,0.0,18.4,0,0,0,0.2,-0.2
113,Fabio Carvalho, POR,"MF,FW",Liverpool,19,2002,1.3,0,4,0,0.0,3.13,0.0,0.0,0.0,21.9,0,0,0,0.2,-0.2
114,Marc Casado, ESP,MF,Barcelona,18,2003,0.3,0,0,0,0.0,0.0,0.0,0.0,0.0,0.0,0,0,0,0.0,0.0
115,Dani Ceballos, ESP,MF,Real Madrid,25,1996,1.0,0,2,2,100.0,2.09,2.09,0.0,0.0,14.2,0,0,0,0.3,-0.3
116,Aleš Čermák, CZE,MF,Viktoria Plzeň,27,1994,0.4,0,1,0,0.0,2.81,0.0,0.0,0.0,15.4,0,0,0,0.0,0.0
117,El Chadaille Bitshiabu, FRA,DF,Paris S-G,17,2005,0.5,0,0,0,0.0,0.0,0.0,0.0,0.0,0.0,0,0,0,0.0,0.0
118,Trevoh Chalobah, ENG,DF,Chelsea,23,1999,4.9,0,6,0,0.0,1.23,0.0,0.0,0.0,13.1,0,0,0,0.6,-0.6
119,Timothy Chandler, USA,DF,Eint Frankfurt,32,1990,0.1,0,1,1,100.0,7.5,7.5,0.0,0.0,34.1,1,0,0,0.0,0.0
120,Tjaronn Chery, SUR,"MF,FW",Maccabi Haifa,34,1988,6.0,2,19,4,21.1,3.17,0.67,0.05,0.25,27.2,2,1,1,1.6,0.4
121,Federico Chiesa, ITA,FW,Juventus,24,1997,0.2,0,1,0,0.0,5.29,0.0,0.0,0.0,15.4,0,0,0,0.1,-0.1
122,Ben Chilwell, ENG,"DF,MF",Chelsea,25,1996,6.2,0,6,0,0.0,0.97,0.0,0.0,0.0,21.0,0,0,0,0.2,-0.2
123,Chiquinho, POR,MF,Benfica,27,1995,4.5,0,7,1,14.3,1.56,0.22,0.0,0.0,16.7,0,0,0,0.4,-0.4
124,Tomáš Chorý, CZE,FW,Viktoria Plzeň,27,1995,4.0,2,10,3,30.0,2.49,0.75,0.1,0.33,14.6,0,1,1,2.0,0.0
125,Andreas Christensen, DEN,DF,Barcelona,26,1996,2.4,0,1,1,100.0,0.42,0.42,0.0,0.0,12.2,0,0,0,0.1,-0.1
126,Viktor Claesson, SWE,"FW,MF",FC Copenhagen,30,1992,5.4,0,7,3,42.9,1.31,0.56,0.0,0.0,13.1,0,0,0,0.5,-0.5
127,Jonathan Clauss, FRA,DF,Marseille,29,1992,4.6,0,5,1,20.0,1.1,0.22,0.0,0.0,19.8,0,0,0,0.3,-0.3
128,William Clem, DEN,MF,FC Copenhagen,18,2004,1.9,0,3,0,0.0,1.59,0.0,0.0,0.0,20.9,0,0,0,0.2,-0.2
129,Sebastián Coates, URU,DF,Sporting CP,31,1990,4.4,0,2,0,0.0,0.46,0.0,0.0,0.0,11.0,0,0,0,0.1,-0.1
130,Josh Cohen, USA,GK,Maccabi Haifa,29,1992,6.0,0,0,0,0.0,0.0,0.0,0.0,0.0,0.0,0,0,0,0.0,0.0
131,Antonio Čolak, CRO,FW,Rangers,28,1993,3.2,0,4,1,25.0,1.27,0.32,0.0,0.0,14.6,0,0,0,0.2,-0.2
132,Kingsley Coman, FRA,"FW,DF",Bayern Munich,26,1996,5.9,1,14,5,35.7,2.36,0.84,0.07,0.2,16.7,0,0,0,1.0,0.0
133,Francisco Conceição, POR,"FW,MF",Ajax,19,2002,0.2,1,1,1,100.0,5.29,5.29,1.0,1.0,13.5,0,0,0,0.5,0.5
134,Rodrigo Conceição, POR,DF,Porto,22,2000,0.1,0,0,0,0.0,0.0,0.0,0.0,0.0,0.0,0,0,0,0.0,0.0
135,Andreas Cornelius, DEN,FW,FC Copenhagen,29,1993,1.2,0,1,0,0.0,0.83,0.0,0.0,0.0,10.0,0,0,0,0.1,-0.1
136,Pierre Cornud, FRA,DF,Maccabi Haifa,25,1996,4.1,0,1,0,0.0,0.24,0.0,0.0,0.0,25.4,0,0,0,0.0,0.0
137,Ángel Correa, ARG,"FW,MF",Atlético Madrid,27,1995,3.5,0,9,4,44.4,2.57,1.14,0.0,0.0,16.0,0,0,0,0.8,-0.8
138,Joaquín Correa, ARG,FW,Inter,27,1994,3.4,1,5,3,60.0,1.48,0.89,0.2,0.33,14.6,0,0,0,0.7,0.3
139,Bruno Xavier Almeida Costa, POR,MF,Porto,25,1997,0.8,0,1,0,0.0,1.23,0.0,0.0,0.0,28.5,0,0,0,0.0,0.0
140,Diogo Costa, POR,GK,Porto,22,1999,8.0,0,0,0,0.0,0.0,0.0,0.0,0.0,0.0,0,0,0,0.0,0.0
141,Soumaïla Coulibaly, FRA,DF,Dortmund,18,2003,0.2,0,0,0,0.0,0.0,0.0,0.0,0.0,0.0,0,0,0,0.0,0.0
142,Thibaut Courtois, BEL,GK,Real Madrid,30,1992,10.0,0,0,0,0.0,0.0,0.0,0.0,0.0,0.0,0,0,0,0.0,0.0
143,Juan Cuadrado, COL,"DF,MF",Juventus,34,1988,4.8,0,5,1,20.0,1.04,0.21,0.0,0.0,23.4,0,0,0,0.1,-0.1
144,Marc Cucurella, ESP,DF,Chelsea,24,1998,4.6,0,1,1,100.0,0.22,0.22,0.0,0.0,4.8,0,0,0,0.3,-0.3
145,Matheus Cunha, BRA,"FW,MF",Atlético Madrid,23,1999,1.4,0,5,1,20.0,3.69,0.74,0.0,0.0,16.1,0,0,0,0.6,-0.6
146,Danilo D'Ambrosio, ITA,DF,Inter,33,1988,1.8,0,2,1,50.0,1.12,0.56,0.0,0.0,14.1,0,0,0,0.2,-0.2
147,Danilo, BRA,DF,Juventus,31,1991,4.7,0,2,0,0.0,0.42,0.0,0.0,0.0,8.9,0,0,0,0.3,-0.3
148,Arnaut Danjuma, NED,MF,Tottenham,25,1997,0.1,0,0,0,0.0,0.0,0.0,0.0,0.0,0.0,0,0,0,0.0,0.0
149,Mohammed Daramy, DEN,FW,FC Copenhagen,20,2002,4.9,0,2,0,0.0,0.41,0.0,0.0,0.0,24.1,0,0,0,0.1,-0.1
150,Matteo Darmian, ITA,DF,Inter,32,1989,9.1,0,2,0,0.0,0.22,0.0,0.0,0.0,19.2,0,0,0,0.1,-0.1
151,Dean David, ISR,"FW,DF",Maccabi Haifa,26,1996,2.6,1,10,1,10.0,3.8,0.38,0.1,1.0,15.9,0,0,0,1.9,-0.9
152,Alphonso Davies, CAN,DF,Bayern Munich,21,2000,6.7,0,5,2,40.0,0.75,0.3,0.0,0.0,15.9,0,0,0,0.5,-0.5
153,Ben Davies, WAL,DF,Tottenham,29,1993,4.4,0,2,0,0.0,0.46,0.0,0.0,0.0,31.0,0,0,0,0.0,0.0
154,Ben Davies, ENG,DF,Rangers,26,1995,2.9,0,2,0,0.0,0.69,0.0,0.0,0.0,20.1,0,0,0,0.1,-0.1
155,Steven Davis, NIR,MF,Rangers,37,1985,2.8,0,0,0,0.0,0.0,0.0,0.0,0.0,0.0,0,0,0,0.0,0.0
156,Kevin De Bruyne, BEL,MF,Manchester City,31,1991,8.0,2,16,7,43.8,2.01,0.88,0.13,0.29,23.6,2,0,0,1.3,0.7
157,Charles De Ketelaere, BEL,"MF,FW",Milan,21,2001,2.6,0,4,1,25.0,1.54,0.38,0.0,0.0,12.0,0,0,0,0.5,-0.5
158,Rodrigo De Paul, ARG,MF,Atlético Madrid,28,1994,2.8,1,5,4,80.0,1.76,1.41,0.2,0.25,24.5,0,0,0,0.2,0.8
159,Mattia De Sciglio, ITA,DF,Juventus,29,1992,1.1,0,0,0,0.0,0.0,0.0,0.0,0.0,0.0,0,0,0,0.0,0.0
160,Amar Dedić, BIH,DF,RB Salzburg,19,2002,6.0,0,3,1,33.3,0.5,0.17,0.0,0.0,18.7,0,0,0,0.1,-0.1
161,Thomas Delaney, DEN,MF,Sevilla,30,1991,2.6,0,3,0,0.0,1.17,0.0,0.0,0.0,19.8,0,0,0,0.2,-0.2
162,Ousmane Dembélé, FRA,FW,Barcelona,25,1997,4.6,1,10,5,50.0,2.18,1.09,0.1,0.2,20.4,0,0,0,1.1,-0.1
163,Kerem Demirbay, GER,MF,Leverkusen,29,1993,3.0,0,6,2,33.3,2.01,0.67,0.0,0.0,27.0,0,0,1,1.1,-1.1
164,Sergiño Dest, USA,DF,Milan,21,2000,2.1,0,2,0,0.0,0.94,0.0,0.0,0.0,8.5,0,0,0,0.3,-0.3
165,Giovanni Di Lorenzo, ITA,DF,Napoli,28,1993,9.9,2,13,5,38.5,1.32,0.51,0.15,0.4,12.3,0,0,0,1.2,0.8
166,Ángel Di María, ARG,FW,Juventus,34,1988,1.6,0,4,1,25.0,2.47,0.62,0.0,0.0,15.5,0,0,0,0.3,-0.3
167,Moussa Diaby, FRA,"FW,MF",Leverkusen,23,1999,5.6,2,16,10,62.5,2.85,1.78,0.13,0.2,18.6,0,0,0,1.7,0.3
168,Abdou Diallo, SEN,"DF,MF",RB Leipzig,26,1996,2.5,0,1,0,0.0,0.4,0.0,0.0,0.0,32.5,0,0,0,0.0,0.0
169,Rúben Dias, POR,DF,Manchester City,25,1997,11.7,1,13,5,38.5,1.12,0.43,0.08,0.2,11.3,0,0,0,1.7,-0.7
170,Brahim Díaz, ESP,"MF,FW",Milan,22,1999,6.7,1,11,4,36.4,1.64,0.6,0.09,0.25,15.6,0,0,0,1.6,-0.6
171,Luis Díaz, COL,FW,Liverpool,25,1997,3.0,1,9,3,33.3,3.01,1.0,0.11,0.33,18.5,0,0,0,0.5,0.5
172,Eric Dier, ENG,DF,Tottenham,28,1994,6.9,0,9,2,22.2,1.31,0.29,0.0,0.0,12.4,1,0,0,1.1,-1.1
173,Kevin Diks, NED,DF,FC Copenhagen,25,1996,3.7,0,3,0,0.0,0.81,0.0,0.0,0.0,8.8,0,0,0,0.5,-0.5
174,Federico Dimarco, ITA,DF,Inter,24,1997,8.1,0,13,2,15.4,1.61,0.25,0.0,0.0,16.9,0,0,0,1.3,-1.3
175,Junior Dina Ebimbe, FRA,"MF,DF",Eint Frankfurt,21,2000,2.7,0,2,0,0.0,0.75,0.0,0.0,0.0,20.3,0,0,0,0.1,-0.1
176,Marko Dmitrović, SRB,GK,Sevilla,30,1992,2.0,0,0,0,0.0,0.0,0.0,0.0,0.0,0.0,0,0,0,0.0,0.0
177,Matt Doherty, IRL,DF,Tottenham,30,1992,0.8,0,4,1,25.0,4.74,1.18,0.0,0.0,17.8,0,0,0,0.1,-0.1
178,Kasper Dolberg, DEN,FW,Sevilla,24,1997,1.2,0,1,0,0.0,0.82,0.0,0.0,0.0,8.5,0,0,0,0.2,-0.2
179,Gianluigi Donnarumma, ITA,GK,Paris S-G,23,1999,8.0,0,0,0,0.0,0.0,0.0,0.0,0.0,0.0,0,0,0,0.0,0.0
180,Julian Draxler, GER,MF,Benfica,28,1993,0.4,0,1,0,0.0,2.81,0.0,0.0,0.0,17.8,0,0,0,0.1,-0.1
181,Josip Drmić, SUI,FW,Dinamo Zagreb,29,1992,1.1,0,1,1,100.0,0.95,0.95,0.0,0.0,11.7,0,0,0,0.1,-0.1
182,Denzel Dumfries, NED,DF,Inter,26,1996,9.8,1,11,5,45.5,1.12,0.51,0.09,0.2,10.6,0,0,0,1.7,-0.7
183,Edin Džeko, BIH,FW,Inter,36,1986,9.2,4,23,11,47.8,2.51,1.2,0.17,0.36,12.4,0,0,0,3.2,0.8
184,Ederson, BRA,GK,Manchester City,28,1993,11.0,0,0,0,0.0,0.0,0.0,0.0,0.0,0.0,0,0,0,0.0,0.0
185,Jorge Eduardo Sánchez, MEX,DF,Ajax,24,1997,3.0,0,2,1,50.0,0.67,0.33,0.0,0.0,20.4,0,0,0,0.2,-0.2
186,Marcus Edwards, ENG,"FW,MF",Sporting CP,23,1998,3.9,2,7,5,71.4,1.79,1.28,0.29,0.4,15.4,0,0,0,0.7,1.3
187,Hugo Ekitike, FRA,"MF,FW",Paris S-G,20,2002,0.7,0,2,2,100.0,2.9,2.9,0.0,0.0,14.1,0,0,0,0.2,-0.2
188,Harvey Elliott, ENG,MF,Liverpool,19,2003,4.4,2,11,6,54.5,2.51,1.37,0.18,0.33,19.0,0,0,0,1.1,0.9
189,Elif Elmas, MKD,"FW,MF",Napoli,22,1999,3.2,0,4,1,25.0,1.26,0.32,0.0,0.0,21.1,1,0,0,0.2,-0.2
190,Emerson, BRA,"DF,MF",Tottenham,23,1999,6.0,0,8,4,50.0,1.33,0.66,0.0,0.0,15.5,0,0,0,0.5,-0.5
191,Youssef En-Nesyri, MAR,FW,Sevilla,25,1997,2.7,2,12,6,50.0,4.41,2.2,0.17,0.33,11.2,0,0,0,1.7,0.3
192,Ricardo Esgaio, POR,"DF,MF",Sporting CP,29,1993,1.2,0,0,0,0.0,0.0,0.0,0.0,0.0,0.0,0,0,0,0.0,0.0
193,Dario Essugo, POR,MF,Sporting CP,17,2005,0.3,0,0,0,0.0,0.0,0.0,0.0,0.0,0.0,0,0,0,0.0,0.0
194,Stephen Eustáquio, CAN,MF,Porto,25,1996,6.6,2,12,6,50.0,1.82,0.91,0.17,0.33,15.8,0,0,0,1.4,0.6
195,Evanilson, BRA,FW,Porto,22,1999,5.7,1,9,2,22.2,1.58,0.35,0.11,0.5,10.3,0,0,0,0.9,0.1
196,Fabinho, BRA,MF,Liverpool,28,1993,7.0,0,0,0,0.0,0.0,0.0,0.0,0.0,0.0,0,0,0,0.0,0.0
197,Nicolò Fagioli, ITA,MF,Juventus,21,2001,1.2,0,0,0,0.0,0.0,0.0,0.0,0.0,0.0,0,0,0,0.0,0.0
198,Rasmus Falk, DEN,MF,FC Copenhagen,30,1992,2.1,0,1,0,0.0,0.48,0.0,0.0,0.0,18.1,0,0,0,0.1,-0.1
199,Abdul Fatawu Issahaku, GHA,"MF,DF",Sporting CP,18,2004,1.0,0,2,1,50.0,2.02,1.01,0.0,0.0,21.2,0,0,0,0.1,-0.1
200,Ansu Fati, ESP,FW,Barcelona,19,2002,2.7,0,13,2,15.4,4.8,0.74,0.0,0.0,16.6,0,0,0,0.9,-0.9
201,Felipe, BRA,DF,Atlético Madrid,33,1989,1.0,0,2,0,0.0,2.0,0.0,0.0,0.0,7.4,0,0,0,0.2,-0.2
202,João Félix, POR,"FW,MF",Chelsea,22,1999,2.7,0,13,5,38.5,4.8,1.84,0.0,0.0,15.9,0,0,0,1.6,-1.6
203,João Félix, POR,FW,Atlético Madrid,22,1999,2.4,0,7,3,42.9,2.9,1.24,0.0,0.0,22.2,1,0,0,0.3,-0.3
204,Mateus Fernandes, POR,MF,Sporting CP,18,2004,0.3,0,0,0,0.0,0.0,0.0,0.0,0.0,0.0,0,0,0,0.0,0.0
205,Enzo Fernández, ARG,MF,Benfica,21,2001,4.7,0,11,3,27.3,2.32,0.63,0.0,0.0,25.2,0,0,0,0.5,-0.5
206,Enzo Fernández, ARG,MF,Chelsea,21,2001,3.7,0,8,3,37.5,2.17,0.81,0.0,0.0,26.0,0,0,0,0.3,-0.3
207,Fernando, BRA,FW,RB Salzburg,23,1999,0.7,0,4,2,50.0,5.63,2.81,0.0,0.0,16.5,0,0,0,0.6,-0.6
208,Fernando, BRA,MF,Sevilla,35,1987,1.0,0,0,0,0.0,0.0,0.0,0.0,0.0,0.0,0,0,0,0.0,0.0
209,Roberto Firmino, BRA,"FW,MF",Liverpool,30,1991,4.6,2,6,3,50.0,1.29,0.65,0.33,0.67,10.2,0,0,0,0.7,1.3
210,Phil Foden, ENG,"MF,FW",Manchester City,22,2000,4.3,1,9,5,55.6,2.11,1.17,0.11,0.2,16.1,0,0,0,1.0,0.0
211,Wesley Fofana, FRA,DF,Chelsea,21,2000,4.4,1,2,1,50.0,0.45,0.23,0.5,1.0,9.0,0,0,0,0.3,0.7
212,Bernardo Folha, POR,MF,Porto,20,2002,0.1,0,0,0,0.0,0.0,0.0,0.0,0.0,0.0,0,0,0,0.0,0.0
213,James Forrest, SCO,FW,Celtic,31,1991,1.0,0,0,0,0.0,0.0,0.0,0.0,0.0,0.0,0,0,0,0.0,0.0
214,Emil Forsberg, SWE,"MF,FW",RB Leipzig,30,1991,4.5,1,6,4,66.7,1.34,0.9,0.17,0.25,16.4,0,0,0,0.9,0.1
215,Fraser Forster, ENG,GK,Tottenham,34,1988,2.0,0,0,0,0.0,0.0,0.0,0.0,0.0,0.0,0,0,0,0.0,0.0
216,Timothy Fosu-Mensah, NED,"MF,DF",Leverkusen,24,1998,0.1,0,0,0,0.0,0.0,0.0,0.0,0.0,0.0,0,0,0,0.0,0.0
217,Lassina Franck Traoré, BFA,FW,Shakhtar,21,2001,2.7,1,5,2,40.0,1.84,0.74,0.2,0.5,17.0,0,0,0,0.5,0.5
218,André Franco, POR,MF,Porto,24,1998,0.2,0,0,0,0.0,0.0,0.0,0.0,0.0,0.0,0,0,0,0.0,0.0
219,Jeremie Frimpong, NED,"MF,FW",Leverkusen,21,2000,4.2,0,4,0,0.0,0.96,0.0,0.0,0.0,16.5,0,0,0,0.4,-0.4
220,Kyogo Furuhashi, JPN,FW,Celtic,27,1995,4.0,0,11,4,36.4,2.76,1.0,0.0,0.0,13.4,0,0,0,1.7,-1.7
221,Matteo Gabbia, ITA,DF,Milan,22,1999,2.3,1,1,1,100.0,0.43,0.43,1.0,1.0,4.2,0,0,0,0.4,0.6
222,Gianluca Gaetano, ITA,MF,Napoli,22,2000,0.3,0,0,0,0.0,0.0,0.0,0.0,0.0,0.0,0,0,0,0.0,0.0
223,Roberto Gagliardini, ITA,MF,Inter,28,1994,1.3,0,1,1,100.0,0.78,0.78,0.0,0.0,13.8,0,0,0,0.1,-0.1
224,Cody Gakpo, NED,"FW,MF",Liverpool,23,1999,1.7,0,2,1,50.0,1.18,0.59,0.0,0.0,17.1,0,0,0,0.1,-0.1
225,Galeno, BRA,"FW,MF",Porto,24,1997,6.3,2,15,5,33.3,2.4,0.8,0.13,0.4,16.6,1,0,0,2.8,-0.8
226,Conor Gallagher, ENG,MF,Chelsea,22,2000,3.3,0,9,3,33.3,2.69,0.9,0.0,0.0,15.0,0,0,0,1.5,-1.5
227,Eric García, ESP,DF,Barcelona,21,2001,2.5,0,0,0,0.0,0.0,0.0,0.0,0.0,0.0,0,0,0,0.0,0.0
228,Federico Gatti, ITA,DF,Juventus,24,1998,2.0,0,0,0,0.0,0.0,0.0,0.0,0.0,0.0,0,0,0,0.0,0.0
229,Gavi, ESP,MF,Barcelona,17,2004,3.7,0,2,0,0.0,0.55,0.0,0.0,0.0,24.5,0,0,0,0.1,-0.1
230,Gerson, BRA,MF,Marseille,25,1997,1.3,0,0,0,0.0,0.0,0.0,0.0,0.0,0.0,0,0,0,0.0,0.0
231,Giorgos Giakoumakis, GRE,FW,Celtic,27,1994,2.7,1,10,3,30.0,3.66,1.1,0.1,0.33,14.5,0,0,0,1.7,-0.7
232,Samuel Gigot, FRA,DF,Marseille,28,1993,2.8,0,1,0,0.0,0.36,0.0,0.0,0.0,3.4,0,0,0,0.3,-0.3
233,Bryan Gil, ESP,MF,Tottenham,21,2001,0.4,0,1,0,0.0,2.25,0.0,0.0,0.0,17.2,0,0,0,0.0,0.0
234,Gilberto, BRA,DF,Benfica,29,1993,2.2,0,0,0,0.0,0.0,0.0,0.0,0.0,0.0,0,0,0,0.0,0.0
235,Olivier Giroud, FRA,FW,Milan,35,1986,10.4,5,23,13,56.5,2.22,1.26,0.13,0.23,13.8,0,2,3,5.7,-0.7
236,Serge Gnabry, GER,"FW,MF",Bayern Munich,27,1995,3.8,2,10,4,40.0,2.62,1.05,0.2,0.5,19.3,1,0,0,1.3,0.7
237,Sean Goldberg, ISR,DF,Maccabi Haifa,27,1995,6.0,0,1,0,0.0,0.17,0.0,0.0,0.0,5.6,0,0,0,0.1,-0.1
238,Connor Goldson, ENG,DF,Rangers,29,1992,3.5,0,1,0,0.0,0.29,0.0,0.0,0.0,10.3,0,0,0,0.0,0.0
239,Joe Gomez, ENG,DF,Liverpool,25,1997,3.3,0,1,0,0.0,0.3,0.0,0.0,0.0,16.6,0,0,0,0.1,-0.1
240,Papu Gómez, ARG,"FW,MF",Sevilla,34,1988,2.7,0,6,2,33.3,2.2,0.73,0.0,0.0,23.2,0,0,0,0.3,-0.3
241,Sergio Gómez, ESP,"DF,MF",Manchester City,21,2000,3.4,0,7,2,28.6,2.07,0.59,0.0,0.0,22.5,0,0,0,0.2,-0.2
242,Diogo Gonçalves, POR,"FW,MF",Benfica,25,1997,0.4,0,1,1,100.0,2.25,2.25,0.0,0.0,30.3,0,0,0,0.0,0.0
243,Pedro Gonçalves, POR,"MF,FW",Sporting CP,24,1998,4.0,0,3,3,100.0,0.74,0.74,0.0,0.0,18.2,0,0,0,0.3,-0.3
244,Leon Goretzka, GER,MF,Bayern Munich,27,1995,6.7,2,16,7,43.8,2.38,1.04,0.13,0.29,18.7,0,0,0,1.8,0.2
245,Robin Gosens, GER,DF,Inter,28,1994,4.7,1,4,4,100.0,0.85,0.85,0.25,0.25,11.6,0,0,0,0.3,0.7
246,Mario Götze, GER,"MF,FW",Eint Frankfurt,30,1992,5.8,0,4,0,0.0,0.69,0.0,0.0,0.0,19.0,0,0,0,0.5,-0.5
247,Lucas Gourna-Douath, FRA,MF,RB Salzburg,18,2003,3.5,0,1,0,0.0,0.29,0.0,0.0,0.0,13.0,0,0,0,0.0,0.0
248,Kamil Grabara, POL,GK,FC Copenhagen,23,1999,4.0,0,0,0,0.0,0.0,0.0,0.0,0.0,0.0,0,0,0,0.0,0.0
249,Ryan Gravenberch, NED,MF,Bayern Munich,20,2002,2.8,0,4,2,50.0,1.42,0.71,0.0,0.0,20.8,0,0,0,0.5,-0.5
250,Ivo Grbić, CRO,GK,Atlético Madrid,26,1996,1.0,0,0,0,0.0,0.0,0.0,0.0,0.0,0.0,0,0,0,0.0,0.0
251,Jack Grealish, ENG,FW,Manchester City,26,1995,10.4,0,16,3,18.8,1.54,0.29,0.0,0.0,17.4,0,0,0,1.0,-1.0
252,Antoine Griezmann, FRA,"FW,MF",Atlético Madrid,31,1991,4.5,1,20,11,55.0,4.43,2.44,0.05,0.09,16.3,1,0,1,2.5,-1.5
253,Florian Grillitsch, AUT,MF,Ajax,26,1995,0.7,0,0,0,0.0,0.0,0.0,0.0,0.0,0.0,0,0,0,0.0,0.0
254,Álex Grimaldo, ESP,DF,Benfica,26,1995,10.0,2,15,5,33.3,1.5,0.5,0.13,0.4,23.3,6,0,0,1.2,0.8
255,Marko Grujić, SRB,MF,Porto,26,1996,3.1,0,7,2,28.6,2.27,0.65,0.0,0.0,18.3,0,0,0,0.5,-0.5
256,Nemanja Gudelj, SRB,"DF,MF",Sevilla,30,1991,5.5,0,2,0,0.0,0.36,0.0,0.0,0.0,25.7,0,0,0,0.1,-0.1
257,Gonçalo Guedes, POR,"FW,MF",Benfica,25,1996,0.5,0,1,0,0.0,2.09,0.0,0.0,0.0,21.1,0,0,0,0.0,0.0
258,Mattéo Guendouzi, FRA,MF,Marseille,23,1999,4.6,2,7,2,28.6,1.51,0.43,0.14,0.5,24.1,1,1,1,1.2,0.8
259,Raphaël Guerreiro, POR,DF,Dortmund,28,1993,5.3,2,6,3,50.0,1.13,0.56,0.33,0.67,22.8,0,0,0,0.7,1.3
260,Pape Gueye, SEN,MF,Marseille,23,1999,0.4,0,0,0,0.0,0.0,0.0,0.0,0.0,0.0,0,0,0,0.0,0.0
261,Péter Gulácsi, HUN,GK,RB Leipzig,32,1990,2.1,0,0,0,0.0,0.0,0.0,0.0,0.0,0.0,0,0,0,0.0,0.0
262,İlkay Gündoğan, GER,MF,Manchester City,31,1990,11.0,1,19,8,42.1,1.72,0.72,0.05,0.13,19.4,1,0,0,1.6,-0.6
263,Joško Gvardiol, CRO,DF,RB Leipzig,20,2002,6.0,2,2,2,100.0,0.33,0.33,1.0,1.0,4.1,0,0,0,0.8,1.2
264,Erling Haaland, NOR,FW,Manchester City,22,2000,9.3,12,39,25,64.1,4.17,2.68,0.28,0.44,12.1,0,1,2,10.7,1.3
265,Amadou Haidara, MLI,MF,RB Leipzig,24,1998,3.8,0,6,2,33.3,1.59,0.53,0.0,0.0,21.3,0,0,0,0.3,-0.3
266,Achraf Hakimi, MAR,"DF,MF",Paris S-G,23,1998,6.4,0,4,2,50.0,0.62,0.31,0.0,0.0,15.6,0,0,0,0.5,-0.5
267,Sead Haksabanović, MNE,"MF,FW",Celtic,23,1999,2.5,0,2,2,100.0,0.79,0.79,0.0,0.0,15.0,0,0,0,0.1,-0.1
268,Sébastien Haller, CIV,FW,Dortmund,28,1994,1.6,0,2,0,0.0,1.26,0.0,0.0,0.0,10.2,0,0,0,0.2,-0.2
269,Marcel Halstenberg, GER,DF,RB Leipzig,30,1991,1.9,0,1,0,0.0,0.54,0.0,0.0,0.0,12.2,0,0,0,0.0,0.0
270,Amine Harit, MAR,MF,Marseille,25,1997,4.2,1,9,5,55.6,2.13,1.18,0.11,0.2,18.7,0,0,0,1.0,0.0
271,Joe Hart, ENG,GK,Celtic,35,1987,6.0,0,0,0,0.0,0.0,0.0,0.0,0.0,0.0,0,0,0,0.0,0.0
272,Makoto Hasebe, JPN,DF,Eint Frankfurt,38,1984,2.9,0,0,0,0.0,0.0,0.0,0.0,0.0,0.0,0,0,0,0.0,0.0
273,Reo Hatate, JPN,MF,Celtic,24,1997,5.0,0,6,2,33.3,1.21,0.4,0.0,0.0,24.9,0,0,0,0.3,-0.3
274,Milan Havel, CZE,DF,Viktoria Plzeň,27,1994,4.7,0,1,0,0.0,0.21,0.0,0.0,0.0,16.7,0,0,0,0.0,0.0
275,Kai Havertz, GER,"FW,MF",Chelsea,23,1999,6.9,2,24,7,29.2,3.49,1.02,0.04,0.14,14.1,0,1,1,2.6,-0.6
276,Eden Hazard, BEL,"FW,MF",Real Madrid,31,1991,1.5,1,2,1,50.0,1.36,0.68,0.5,1.0,6.9,0,0,0,0.9,0.1
277,Thorgan Hazard, BEL,"DF,FW",Dortmund,29,1993,2.2,1,4,1,25.0,1.8,0.45,0.25,1.0,21.2,1,0,0,0.3,0.7
278,Dolev Haziz, ISR,DF,Maccabi Haifa,27,1995,2.3,0,1,0,0.0,0.43,0.0,0.0,0.0,24.6,0,0,0,0.0,0.0
279,Lukáš Hejda, CZE,DF,Viktoria Plzeň,32,1990,5.7,0,2,0,0.0,0.35,0.0,0.0,0.0,8.5,0,0,0,0.1,-0.1
280,Jordan Henderson, ENG,MF,Liverpool,32,1990,3.1,0,0,0,0.0,0.0,0.0,0.0,0.0,0.0,0,0,0,0.0,0.0
281,Jack Hendry, SCO,DF,Club Brugge,27,1995,1.0,0,0,0,0.0,0.0,0.0,0.0,0.0,0.0,0,0,0,0.0,0.0
282,Benjamin Henrichs, GER,"DF,MF",RB Leipzig,25,1997,2.2,0,2,0,0.0,0.89,0.0,0.0,0.0,13.4,0,0,0,0.3,-0.3
283,Mario Hermoso, ESP,DF,Atlético Madrid,27,1995,1.8,1,4,1,25.0,2.28,0.57,0.25,1.0,15.7,0,0,0,0.7,0.3
284,Lucas Hernández, FRA,DF,Bayern Munich,26,1996,1.9,1,1,1,100.0,0.52,0.52,1.0,1.0,3.3,0,0,0,0.4,0.6
285,Theo Hernández, FRA,DF,Milan,24,1997,10.5,0,10,2,20.0,0.95,0.19,0.0,0.0,27.2,3,0,0,0.5,-0.5
286,Son Heung-min, KOR,"MF,FW",Tottenham,30,1992,6.9,2,15,8,53.3,2.18,1.17,0.13,0.25,18.4,0,0,0,1.5,0.5
287,Piero Hincapié, ECU,DF,Leverkusen,20,2002,5.0,0,1,0,0.0,0.2,0.0,0.0,0.0,27.8,0,0,0,0.0,0.0
288,Adam Hložek, CZE,"MF,FW",Leverkusen,20,2002,3.1,0,5,5,100.0,1.64,1.64,0.0,0.0,19.3,1,0,0,0.5,-0.5
289,Libor Holík, CZE,DF,Viktoria Plzeň,24,1998,3.2,0,3,1,33.3,0.93,0.31,0.0,0.0,18.7,0,0,0,0.2,-0.2
290,Lukáš Hrádecký, FIN,GK,Leverkusen,32,1989,6.0,0,0,0,0.0,0.0,0.0,0.0,0.0,0.0,0,0,0,0.0,0.0
291,Callum Hudson-Odoi, ENG,FW,Leverkusen,21,2000,5.1,1,8,2,25.0,1.56,0.39,0.13,0.5,18.8,0,0,0,0.8,0.2
292,Mats Hummels, GER,DF,Dortmund,33,1988,3.5,0,1,0,0.0,0.29,0.0,0.0,0.0,8.5,0,0,0,0.0,0.0
293,Pierre Højbjerg, DEN,MF,Tottenham,26,1995,6.9,1,6,2,33.3,0.87,0.29,0.17,0.5,22.5,0,0,0,0.3,0.7
294,Samuel Iling-Junior, ENG,DF,Juventus,18,2003,0.2,0,0,0,0.0,0.0,0.0,0.0,0.0,0.0,0,0,0,0.0,0.0
295,Gonçalo Inácio, POR,DF,Sporting CP,20,2001,6.0,0,1,0,0.0,0.17,0.0,0.0,0.0,4.1,0,0,0,0.2,-0.2
296,Isco, ESP,"MF,FW",Sevilla,30,1992,4.4,1,8,5,62.5,1.8,1.13,0.13,0.2,19.9,1,0,0,0.7,0.3
297,Franco Israel, URU,GK,Sporting CP,22,2000,1.7,0,0,0,0.0,0.0,0.0,0.0,0.0,0.0,0,0,0,0.0,0.0
298,Luka Ivanušec, CRO,MF,Dinamo Zagreb,23,1998,5.8,0,8,4,50.0,1.37,0.69,0.0,0.0,19.5,0,0,0,0.9,-0.9
299,Ryan Jack, SCO,MF,Rangers,30,1992,2.1,0,0,0,0.0,0.0,0.0,0.0,0.0,0.0,0,0,0,0.0,0.0
300,Kristijan Jakić, CRO,DF,Eint Frankfurt,25,1997,6.8,0,2,0,0.0,0.29,0.0,0.0,0.0,22.3,0,0,0,0.1,-0.1
301,Reece James, ENG,"DF,MF",Chelsea,22,1999,7.7,1,8,3,37.5,1.04,0.39,0.13,0.33,20.3,1,0,0,0.5,0.5
302,Adnan Januzaj, BEL,"FW,MF",Sevilla,27,1995,0.6,0,0,0,0.0,0.0,0.0,0.0,0.0,0.0,0,0,0,0.0,0.0
303,Luis Javier Suárez, COL,FW,Marseille,24,1997,1.3,0,4,1,25.0,3.16,0.79,0.0,0.0,13.0,0,0,0,0.5,-0.5
304,Elias Jelert, DEN,"DF,MF",FC Copenhagen,19,2003,2.1,0,0,0,0.0,0.0,0.0,0.0,0.0,0.0,0,0,0,0.0,0.0
305,Václav Jemelka, CZE,DF,Viktoria Plzeň,27,1995,4.0,0,0,0,0.0,0.0,0.0,0.0,0.0,0.0,0,0,0,0.0,0.0
306,Valdemar Jensen, DEN,DF,FC Copenhagen,19,2003,3.4,0,3,0,0.0,0.89,0.0,0.0,0.0,13.9,0,0,0,0.3,-0.3
307,Moritz Jenz, GER,DF,Celtic,23,1999,6.0,0,3,1,33.3,0.5,0.17,0.0,0.0,11.6,0,0,0,0.3,-0.3
308,Juan Jesus, BRA,DF,Napoli,31,1991,2.3,0,0,0,0.0,0.0,0.0,0.0,0.0,0.0,0,0,0,0.0,0.0
309,Erik Jirka, SVK,"FW,MF",Viktoria Plzeň,24,1997,3.0,0,4,1,25.0,1.35,0.34,0.0,0.0,19.7,0,0,0,0.3,-0.3
310,Ísak Jóhannesson, ISL,"FW,MF",FC Copenhagen,19,2003,3.2,0,3,2,66.7,0.93,0.62,0.0,0.0,8.5,0,0,0,0.2,-0.2
311,Curtis Jones, ENG,"FW,MF",Liverpool,21,2001,1.1,0,3,0,0.0,2.7,0.0,0.0,0.0,15.1,0,0,0,0.2,-0.2
312,Frenkie de Jong, NED,MF,Barcelona,25,1997,2.6,0,0,0,0.0,0.0,0.0,0.0,0.0,0.0,0,0,0,0.0,0.0
313,Joan Jordán, ESP,MF,Sevilla,28,1994,2.9,0,0,0,0.0,0.0,0.0,0.0,0.0,0.0,0,0,0,0.0,0.0
314,Jorginho, ITA,MF,Chelsea,30,1991,4.6,1,2,1,50.0,0.43,0.22,0.0,0.0,22.5,0,1,1,0.9,0.1
315,Jota, POR,FW,Celtic,23,1999,3.2,2,12,8,66.7,3.79,2.53,0.17,0.25,21.5,1,0,0,0.9,1.1
316,Diogo Jota, POR,"FW,MF",Liverpool,25,1996,2.9,0,7,3,42.9,2.4,1.03,0.0,0.0,15.8,0,0,0,0.8,-0.8
317,Vinicius Júnior, BRA,FW,Real Madrid,22,2000,10.8,7,38,19,50.0,3.52,1.76,0.18,0.37,13.6,0,0,0,6.5,0.5
318,Josip Juranović, CRO,DF,Celtic,26,1995,6.0,0,1,0,0.0,0.17,0.0,0.0,0.0,36.6,0,0,1,0.8,-0.8
319,Jutglà, ESP,FW,Club Brugge,23,1999,5.7,2,10,6,60.0,1.76,1.06,0.1,0.17,21.5,0,1,1,1.8,0.2
320,Issa Kaboré, BFA,DF,Marseille,21,2001,1.3,0,1,0,0.0,0.8,0.0,0.0,0.0,11.5,0,0,0,0.0,0.0
321,Pierre Kalulu, FRA,DF,Milan,22,2000,8.3,0,2,2,100.0,0.24,0.24,0.0,0.0,25.6,0,0,0,0.0,0.0
322,Lukáš Kalvach, CZE,MF,Viktoria Plzeň,27,1995,5.5,0,3,2,66.7,0.55,0.37,0.0,0.0,30.9,0,0,0,0.3,-0.3
323,Daichi Kamada, JPN,"MF,FW",Eint Frankfurt,25,1996,7.7,3,12,5,41.7,1.55,0.65,0.17,0.4,17.5,0,1,1,3.0,0.0
324,Glen Kamara, FIN,MF,Rangers,26,1995,1.4,0,0,0,0.0,0.0,0.0,0.0,0.0,0.0,0,0,0,0.0,0.0
325,Dijon Kameri, KVX,MF,RB Salzburg,18,2004,1.3,0,4,2,50.0,2.98,1.49,0.0,0.0,23.8,0,0,0,0.2,-0.2
326,Kevin Kampl, SVN,MF,RB Leipzig,31,1990,3.0,0,0,0,0.0,0.0,0.0,0.0,0.0,0.0,0,0,0,0.0,0.0
327,Harry Kane, ENG,FW,Tottenham,29,1993,8.0,1,20,4,20.0,2.5,0.5,0.0,0.0,17.2,2,1,2,3.6,-2.6
328,N'Golo Kanté, FRA,MF,Chelsea,31,1991,1.8,0,2,0,0.0,1.1,0.0,0.0,0.0,9.6,0,0,0,0.6,-0.6
329,Mamoudou Karamoko, FRA,FW,FC Copenhagen,22,1999,0.5,0,0,0,0.0,0.0,0.0,0.0,0.0,0.0,0,0,0,0.0,0.0
330,Moise Kean, ITA,"FW,MF",Juventus,22,2000,1.2,1,4,2,50.0,3.24,1.62,0.25,0.5,10.7,0,0,0,1.4,-0.4
331,Ryan Kent, ENG,"FW,MF",Rangers,25,1996,5.6,0,7,1,14.3,1.24,0.18,0.0,0.0,23.9,0,0,0,0.3,-0.3
332,Franck Kessié, CIV,MF,Barcelona,25,1996,3.0,1,3,2,66.7,0.99,0.66,0.33,0.5,8.8,0,0,0,0.3,0.7
333,Davit Khocholava, GEO,DF,FC Copenhagen,29,1993,4.8,0,1,0,0.0,0.21,0.0,0.0,0.0,10.4,0,0,0,0.1,-0.1
334,Joshua Kimmich, GER,MF,Bayern Munich,27,1995,9.0,1,21,9,42.9,2.33,1.0,0.0,0.0,28.3,4,1,1,1.7,-0.7
335,Presnel Kimpembe, FRA,DF,Paris S-G,26,1995,1.6,0,0,0,0.0,0.0,0.0,0.0,0.0,0.0,0,0,0,0.0,0.0
336,Leon King, SCO,DF,Rangers,18,2004,4.2,0,1,0,0.0,0.24,0.0,0.0,0.0,11.7,0,0,0,0.1,-0.1
337,Simon Kjær, DEN,DF,Milan,33,1989,5.6,0,3,0,0.0,0.53,0.0,0.0,0.0,12.4,0,0,0,0.3,-0.3
338,Maurits Kjærgaard, DEN,MF,RB Salzburg,19,2003,5.5,0,9,1,11.1,1.64,0.18,0.0,0.0,24.1,0,0,0,0.6,-0.6
339,Davy Klaassen, NED,MF,Ajax,29,1993,2.4,1,1,1,100.0,0.42,0.42,1.0,1.0,11.3,0,0,0,0.1,0.9
340,Jan Kliment, CZE,FW,Viktoria Plzeň,28,1993,0.5,1,1,1,100.0,2.0,2.0,1.0,1.0,12.5,0,0,0,0.1,0.9
341,Lukas Klostermann, GER,DF,RB Leipzig,26,1996,0.6,0,0,0,0.0,0.0,0.0,0.0,0.0,0.0,0,0,0,0.0,0.0
342,Ansgar Knauff, GER,"DF,FW",Eint Frankfurt,20,2002,3.3,0,7,2,28.6,2.15,0.61,0.0,0.0,21.9,0,0,0,0.5,-0.5
343,Gregor Kobel, SUI,GK,Dortmund,24,1997,3.5,0,0,0,0.0,0.0,0.0,0.0,0.0,0.0,0,0,0,0.0,0.0
344,Philipp Köhn, SUI,GK,RB Salzburg,24,1998,6.0,0,0,0,0.0,0.0,0.0,0.0,0.0,0.0,0,0,0,0.0,0.0
345,Sekou Koita, MLI,FW,RB Salzburg,22,1999,0.2,0,1,0,0.0,4.5,0.0,0.0,0.0,13.1,0,0,0,0.0,0.0
346,Koke, ESP,MF,Atlético Madrid,30,1992,3.7,0,2,1,50.0,0.55,0.27,0.0,0.0,21.5,0,0,0,0.2,-0.2
347,Sead Kolašinac, BIH,DF,Marseille,29,1993,1.7,0,1,0,0.0,0.6,0.0,0.0,0.0,4.3,0,0,0,0.3,-0.3
348,Randal Kolo Muani, FRA,FW,Eint Frankfurt,23,1998,5.7,2,12,7,58.3,2.1,1.22,0.17,0.29,14.3,0,0,0,1.4,0.6
349,Ibrahima Konaté, FRA,DF,Liverpool,23,1999,2.9,0,1,0,0.0,0.35,0.0,0.0,0.0,12.8,0,0,0,0.0,0.0
350,Geoffrey Kondogbia, CTA,MF,Atlético Madrid,29,1993,2.5,0,7,0,0.0,2.8,0.0,0.0,0.0,26.1,0,0,0,0.3,-0.3
351,Yukhym Konoplia, UKR,DF,Shakhtar,22,1999,4.6,0,1,0,0.0,0.22,0.0,0.0,0.0,12.3,0,0,0,0.0,0.0
352,Jan Kopic, CZE,"FW,MF",Viktoria Plzeň,32,1990,0.9,0,2,0,0.0,2.22,0.0,0.0,0.0,17.5,0,0,0,0.1,-0.1
353,Odilon Kossonou, CIV,DF,Leverkusen,21,2001,4.8,0,2,0,0.0,0.42,0.0,0.0,0.0,19.7,0,0,0,0.1,-0.1
354,Filip Kostić, SRB,"DF,FW",Juventus,29,1992,4.8,0,6,2,33.3,1.26,0.42,0.0,0.0,16.6,0,0,0,0.4,-0.4
355,Kalidou Koulibaly, SEN,DF,Chelsea,31,1991,6.3,0,3,0,0.0,0.48,0.0,0.0,0.0,10.0,0,0,0,0.5,-0.5
356,Jules Koundé, FRA,DF,Barcelona,23,1998,2.7,0,0,0,0.0,0.0,0.0,0.0,0.0,0.0,0,0,0,0.0,0.0
357,Mateo Kovačić, CRO,MF,Chelsea,28,1994,6.9,1,4,1,25.0,0.58,0.14,0.25,1.0,19.8,0,0,0,0.3,0.7
358,Adam Kronus, CZE,FW,Viktoria Plzeň,20,2002,0.0,0,2,0,0.0,60.0,0.0,0.0,0.0,17.7,0,0,0,0.1,-0.1
359,Toni Kroos, GER,MF,Real Madrid,32,1990,9.4,0,10,1,10.0,1.07,0.11,0.0,0.0,27.5,0,0,0,0.3,-0.3
360,Rade Krunić, BIH,"MF,FW",Milan,28,1993,9.1,1,5,2,40.0,0.55,0.22,0.2,0.5,14.2,0,0,0,0.9,0.1
361,Dmytro Kryskiv, UKR,MF,Shakhtar,21,2000,0.1,0,0,0,0.0,0.0,0.0,0.0,0.0,0.0,0,0,0,0.0,0.0
362,Serhiy Kryvtsov, UKR,DF,Shakhtar,31,1991,0.1,0,0,0,0.0,0.0,0.0,0.0,0.0,0.0,0,0,0,0.0,0.0
363,Dejan Kulusevski, SWE,"MF,DF",Tottenham,22,2000,2.2,0,3,0,0.0,1.35,0.0,0.0,0.0,16.0,0,0,0,0.2,-0.2
364,Khvicha Kvaratskhelia, GEO,FW,Napoli,21,2001,7.7,2,35,11,31.4,4.55,1.43,0.03,0.09,17.9,0,1,3,5.7,-3.7
365,Konrad Laimer, AUT,"MF,FW",RB Leipzig,25,1997,2.9,0,2,0,0.0,0.69,0.0,0.0,0.0,8.0,0,0,0,0.2,-0.2
366,Érik Lamela, ARG,"FW,MF",Sevilla,30,1992,3.1,0,3,2,66.7,0.97,0.65,0.0,0.0,16.9,0,0,0,0.5,-0.5
367,Noa Lang, NED,FW,Club Brugge,23,1999,3.2,0,2,1,50.0,0.62,0.31,0.0,0.0,30.0,0,0,1,0.8,-0.8
368,Aymeric Laporte, ESP,DF,Manchester City,28,1994,3.2,0,0,0,0.0,0.0,0.0,0.0,0.0,0.0,0,0,0,0.0,0.0
369,Cyle Larin, CAN,"FW,MF",Club Brugge,27,1995,0.1,0,0,0,0.0,0.0,0.0,0.0,0.0,0.0,0,0,0,0.0,0.0
370,Rasmus Lauritsen, DEN,DF,Dinamo Zagreb,26,1996,0.2,0,0,0,0.0,0.0,0.0,0.0,0.0,0.0,0,0,0,0.0,0.0
371,Neta Lavi, ISR,MF,Maccabi Haifa,25,1996,5.2,0,1,0,0.0,0.19,0.0,0.0,0.0,11.5,0,0,0,0.0,0.0
372,Rafael Leão, POR,"FW,MF",Milan,23,1999,10.1,1,19,3,15.8,1.89,0.3,0.05,0.33,18.2,0,0,0,1.6,-0.6
373,Thomas Lemar, FRA,MF,Atlético Madrid,26,1995,1.2,0,1,0,0.0,0.87,0.0,0.0,0.0,22.5,0,0,0,0.1,-0.1
374,Clément Lenglet, FRA,DF,Tottenham,27,1995,5.6,1,1,1,100.0,0.18,0.18,1.0,1.0,9.2,0,0,0,0.2,0.8
375,Christopher Lenz, GER,DF,Eint Frankfurt,27,1994,2.5,0,2,1,50.0,0.8,0.4,0.0,0.0,19.3,0,0,0,0.3,-0.3
376,Lukas Lerager, DEN,MF,FC Copenhagen,29,1993,5.0,0,7,4,57.1,1.4,0.8,0.0,0.0,18.4,0,0,0,0.7,-0.7
377,Robert Lewandowski, POL,FW,Barcelona,33,1988,4.9,5,24,10,41.7,4.9,2.04,0.21,0.5,14.3,2,0,0,3.2,1.8
378,Rico Lewis, ENG,DF,Manchester City,17,2004,1.3,1,2,1,50.0,1.51,0.76,0.5,1.0,21.1,0,0,0,0.3,0.7
379,Matthijs de Ligt, NED,DF,Bayern Munich,22,1999,6.8,0,1,0,0.0,0.15,0.0,0.0,0.0,9.0,0,0,0,0.1,-0.1
380,Jesper Lindstrøm, DEN,"MF,FW",Eint Frankfurt,22,2000,5.6,1,11,4,36.4,1.95,0.71,0.09,0.25,15.6,0,0,0,0.9,0.1
381,Dominik Livaković, CRO,GK,Dinamo Zagreb,27,1995,6.0,0,0,0,0.0,0.0,0.0,0.0,0.0,0.0,0,0,0,0.0,0.0
382,Robert Ljubicic, AUT,"FW,DF",Dinamo Zagreb,23,1999,6.0,1,6,1,16.7,1.0,0.17,0.17,1.0,21.5,0,0,0,0.3,0.7
383,Marcos Llorente, ESP,"MF,FW",Atlético Madrid,27,1995,2.4,0,1,0,0.0,0.42,0.0,0.0,0.0,20.7,0,0,0,0.0,0.0
384,Hugo Lloris, FRA,GK,Tottenham,35,1986,6.0,0,0,0,0.0,0.0,0.0,0.0,0.0,0.0,0,0,0,0.0,0.0
385,Danny Loader, ENG,"FW,MF",Porto,21,2000,0.6,0,4,2,50.0,6.92,3.46,0.0,0.0,12.8,0,0,0,0.3,-0.3
386,Stanislav Lobotka, SVK,MF,Napoli,27,1994,9.7,0,3,0,0.0,0.31,0.0,0.0,0.0,26.8,0,0,0,0.1,-0.1
387,Manuel Locatelli, ITA,MF,Juventus,24,1998,2.5,0,8,1,12.5,3.24,0.41,0.0,0.0,25.3,0,0,0,0.5,-0.5
388,Ruben Loftus-Cheek, ENG,MF,Chelsea,26,1996,3.2,0,2,0,0.0,0.63,0.0,0.0,0.0,24.7,0,0,0,0.1,-0.1
389,Pau López, ESP,GK,Marseille,27,1994,6.0,0,0,0,0.0,0.0,0.0,0.0,0.0,0.0,0,0,0,0.0,0.0
390,Alexander lowry, SCO,MF,Rangers,19,2003,0.1,0,0,0,0.0,0.0,0.0,0.0,0.0,0.0,0,0,0,0.0,0.0
391,Hirving Lozano, MEX,FW,Napoli,27,1995,5.2,1,12,4,33.3,2.31,0.77,0.08,0.25,16.8,0,0,0,1.3,-0.3
392,Florentino Luís, POR,MF,Benfica,22,1999,9.5,0,5,0,0.0,0.52,0.0,0.0,0.0,21.1,0,0,0,0.4,-0.4
393,Romelu Lukaku, BEL,FW,Inter,29,1993,2.1,3,11,6,54.5,5.35,2.92,0.18,0.33,12.2,0,1,1,2.7,0.3
394,John Lundstram, ENG,"MF,DF",Rangers,28,1994,5.0,0,1,0,0.0,0.2,0.0,0.0,0.0,8.3,0,0,0,0.2,-0.2
395,Andriy Lunin, UKR,GK,Real Madrid,23,1999,2.0,0,0,0,0.0,0.0,0.0,0.0,0.0,0.0,0,0,0,0.0,0.0
396,Mahir Madatov, AZE,FW,Dinamo Zagreb,25,1997,0.2,0,1,0,0.0,4.29,0.0,0.0,0.0,31.8,0,0,0,0.0,0.0
397,Daizen Maeda, JPN,FW,Celtic,24,1997,3.7,0,6,1,16.7,1.64,0.27,0.0,0.0,9.4,0,0,0,1.4,-1.4
398,Riyad Mahrez, ALG,"FW,MF",Manchester City,31,1991,5.6,3,9,4,44.4,1.6,0.71,0.22,0.5,23.0,1,1,3,3.5,-0.5
399,Mike Maignan, FRA,GK,Milan,27,1995,7.0,0,0,0,0.0,0.0,0.0,0.0,0.0,0.0,0,0,0,0.0,0.0
400,Donyell Malen, NED,"FW,MF",Dortmund,23,1999,2.8,0,8,1,12.5,2.9,0.36,0.0,0.0,17.0,0,0,0,0.9,-0.9
401,Reinildo Mandava, MOZ,DF,Atlético Madrid,28,1994,5.7,0,3,0,0.0,0.53,0.0,0.0,0.0,20.4,0,0,0,0.3,-0.3
402,Sadio Mané, SEN,FW,Bayern Munich,30,1992,6.1,3,15,10,66.7,2.45,1.63,0.2,0.3,14.3,0,0,0,1.9,1.1
403,Iván Marcano, ESP,DF,Porto,35,1987,3.0,0,1,0,0.0,0.33,0.0,0.0,0.0,10.4,0,0,0,0.1,-0.1
404,Marcão, BRA,DF,Sevilla,26,1996,2.5,0,0,0,0.0,0.0,0.0,0.0,0.0,0.0,0,0,0,0.0,0.0
405,José María Giménez, URU,DF,Atlético Madrid,27,1995,4.5,0,4,1,25.0,0.9,0.22,0.0,0.0,15.8,0,0,0,0.5,-0.5
406,Mariano, DOM,FW,Real Madrid,28,1993,0.1,0,0,0,0.0,0.0,0.0,0.0,0.0,0.0,0,0,0,0.0,0.0
407,Antonio Marin, CRO,FW,Dinamo Zagreb,21,2001,0.1,0,0,0,0.0,0.0,0.0,0.0,0.0,0.0,0,0,0,0.0,0.0
408,João Mário, POR,FW,Benfica,29,1993,9.6,6,7,1,14.3,0.73,0.1,0.14,1.0,29.9,0,5,5,4.7,1.3
409,João Mário Lopes, POR,DF,Porto,22,2000,3.0,0,3,1,33.3,1.0,0.33,0.0,0.0,14.9,0,0,0,0.3,-0.3
410,Marquinhos, BRA,DF,Paris S-G,28,1994,7.3,0,2,1,50.0,0.28,0.14,0.0,0.0,8.1,0,0,0,0.1,-0.1
411,José Marsà, ESP,DF,Sporting CP,20,2002,1.1,0,0,0,0.0,0.0,0.0,0.0,0.0,0.0,0,0,0,0.0,0.0
412,Lautaro Martínez, ARG,FW,Inter,24,1997,11.1,3,27,8,29.6,2.44,0.72,0.11,0.38,15.0,0,0,0,2.9,0.1
413,Toni Martínez, ESP,FW,Porto,25,1997,1.3,0,4,0,0.0,3.19,0.0,0.0,0.0,11.1,0,0,0,0.4,-0.4
414,Clinton Mata, ANG,DF,Club Brugge,29,1992,1.8,0,0,0,0.0,0.0,0.0,0.0,0.0,0.0,0,0,0,0.0,0.0
415,Pape Matar Sarr, SEN,MF,Tottenham,19,2002,1.0,0,3,1,33.3,3.0,1.0,0.0,0.0,29.5,0,0,0,0.1,-0.1
416,Joël Matip, CMR,DF,Liverpool,30,1991,2.7,1,5,2,40.0,1.85,0.74,0.2,0.5,10.3,0,0,0,0.4,0.6
417,Rabbi Matondo, WAL,"MF,FW",Rangers,21,2000,1.1,0,1,0,0.0,0.93,0.0,0.0,0.0,9.6,0,0,0,0.1,-0.1
418,Mykola Matviyenko, UKR,DF,Shakhtar,26,1996,6.0,0,0,0,0.0,0.0,0.0,0.0,0.0,0.0,0,0,0,0.0,0.0
419,Philipp Max, GER,DF,Eint Frankfurt,28,1993,1.3,0,0,0,0.0,0.0,0.0,0.0,0.0,0.0,0,0,0,0.0,0.0
420,Eric Maxim Choupo-Moting, CMR,FW,Bayern Munich,33,1989,4.8,4,15,7,46.7,3.1,1.45,0.27,0.57,12.6,0,0,0,2.6,1.4
421,Noussair Mazraoui, MAR,DF,Bayern Munich,24,1997,4.4,0,4,1,25.0,0.92,0.23,0.0,0.0,18.0,0,0,0,0.2,-0.2
422,Kylian Mbappé, FRA,FW,Paris S-G,23,1998,7.2,7,25,14,56.0,3.46,1.94,0.24,0.43,16.1,0,1,1,3.6,3.4
423,Chancel Mbemba, COD,DF,Marseille,27,1994,4.5,2,4,2,50.0,0.89,0.44,0.5,1.0,17.4,0,0,0,0.4,1.6
424,James McCarthy, IRL,MF,Celtic,31,1990,0.1,0,0,0,0.0,0.0,0.0,0.0,0.0,0.0,0,0,0,0.0,0.0
425,Allan McGregor, SCO,GK,Rangers,40,1982,5.0,0,0,0,0.0,0.0,0.0,0.0,0.0,0.0,0,0,0,0.0,0.0
426,Callum McGregor, SCO,MF,Celtic,29,1993,2.4,0,2,0,0.0,0.83,0.0,0.0,0.0,24.7,0,0,0,0.1,-0.1
427,Weston McKennie, USA,MF,Juventus,23,1998,4.0,2,4,2,50.0,1.0,0.5,0.5,1.0,10.2,0,0,0,0.6,1.4
428,Jon McLaughlin, SCO,GK,Rangers,34,1987,1.0,0,0,0,0.0,0.0,0.0,0.0,0.0,0.0,0,0,0,0.0,0.0
429,Brandon Mechele, BEL,DF,Club Brugge,29,1993,8.0,0,0,0,0.0,0.0,0.0,0.0,0.0,0.0,0,0,0,0.0,0.0
430,Bjorn Meijer, NED,DF,Club Brugge,19,2003,6.4,1,5,1,20.0,0.79,0.16,0.2,1.0,12.0,0,0,0,0.4,0.6
431,Raz Meir, ISR,"DF,MF",Maccabi Haifa,25,1996,0.9,0,0,0,0.0,0.0,0.0,0.0,0.0,0.0,0,0,0,0.0,0.0
432,Arthur Melo, BRA,MF,Liverpool,25,1996,0.2,0,1,0,0.0,6.43,0.0,0.0,0.0,22.3,0,0,0,0.1,-0.1
433,Memphis, NED,FW,Barcelona,28,1994,0.2,0,0,0,0.0,0.0,0.0,0.0,0.0,0.0,0,0,0,0.0,0.0
434,Sun Menachem, ISR,DF,Maccabi Haifa,28,1993,0.7,0,0,0,0.0,0.0,0.0,0.0,0.0,0.0,0,0,0,0.0,0.0
435,Nuno Mendes, POR,"DF,MF",Paris S-G,20,2002,4.9,1,1,1,100.0,0.21,0.21,1.0,1.0,14.1,0,0,0,0.2,0.8
436,Edouard Mendy, SEN,GK,Chelsea,30,1992,1.0,0,0,0,0.0,0.0,0.0,0.0,0.0,0.0,0,0,0,0.0,0.0
437,Ferland Mendy, FRA,DF,Real Madrid,27,1995,3.9,0,1,0,0.0,0.26,0.0,0.0,0.0,25.5,0,0,0,0.0,0.0
438,Alex Meret, ITA,GK,Napoli,25,1997,10.0,0,0,0,0.0,0.0,0.0,0.0,0.0,0.0,0,0,0,0.0,0.0
439,Lionel Messi, ARG,"FW,MF",Paris S-G,35,1987,6.8,4,23,8,34.8,3.38,1.17,0.17,0.5,18.8,4,0,0,2.6,1.4
440,Junior Messias, BRA,"FW,DF",Milan,31,1991,3.5,1,6,2,33.3,1.71,0.57,0.17,0.5,17.4,0,0,0,0.4,0.6
441,Thomas Meunier, BEL,DF,Dortmund,30,1991,3.9,0,2,0,0.0,0.51,0.0,0.0,0.0,12.0,0,0,0,0.1,-0.1
442,Alexander Meyer, GER,GK,Dortmund,31,1991,4.5,0,0,0,0.0,0.0,0.0,0.0,0.0,0.0,0,0,0,0.0,0.0
443,Simon Mignolet, BEL,GK,Club Brugge,34,1988,8.0,0,0,0,0.0,0.0,0.0,0.0,0.0,0.0,0,0,0,0.0,0.0
444,Arkadiusz Milik, POL,FW,Juventus,28,1994,3.8,2,8,5,62.5,2.13,1.33,0.25,0.4,17.3,0,0,0,0.4,1.6
445,Éder Militão, BRA,DF,Real Madrid,24,1998,8.3,1,4,1,25.0,0.48,0.12,0.25,1.0,22.6,0,0,0,0.5,0.5
446,James Milner, ENG,MF,Liverpool,36,1986,2.7,0,1,0,0.0,0.37,0.0,0.0,0.0,24.3,0,0,0,0.0,0.0
447,Kim Min-jae, KOR,DF,Napoli,25,1996,8.7,0,1,0,0.0,0.11,0.0,0.0,0.0,11.7,0,0,0,0.0,0.0
448,Rafa Mir, ESP,"MF,FW",Sevilla,25,1997,1.7,1,8,3,37.5,4.62,1.73,0.13,0.33,13.3,0,0,0,0.5,0.5
449,Fabio Miretti, ITA,"MF,FW",Juventus,18,2003,2.4,0,4,0,0.0,1.7,0.0,0.0,0.0,19.1,0,0,0,0.3,-0.3
450,Josip Mišić, CRO,MF,Dinamo Zagreb,28,1994,5.8,0,5,2,40.0,0.87,0.35,0.0,0.0,29.5,0,0,0,0.1,-0.1
451,Henrikh Mkhitaryan, ARM,MF,Inter,33,1989,10.1,2,15,8,53.3,1.49,0.79,0.13,0.25,16.6,0,0,0,1.7,0.3
452,Anthony Modeste, FRA,FW,Dortmund,34,1988,3.8,0,4,0,0.0,1.06,0.0,0.0,0.0,16.4,0,0,0,0.6,-0.6
453,Luka Modrić, CRO,MF,Real Madrid,36,1985,8.3,2,6,2,33.3,0.73,0.24,0.17,0.5,21.4,0,1,1,1.3,0.7
454,Ali Mohamed, NIG,MF,Maccabi Haifa,26,1995,4.0,0,0,0,0.0,0.0,0.0,0.0,0.0,0.0,0,0,0,0.0,0.0
455,Kudus Mohammed, GHA,FW,Ajax,21,2000,5.0,4,8,4,50.0,1.61,0.8,0.5,1.0,11.9,0,0,0,1.8,2.2
456,Sadegh Moharrami, IRN,"FW,DF",Dinamo Zagreb,26,1996,4.5,0,1,1,100.0,0.22,0.22,0.0,0.0,13.9,0,0,0,0.0,0.0
457,Nahuel Molina, ARG,"DF,MF",Atlético Madrid,24,1998,5.2,0,3,0,0.0,0.58,0.0,0.0,0.0,17.2,0,0,0,0.2,-0.2
458,Gonzalo Montiel, ARG,DF,Sevilla,25,1997,2.5,1,1,1,100.0,0.4,0.4,1.0,1.0,5.2,0,0,0,0.1,0.9
459,Aaron Mooy, AUS,MF,Celtic,31,1990,1.7,0,1,0,0.0,0.59,0.0,0.0,0.0,19.0,0,0,0,0.1,-0.1
460,Álvaro Morata, ESP,FW,Atlético Madrid,29,1992,3.3,0,4,2,50.0,1.22,0.61,0.0,0.0,10.3,0,0,0,1.0,-1.0
461,Morato, BRA,DF,Benfica,21,2001,1.2,0,0,0,0.0,0.0,0.0,0.0,0.0,0.0,0,0,0,0.0,0.0
462,Alfredo Morelos, COL,FW,Rangers,26,1996,2.8,0,6,2,33.3,2.11,0.7,0.0,0.0,15.3,0,0,0,1.6,-1.6
463,Hidemasa Morita, JPN,MF,Sporting CP,27,1995,3.7,0,2,0,0.0,0.54,0.0,0.0,0.0,43.0,0,0,0,0.1,-0.1
464,Jhon Mosquera, COL,"FW,MF",Viktoria Plzeň,32,1990,4.8,0,9,1,11.1,1.88,0.21,0.0,0.0,21.0,0,0,0,0.4,-0.4
465,Youssoufa Moukoko, GER,"FW,MF",Dortmund,17,2004,2.7,0,9,3,33.3,3.35,1.12,0.0,0.0,16.0,0,0,0,2.1,-2.1
466,Mason Mount, ENG,MF,Chelsea,23,1999,4.9,0,14,4,28.6,2.86,0.82,0.0,0.0,21.2,2,0,0,0.8,-0.8
467,Lucas Moura, BRA,"FW,MF",Tottenham,29,1992,1.9,0,0,0,0.0,0.0,0.0,0.0,0.0,0.0,0,0,0,0.0,0.0
468,Mykhailo Mudryk, UKR,"FW,DF",Chelsea,21,2001,1.0,0,3,1,33.3,2.87,0.96,0.0,0.0,20.7,0,0,0,0.1,-0.1
469,Mykhailo Mudryk, UKR,MF,Shakhtar,21,2001,5.7,3,9,6,66.7,1.57,1.05,0.33,0.5,19.4,1,0,0,1.1,1.9
470,Paul Mukairu, NGA,FW,FC Copenhagen,22,2000,0.5,0,2,0,0.0,4.09,0.0,0.0,0.0,17.9,0,0,0,0.3,-0.3
471,Nordi Mukiele, FRA,"DF,MF",Paris S-G,24,1997,1.2,0,0,0,0.0,0.0,0.0,0.0,0.0,0.0,0,0,0,0.0,0.0
472,Thomas Müller, GER,"MF,FW",Bayern Munich,32,1989,4.1,1,9,4,44.4,2.21,0.98,0.11,0.25,13.6,0,0,0,1.3,-0.3
473,Petar Musa, CRO,FW,Benfica,24,1998,1.4,2,5,3,60.0,3.49,2.09,0.4,0.67,12.1,0,0,0,0.5,1.5
474,Jamal Musiala, GER,"MF,FW",Bayern Munich,19,2003,5.9,0,10,4,40.0,1.7,0.68,0.0,0.0,14.4,0,0,0,1.5,-1.5
475,Bohdan Mykhaylychenko, UKR,DF,Shakhtar,25,1997,4.0,0,5,0,0.0,1.25,0.0,0.0,0.0,23.7,0,0,0,0.1,-0.1
476,Obite N'Dicka, FRA,DF,Eint Frankfurt,22,1999,8.0,0,3,0,0.0,0.37,0.0,0.0,0.0,12.1,0,0,0,0.1,-0.1
477,Nacho, ESP,DF,Real Madrid,32,1990,4.9,0,1,1,100.0,0.2,0.2,0.0,0.0,25.9,0,0,0,0.0,0.0
478,Jesús Navas, ESP,"DF,MF",Sevilla,36,1985,2.5,0,0,0,0.0,0.0,0.0,0.0,0.0,0.0,0,0,0,0.0,0.0
479,Flávio Nazinho, POR,"DF,MF",Sporting CP,19,2003,1.3,0,2,1,50.0,1.5,0.75,0.0,0.0,15.0,0,0,0,0.4,-0.4
480,Tanguy Ndombele, FRA,MF,Napoli,25,1996,4.1,1,8,3,37.5,1.93,0.72,0.13,0.33,17.8,0,0,0,0.9,0.1
481,David Neres, BRA,"FW,MF",Benfica,25,1997,4.9,3,11,5,45.5,2.23,1.01,0.27,0.6,13.9,0,0,0,1.9,1.1
482,Luís Neto, POR,DF,Sporting CP,34,1988,0.4,0,1,0,0.0,2.31,0.0,0.0,0.0,14.4,0,0,0,0.1,-0.1
483,Manuel Neuer, GER,GK,Bayern Munich,36,1986,3.0,0,0,0,0.0,0.0,0.0,0.0,0.0,0.0,0,0,0,0.0,0.0
484,João Neves, POR,"FW,MF",Benfica,17,2004,0.3,0,0,0,0.0,0.0,0.0,0.0,0.0,0.0,0,0,0,0.0,0.0
485,Neymar, BRA,"MF,FW",Paris S-G,30,1992,6.0,2,18,6,33.3,3.01,1.0,0.11,0.33,18.9,4,0,0,2.1,-0.1
486,Tanguy Nianzou, FRA,DF,Sevilla,20,2002,2.0,1,2,1,50.0,1.0,0.5,0.5,1.0,11.4,0,0,0,0.1,0.9
487,Casper Nielsen, DEN,MF,Club Brugge,28,1994,7.2,0,8,1,12.5,1.12,0.14,0.0,0.0,20.3,0,0,0,0.5,-0.5
488,Saúl Ñíguez, ESP,"MF,DF",Atlético Madrid,27,1994,3.1,0,5,1,20.0,1.6,0.32,0.0,0.0,16.7,0,0,0,0.6,-0.6
489,Christopher Nkunku, FRA,"MF,FW",RB Leipzig,24,1997,6.2,3,15,8,53.3,2.4,1.28,0.2,0.38,14.3,1,0,0,1.6,1.4
490,Hugo Novoa, ESP,MF,RB Leipzig,19,2003,0.0,0,0,0,0.0,0.0,0.0,0.0,0.0,0.0,0,0,0,0.0,0.0
491,Darwin Núñez, URU,FW,Liverpool,23,1999,4.4,4,22,13,59.1,4.96,2.93,0.18,0.31,13.9,0,0,0,5.0,-1.0
492,Antonio Nusa, NOR,FW,Club Brugge,17,2005,0.6,1,1,1,100.0,1.58,1.58,1.0,1.0,19.1,0,0,0,0.3,0.7
493,Matt O'Riley, DEN,MF,Celtic,21,2000,5.3,0,16,5,31.3,2.99,0.94,0.0,0.0,21.0,0,0,0,0.9,-0.9
494,Jan Oblak, SVN,GK,Atlético Madrid,29,1993,5.0,0,0,0,0.0,0.0,0.0,0.0,0.0,0.0,0,0,0,0.0,0.0
495,Lucas Ocampos, ARG,FW,Ajax,28,1994,0.2,0,1,1,100.0,5.29,5.29,0.0,0.0,15.5,0,0,0,0.1,-0.1
496,Oleh Ocheretko, UKR,MF,Shakhtar,19,2003,0.2,0,1,0,0.0,6.43,0.0,0.0,0.0,18.5,0,0,0,0.1,-0.1
497,Denis Odoi, GHA,"DF,MF",Club Brugge,34,1988,5.8,0,1,0,0.0,0.17,0.0,0.0,0.0,23.2,0,0,0,0.1,-0.1
498,Noah Okafor, SUI,FW,RB Salzburg,22,2000,5.2,3,10,5,50.0,1.94,0.97,0.2,0.4,18.2,0,1,1,1.7,1.3
499,Mathías Olivera, URU,DF,Napoli,24,1997,5.7,0,4,0,0.0,0.7,0.0,0.0,0.0,7.6,0,0,0,0.6,-0.6
500,Dani Olmo, ESP,"FW,MF",RB Leipzig,24,1998,0.7,0,2,0,0.0,2.77,0.0,0.0,0.0,16.1,0,0,0,0.1,-0.1
501,André Onana, CMR,GK,Inter,26,1996,13.0,0,0,0,0.0,0.0,0.0,0.0,0.0,0.0,0,0,0,0.0,0.0
502,Raphael Onyedika, NGA,MF,Club Brugge,21,2001,6.3,0,7,0,0.0,1.11,0.0,0.0,0.0,23.8,0,0,0,0.6,-0.6
503,Willi Orban, HUN,DF,RB Leipzig,29,1992,8.0,0,4,1,25.0,0.5,0.12,0.0,0.0,10.1,0,0,0,0.4,-0.4
504,Divock Origi, BEL,FW,Milan,27,1995,1.7,0,6,2,33.3,3.51,1.17,0.0,0.0,14.9,0,0,0,0.7,-0.7
505,Mislav Oršić, CRO,FW,Dinamo Zagreb,29,1992,5.4,2,13,3,23.1,2.39,0.55,0.15,0.67,21.7,1,0,0,1.1,0.9
506,Stefan Ortega, GER,GK,Manchester City,29,1992,2.0,0,0,0,0.0,0.0,0.0,0.0,0.0,0.0,0,0,0,0.0,0.0
507,Victor Osimhen, NGA,FW,Napoli,23,1998,4.7,5,15,7,46.7,3.21,1.5,0.33,0.71,12.2,0,0,1,4.9,0.1
508,Nicolás Otamendi, ARG,DF,Benfica,34,1988,8.8,0,4,0,0.0,0.45,0.0,0.0,0.0,22.0,0,0,0,0.3,-0.3
509,Otávio, POR,MF,Porto,27,1995,5.8,0,5,2,40.0,0.86,0.34,0.0,0.0,17.9,0,0,0,0.7,-0.7
510,Alex Oxlade-Chamberlain, ENG,MF,Liverpool,28,1993,0.2,0,0,0,0.0,0.0,0.0,0.0,0.0,0.0,0,0,0,0.0,0.0
511,Salih Özcan, TUR,MF,Dortmund,24,1998,6.0,0,2,1,50.0,0.33,0.17,0.0,0.0,25.5,0,0,0,0.1,-0.1
512,Exequiel Palacios, ARG,MF,Leverkusen,23,1998,1.0,0,0,0,0.0,0.0,0.0,0.0,0.0,0.0,0,0,0,0.0,0.0
513,Cole Palmer, ENG,"MF,FW",Manchester City,20,2002,1.5,0,4,2,50.0,2.61,1.3,0.0,0.0,17.6,0,0,0,0.3,-0.3
514,Antonios Papadopoulos, GER,"MF,FW",Dortmund,22,1999,0.1,0,0,0,0.0,0.0,0.0,0.0,0.0,0.0,0,0,0,0.0,0.0
515,Leandro Paredes, ARG,MF,Juventus,28,1994,3.9,0,3,0,0.0,0.76,0.0,0.0,0.0,27.8,0,0,0,0.1,-0.1
516,Felix Passlack, GER,DF,Dortmund,24,1998,1.0,0,0,0,0.0,0.0,0.0,0.0,0.0,0.0,0,0,0,0.0,0.0
517,Remko Pasveer, NED,GK,Ajax,38,1983,6.0,0,0,0,0.0,0.0,0.0,0.0,0.0,0.0,0,0,0,0.0,0.0
518,Paulinho, BRA,FW,Leverkusen,22,2000,0.5,0,2,2,100.0,3.67,3.67,0.0,0.0,11.4,0,0,0,0.3,-0.3
519,Paulinho, POR,FW,Sporting CP,29,1992,2.6,1,2,1,50.0,0.76,0.38,0.5,1.0,8.3,0,0,0,0.3,0.7
520,Benjamin Pavard, FRA,DF,Bayern Munich,26,1996,6.6,2,6,3,50.0,0.91,0.46,0.33,0.67,9.7,0,0,0,1.1,0.9
521,Strahinja Pavlović, SRB,DF,RB Salzburg,21,2001,6.0,0,3,0,0.0,0.5,0.0,0.0,0.0,13.5,0,0,0,0.3,-0.3
522,Dimitri Payet, FRA,MF,Marseille,35,1987,0.9,0,2,0,0.0,2.34,0.0,0.0,0.0,21.8,0,0,0,0.1,-0.1
523,Pedri, ESP,"MF,FW",Barcelona,19,2002,4.5,0,6,3,50.0,1.35,0.67,0.0,0.0,13.3,0,0,0,0.9,-0.9
524,Luca Pellegrini, ITA,"DF,MF",Eint Frankfurt,23,1999,2.2,0,3,0,0.0,1.34,0.0,0.0,0.0,27.1,1,0,0,0.1,-0.1
525,Iñaki Peña, ESP,GK,Barcelona,23,1999,1.0,0,0,0,0.0,0.0,0.0,0.0,0.0,0.0,0,0,0,0.0,0.0
526,Pepe, POR,DF,Porto,39,1983,4.0,0,1,0,0.0,0.25,0.0,0.0,0.0,9.5,0,0,0,0.0,0.0
527,Pepê, BRA,"DF,FW",Porto,25,1997,7.6,0,5,2,40.0,0.66,0.26,0.0,0.0,20.4,0,0,0,0.3,-0.3
528,Danilo Pereira, POR,"DF,MF",Paris S-G,30,1991,5.0,0,1,1,100.0,0.2,0.2,0.0,0.0,13.0,0,0,0,0.0,0.0
529,Dino Perić, CRO,DF,Dinamo Zagreb,28,1994,6.0,0,0,0,0.0,0.0,0.0,0.0,0.0,0.0,0,0,0,0.0,0.0
530,Mattia Perin, ITA,GK,Juventus,29,1992,2.0,0,0,0,0.0,0.0,0.0,0.0,0.0,0.0,0,0,0,0.0,0.0
531,Ivan Perišić, CRO,"DF,MF",Tottenham,33,1989,6.4,0,2,0,0.0,0.31,0.0,0.0,0.0,10.5,0,0,0,0.2,-0.2
532,Luděk Pernica, CZE,DF,Viktoria Plzeň,32,1990,5.5,0,1,1,100.0,0.18,0.18,0.0,0.0,5.2,0,0,0,0.3,-0.3
533,Bruno Petković, CRO,FW,Dinamo Zagreb,27,1994,5.4,1,2,1,50.0,0.37,0.18,0.5,1.0,10.2,0,0,0,0.5,0.5
534,Ivan Petryak, UKR,MF,Shakhtar,28,1994,2.0,0,3,0,0.0,1.5,0.0,0.0,0.0,24.3,0,0,0,0.1,-0.1
535,Kalvin Phillips, ENG,MF,Manchester City,26,1995,0.5,0,0,0,0.0,0.0,0.0,0.0,0.0,0.0,0,0,0,0.0,0.0
536,Frantzdy Pierrot, HAI,FW,Maccabi Haifa,27,1995,5.3,0,5,2,40.0,0.94,0.37,0.0,0.0,11.4,0,0,0,0.7,-0.7
537,Václav Pilař, CZE,"FW,MF",Viktoria Plzeň,33,1988,1.4,0,5,2,40.0,3.66,1.46,0.0,0.0,18.4,0,0,0,0.3,-0.3
538,Rodrigo Pinho, BRA,FW,Benfica,31,1991,0.2,0,0,0,0.0,0.0,0.0,0.0,0.0,0.0,0,0,0,0.0,0.0
539,Gerard Piqué, ESP,DF,Barcelona,35,1987,2.9,0,1,1,100.0,0.35,0.35,0.0,0.0,34.1,0,0,0,0.0,0.0
540,Tommaso Pobega, ITA,MF,Milan,23,1999,1.8,1,7,2,28.6,3.87,1.1,0.14,0.5,18.9,0,0,0,0.6,0.4
541,Suf Podgoreanu, ISR,DF,Maccabi Haifa,20,2002,0.1,0,0,0,0.0,0.0,0.0,0.0,0.0,0.0,0,0,0,0.0,0.0
542,Matteo Politano, ITA,FW,Napoli,28,1993,4.5,1,12,3,25.0,2.68,0.67,0.0,0.0,21.0,0,1,1,1.2,-0.2
543,Pedro Porro, ESP,DF,Tottenham,22,1999,0.4,0,2,0,0.0,4.74,0.0,0.0,0.0,27.7,1,0,0,0.1,-0.1
544,Pedro Porro, ESP,"DF,MF",Sporting CP,22,1999,4.4,0,4,2,50.0,0.92,0.46,0.0,0.0,19.9,0,0,0,0.1,-0.1
545,Yussuf Poulsen, DEN,"FW,MF",RB Leipzig,28,1994,0.8,0,0,0,0.0,0.0,0.0,0.0,0.0,0.0,0,0,0,0.0,0.0
546,Christian Pulisic, USA,"DF,FW",Chelsea,23,1998,1.3,0,1,0,0.0,0.8,0.0,0.0,0.0,10.7,0,0,0,0.2,-0.2
547,Adrien Rabiot, FRA,MF,Juventus,27,1995,5.0,2,4,2,50.0,0.81,0.4,0.5,1.0,19.0,0,0,0,0.6,1.4
548,Ivan Rakitić, CRO,MF,Sevilla,34,1988,4.6,0,5,0,0.0,1.08,0.0,0.0,0.0,23.0,0,0,0,0.2,-0.2
549,Gonçalo Ramos, POR,FW,Benfica,21,2001,7.9,3,24,12,50.0,3.03,1.52,0.13,0.25,11.2,0,0,0,3.8,-0.8
550,Sergio Ramos, ESP,DF,Paris S-G,36,1986,8.0,0,6,2,33.3,0.75,0.25,0.0,0.0,15.0,0,0,0,0.3,-0.3
551,Calvin Ramsay, SCO,DF,Liverpool,19,2003,0.0,0,0,0,0.0,0.0,0.0,0.0,0.0,0.0,0,0,0,0.0,0.0
552,Raphinha, BRA,FW,Barcelona,25,1996,3.3,0,10,0,0.0,3.06,0.0,0.0,0.0,22.0,0,0,0,0.5,-0.5
553,Giacomo Raspadori, ITA,FW,Napoli,22,2000,2.8,4,10,5,50.0,3.6,1.8,0.4,0.8,12.5,0,0,0,1.0,3.0
554,David Raum, GER,DF,RB Leipzig,24,1998,5.9,0,0,0,0.0,0.0,0.0,0.0,0.0,0.0,0,0,0,0.0,0.0
555,Ante Rebić, CRO,"FW,MF",Milan,28,1993,2.8,0,6,0,0.0,2.17,0.0,0.0,0.0,16.8,0,0,0,0.8,-0.8
556,Matheus Reis, BRA,DF,Sporting CP,27,1995,5.7,0,1,0,0.0,0.18,0.0,0.0,0.0,13.7,0,0,0,0.1,-0.1
557,Karim Rekik, NED,DF,Sevilla,27,1994,1.0,0,0,0,0.0,0.0,0.0,0.0,0.0,0.0,0,0,0,0.0,0.0
558,Devyne Rensch, NED,DF,Ajax,19,2003,3.2,0,2,1,50.0,0.63,0.31,0.0,0.0,9.8,0,0,0,0.5,-0.5
559,Marco Reus, GER,"MF,FW",Dortmund,33,1989,2.9,1,6,2,33.3,2.06,0.69,0.17,0.5,19.2,2,0,0,0.9,0.1
560,Gio Reyna, USA,"FW,MF",Dortmund,19,2002,4.3,0,3,1,33.3,0.7,0.23,0.0,0.0,20.2,0,0,0,0.2,-0.2
561,Richarlison, BRA,"MF,FW",Tottenham,25,1997,4.1,2,10,3,30.0,2.47,0.74,0.2,0.67,13.6,0,0,0,1.2,0.8
562,Stefan Ristovski, MKD,DF,Dinamo Zagreb,30,1992,4.1,0,2,1,50.0,0.49,0.24,0.0,0.0,25.4,0,0,0,0.1,-0.1
563,Mats Rits, BEL,MF,Club Brugge,29,1993,0.2,0,0,0,0.0,0.0,0.0,0.0,0.0,0.0,0,0,0,0.0,0.0
564,Sergi Roberto, ESP,DF,Barcelona,30,1992,2.3,0,4,2,50.0,1.75,0.87,0.0,0.0,19.9,0,0,0,0.1,-0.1
565,Andrew Robertson, SCO,DF,Liverpool,28,1994,4.2,0,2,0,0.0,0.48,0.0,0.0,0.0,12.5,0,0,0,0.1,-0.1
566,Rochinha, POR,"MF,FW",Sporting CP,27,1995,0.2,0,0,0,0.0,0.0,0.0,0.0,0.0,0.0,0,0,0,0.0,0.0
567,Sebastian Rode, GER,MF,Eint Frankfurt,31,1990,3.3,0,3,1,33.3,0.9,0.3,0.0,0.0,22.8,0,0,0,0.2,-0.2
568,Rodri, ESP,MF,Manchester City,26,1996,11.1,2,17,4,23.5,1.54,0.36,0.12,0.5,19.1,0,0,0,0.9,1.1
569,Rodrygo, BRA,FW,Real Madrid,21,2001,9.1,5,23,9,39.1,2.53,0.99,0.13,0.33,15.0,1,2,2,4.5,0.5
570,Cristian Romero, ARG,DF,Tottenham,24,1998,6.6,0,2,1,50.0,0.3,0.15,0.0,0.0,13.4,0,0,0,0.3,-0.3
571,Valentin Rongier, FRA,MF,Marseille,27,1994,5.2,0,4,1,25.0,0.76,0.19,0.0,0.0,17.8,0,0,0,0.4,-0.4
572,Tom Rothe, GER,DF,Dortmund,17,2004,0.7,0,0,0,0.0,0.0,0.0,0.0,0.0,0.0,0,0,0,0.0,0.0
573,Amir Rrahmani, KVX,DF,Napoli,28,1994,6.8,0,3,1,33.3,0.44,0.15,0.0,0.0,9.6,0,0,0,0.2,-0.2
574,Antonio Rüdiger, GER,DF,Real Madrid,29,1993,7.5,1,6,1,16.7,0.8,0.13,0.17,1.0,20.0,0,0,0,0.3,0.7
575,Daniele Rugani, ITA,DF,Juventus,28,1994,1.0,0,2,1,50.0,2.0,1.0,0.0,0.0,10.2,0,0,0,0.1,-0.1
576,Mário Rui, POR,DF,Napoli,31,1991,4.3,0,6,1,16.7,1.4,0.23,0.0,0.0,25.3,1,0,0,0.4,-0.4
577,Fabián Ruiz Peña, ESP,MF,Paris S-G,26,1996,2.6,0,5,0,0.0,1.89,0.0,0.0,0.0,18.3,0,0,0,0.3,-0.3
578,Nikita Rukavytsya, AUS,"FW,MF",Maccabi Haifa,35,1987,0.5,0,2,1,50.0,3.83,1.91,0.0,0.0,13.6,0,0,0,0.1,-0.1
579,Mathew Ryan, AUS,GK,FC Copenhagen,30,1992,2.0,0,0,0,0.0,0.0,0.0,0.0,0.0,0.0,0,0,0,0.0,0.0
580,Julian Ryerson, NOR,DF,Dortmund,24,1997,0.2,0,0,0,0.0,0.0,0.0,0.0,0.0,0.0,0,0,0,0.0,0.0
581,Marcel Sabitzer, AUT,MF,Bayern Munich,28,1994,3.1,0,10,3,30.0,3.21,0.96,0.0,0.0,20.6,1,0,0,0.6,-0.6
582,Alexis Saelemaekers, BEL,"FW,DF",Milan,23,1999,4.1,2,6,4,66.7,1.46,0.97,0.33,0.5,18.4,0,0,0,0.5,1.5
583,Fashion Sakala, ZAM,"FW,MF",Rangers,25,1997,2.6,0,7,1,14.3,2.68,0.38,0.0,0.0,13.1,0,0,0,0.5,-0.5
584,Mohamed Salah, EGY,FW,Liverpool,30,1992,6.9,8,22,12,54.5,3.17,1.73,0.32,0.58,13.8,0,1,1,4.0,4.0
585,Renato Sanches, POR,MF,Paris S-G,24,1997,1.6,0,0,0,0.0,0.0,0.0,0.0,0.0,0.0,0,0,0,0.0,0.0
586,Alexis Sánchez, CHI,FW,Marseille,33,1988,4.6,2,16,6,37.5,3.44,1.29,0.13,0.33,15.5,2,0,0,2.8,-0.8
587,Davinson Sánchez, COL,DF,Tottenham,26,1996,0.2,0,0,0,0.0,0.0,0.0,0.0,0.0,0.0,0,0,0,0.0,0.0
588,Cisse Sandra, BEL,FW,Club Brugge,18,2003,0.1,0,0,0,0.0,0.0,0.0,0.0,0.0,0.0,0,0,0,0.0,0.0
589,Alex Sandro, BRA,DF,Juventus,31,1991,2.7,0,1,0,0.0,0.38,0.0,0.0,0.0,27.4,0,0,0,0.0,0.0
590,James Sands, USA,"DF,MF",Rangers,22,2000,3.6,0,1,0,0.0,0.28,0.0,0.0,0.0,7.8,0,0,0,0.0,0.0
591,Leroy Sané, GER,"FW,MF",Bayern Munich,26,1996,6.1,4,18,9,50.0,2.93,1.47,0.22,0.44,20.3,2,0,0,2.5,1.5
592,Nuno Santos, POR,"DF,MF",Sporting CP,27,1995,3.3,1,3,1,33.3,0.92,0.31,0.33,1.0,24.3,0,0,0,0.3,0.7
593,Zaidu Sanusi, NGA,DF,Porto,25,1997,6.5,1,5,2,40.0,0.77,0.31,0.2,0.5,16.5,0,0,0,0.3,0.7
594,Alvaro Sanz, ESP,MF,Barcelona,21,2001,0.2,0,0,0,0.0,0.0,0.0,0.0,0.0,0.0,0,0,0,0.0,0.0
595,Pablo Sarabia, ESP,MF,Paris S-G,30,1992,1.0,0,3,1,33.3,2.97,0.99,0.0,0.0,18.2,0,0,0,0.1,-0.1
596,Stefan Savić, MNE,DF,Atlético Madrid,31,1991,3.0,0,0,0,0.0,0.0,0.0,0.0,0.0,0.0,0,0,0,0.0,0.0
597,Patrik Schick, CZE,FW,Leverkusen,26,1996,5.0,0,15,3,20.0,3.03,0.61,0.0,0.0,13.3,0,0,1,2.5,-2.5
598,Andreas Schjelderup, NOR,FW,Benfica,18,2004,0.0,0,0,0,0.0,0.0,0.0,0.0,0.0,0.0,0,0,0,0.0,0.0
599,Xaver Schlager, AUT,MF,RB Leipzig,24,1997,6.5,0,2,0,0.0,0.31,0.0,0.0,0.0,23.9,0,0,0,0.1,-0.1
600,Nico Schlotterbeck, GER,DF,Dortmund,22,1999,6.2,0,2,0,0.0,0.32,0.0,0.0,0.0,23.6,0,0,0,0.0,0.0
601,Abdoulaye Seck, SEN,DF,Maccabi Haifa,30,1992,4.4,2,4,2,50.0,0.91,0.45,0.5,1.0,9.7,0,0,0,0.4,1.6
602,Nicolas Seiwald, AUT,MF,RB Salzburg,21,2001,6.0,1,6,3,50.0,1.0,0.5,0.17,0.33,21.8,0,0,0,0.4,0.6
603,Benjamin Šeško, SVN,FW,RB Salzburg,19,2003,3.7,0,13,5,38.5,3.55,1.36,0.0,0.0,18.6,0,0,0,1.2,-1.2
604,Ryan Sessegnon, ENG,"MF,DF",Tottenham,22,2000,1.7,0,1,1,100.0,0.58,0.58,0.0,0.0,9.2,0,0,0,0.2,-0.2
605,Maryan Shved, UKR,MF,Shakhtar,25,1997,2.1,2,7,3,42.9,3.37,1.44,0.29,0.67,25.5,0,0,0,0.4,1.6
606,Danylo Sikan, UKR,FW,Shakhtar,21,2001,1.2,0,2,0,0.0,1.73,0.0,0.0,0.0,15.8,0,0,0,0.2,-0.2
607,André Silva, POR,FW,RB Leipzig,26,1995,5.9,3,15,7,46.7,2.53,1.18,0.2,0.43,13.7,0,0,0,2.1,0.9
608,António Silva, POR,DF,Benfica,18,2003,9.9,2,4,3,75.0,0.4,0.3,0.5,0.67,9.6,0,0,0,0.7,1.3
609,Bernardo Silva, POR,"FW,MF",Manchester City,27,1994,10.1,3,8,5,62.5,0.79,0.49,0.38,0.6,13.5,0,0,0,1.1,1.9
610,Rafa Silva, POR,MF,Benfica,29,1993,9.1,5,28,12,42.9,3.08,1.32,0.18,0.42,14.9,0,0,0,4.3,0.7
611,Thiago Silva, BRA,DF,Chelsea,37,1984,7.1,0,7,3,42.9,0.98,0.42,0.0,0.0,12.6,0,0,0,0.7,-0.7
612,Mohamed Simakan, FRA,DF,RB Leipzig,22,2000,5.7,1,2,1,50.0,0.35,0.18,0.5,1.0,10.8,0,0,0,0.4,0.6
613,Giovanni Simeone, ARG,FW,Napoli,27,1995,2.9,4,15,9,60.0,5.13,3.08,0.27,0.44,12.1,0,0,0,2.8,1.2
614,Roko Simic, CRO,FW,RB Salzburg,18,2003,0.2,0,0,0,0.0,0.0,0.0,0.0,0.0,0.0,0,0,0,0.0,0.0
615,Oliver Skipp, ENG,MF,Tottenham,21,2000,2.3,0,0,0,0.0,0.0,0.0,0.0,0.0,0.0,0,0,0,0.0,0.0
616,Leo Skiri Østigård, NOR,DF,Napoli,22,1999,2.2,1,1,1,100.0,0.46,0.46,1.0,1.0,10.9,0,0,0,0.1,0.9
617,Andreas Skov Olsen, DEN,"FW,MF",Club Brugge,22,1999,3.3,1,3,2,66.7,0.92,0.61,0.33,0.5,15.5,0,0,0,0.1,0.9
618,Milan Škriniar, SVK,DF,Inter,27,1995,6.0,0,2,0,0.0,0.34,0.0,0.0,0.0,6.9,0,0,0,0.1,-0.1
619,Hrvoje Smolčić, CRO,DF,Eint Frankfurt,21,2000,1.4,0,0,0,0.0,0.0,0.0,0.0,0.0,0.0,0,0,0,0.0,0.0
620,Eduard Sobol, UKR,"FW,DF",Club Brugge,27,1995,1.2,0,1,0,0.0,0.83,0.0,0.0,0.0,12.4,0,0,0,0.1,-0.1
621,Carlos Soler, ESP,MF,Paris S-G,25,1997,1.7,1,2,1,50.0,1.16,0.58,0.5,1.0,15.1,0,0,0,0.3,0.7
622,Oumar Solet, FRA,DF,RB Salzburg,22,2000,3.0,0,2,0,0.0,0.68,0.0,0.0,0.0,39.4,1,0,0,0.1,-0.1
623,Yann Sommer, SUI,GK,Bayern Munich,33,1988,4.0,0,0,0,0.0,0.0,0.0,0.0,0.0,0.0,0,0,0,0.0,0.0
624,Christian Sørensen, DEN,"DF,MF",FC Copenhagen,29,1992,1.1,0,1,0,0.0,0.88,0.0,0.0,0.0,23.9,0,0,0,0.0,0.0
625,Matìas Soulé, ARG,"MF,FW",Juventus,19,2003,0.5,0,2,0,0.0,4.09,0.0,0.0,0.0,11.8,0,0,0,0.4,-0.4
626,Djibril Sow, SUI,MF,Eint Frankfurt,25,1997,8.0,0,3,0,0.0,0.37,0.0,0.0,0.0,25.7,0,0,0,0.1,-0.1
627,Kamal Sowah, GHA,"FW,MF",Club Brugge,22,2000,6.6,2,13,5,38.5,1.98,0.76,0.15,0.4,18.7,0,0,0,2.1,-0.1
628,Dario Špikić, CRO,"FW,DF",Dinamo Zagreb,23,1999,1.9,0,4,2,50.0,2.16,1.08,0.0,0.0,19.1,0,0,0,0.2,-0.2
629,Jorne Spileers, BEL,DF,Club Brugge,17,2005,0.0,0,0,0,0.0,0.0,0.0,0.0,0.0,0.0,0,0,0,0.0,0.0
630,Jerry St. Juste, NED,DF,Sporting CP,25,1996,2.1,0,1,0,0.0,0.48,0.0,0.0,0.0,10.7,0,0,0,0.0,0.0
631,Marko Stamenic, NZL,MF,FC Copenhagen,20,2002,3.0,0,2,0,0.0,0.67,0.0,0.0,0.0,29.0,0,0,0,0.1,-0.1
632,Jindřich Staněk, CZE,GK,Viktoria Plzeň,26,1996,5.0,0,0,0,0.0,0.0,0.0,0.0,0.0,0.0,0,0,0,0.0,0.0
633,Josip Stanišić, CRO,DF,Bayern Munich,22,2000,3.9,0,0,0,0.0,0.0,0.0,0.0,0.0,0.0,0,0,0,0.0,0.0
634,Carl Starfelt, SWE,DF,Celtic,27,1995,1.0,0,0,0,0.0,0.0,0.0,0.0,0.0,0.0,0,0,0,0.0,0.0
635,Orri Steinn Óskarsson, ISL,"MF,FW",FC Copenhagen,17,2004,0.2,0,0,0,0.0,0.0,0.0,0.0,0.0,0.0,0,0,0,0.0,0.0
636,Taras Stepanenko, UKR,MF,Shakhtar,32,1989,5.9,0,0,0,0.0,0.0,0.0,0.0,0.0,0.0,0,0,0,0.0,0.0
637,Raheem Sterling, ENG,"FW,MF",Chelsea,27,1994,7.0,3,8,4,50.0,1.14,0.57,0.38,0.75,11.4,0,0,0,1.2,1.8
638,John Stones, ENG,"MF,DF",Manchester City,28,1994,7.6,1,3,1,33.3,0.39,0.13,0.33,1.0,23.5,0,0,0,0.1,0.9
639,Luka Sučić, CRO,MF,RB Salzburg,19,2002,4.4,0,14,4,28.6,3.17,0.9,0.0,0.0,22.6,2,0,0,1.1,-1.1
640,Heorhii Sudakov, UKR,MF,Shakhtar,19,2002,5.3,0,2,0,0.0,0.37,0.0,0.0,0.0,22.2,0,0,0,0.1,-0.1
641,Niklas Süle, GER,DF,Dortmund,26,1995,7.5,0,3,1,33.3,0.4,0.13,0.0,0.0,21.2,0,0,0,0.1,-0.1
642,Daniel Sundgren, SWE,DF,Maccabi Haifa,31,1990,3.6,0,1,1,100.0,0.28,0.28,0.0,0.0,23.3,0,0,0,0.0,0.0
643,Suso, ESP,"FW,MF",Sevilla,28,1993,2.6,0,7,4,57.1,2.66,1.52,0.0,0.0,22.1,1,0,0,0.3,-0.3
644,Josip Šutalo, CRO,DF,Dinamo Zagreb,22,2000,6.0,0,1,1,100.0,0.17,0.17,0.0,0.0,8.2,0,0,0,0.1,-0.1
645,Jan Sýkora, CZE,"FW,DF",Viktoria Plzeň,28,1993,1.6,1,3,1,33.3,1.82,0.61,0.33,1.0,12.4,0,0,0,0.5,0.5
646,Abakar Sylla, CIV,DF,Club Brugge,19,2002,5.5,1,1,1,100.0,0.18,0.18,1.0,1.0,6.1,0,0,0,0.1,0.9
647,Wojciech Szczęsny, POL,GK,Juventus,32,1990,4.0,0,0,0,0.0,0.0,0.0,0.0,0.0,0.0,0,0,0,0.0,0.0
648,Dominik Szoboszlai, HUN,FW,RB Leipzig,21,2000,7.3,1,15,3,20.0,2.07,0.41,0.07,0.33,22.9,2,0,0,2.2,-1.2
649,Dušan Tadić, SRB,FW,Ajax,33,1988,4.8,0,4,1,25.0,0.83,0.21,0.0,0.0,21.3,0,0,0,0.4,-0.4
650,Jonathan Tah, GER,DF,Leverkusen,26,1996,5.3,0,1,0,0.0,0.19,0.0,0.0,0.0,9.5,0,0,0,0.1,-0.1
651,Japhet Tanganga, ENG,DF,Tottenham,23,1999,0.2,0,1,0,0.0,5.0,0.0,0.0,0.0,9.9,0,0,0,0.1,-0.1
652,Edmond Tapsoba, BFA,DF,Leverkusen,23,1999,3.9,0,3,0,0.0,0.77,0.0,0.0,0.0,21.4,0,0,0,0.1,-0.1
653,Mehdi Taremi, IRN,FW,Porto,30,1992,6.8,5,22,10,45.5,3.24,1.47,0.14,0.3,15.7,0,2,2,6.0,-1.0
654,Ciprian Tătărușanu, ROU,GK,Milan,36,1986,5.0,0,0,0,0.0,0.0,0.0,0.0,0.0,0.0,0,0,0,0.0,0.0
655,Nuno Tavares, POR,DF,Marseille,22,2000,6.0,0,12,1,8.3,2.0,0.17,0.0,0.0,26.9,0,0,0,0.4,-0.4
656,James Tavernier, ENG,DF,Rangers,30,1991,5.4,1,4,2,50.0,0.74,0.37,0.0,0.0,24.2,2,1,1,1.1,-0.1
657,Greg Taylor, SCO,DF,Celtic,24,1997,6.0,0,2,1,50.0,0.33,0.17,0.0,0.0,12.7,0,0,0,0.2,-0.2
658,Kenneth Taylor, NED,MF,Ajax,20,2002,4.6,0,7,3,42.9,1.51,0.65,0.0,0.0,16.4,0,0,0,0.5,-0.5
659,Lucas Taylor, BRA,DF,Shakhtar,27,1995,3.5,0,0,0,0.0,0.0,0.0,0.0,0.0,0.0,0,0,0,0.0,0.0
660,Mavis Tchibota, CGO,FW,Maccabi Haifa,26,1996,1.0,0,4,1,25.0,3.87,0.97,0.0,0.0,22.6,0,0,0,0.1,-0.1
661,Aurélien Tchouaméni, FRA,MF,Real Madrid,22,2000,4.8,0,9,2,22.2,1.87,0.42,0.0,0.0,17.1,0,0,0,0.4,-0.4
662,Mathys Tel, FRA,FW,Bayern Munich,17,2005,1.6,0,7,1,14.3,4.34,0.62,0.0,0.0,21.1,0,0,0,0.6,-0.6
663,Alex Telles, BRA,"DF,FW",Sevilla,29,1992,4.3,0,4,0,0.0,0.92,0.0,0.0,0.0,18.9,0,0,0,0.2,-0.2
664,Marc-André ter Stegen, GER,GK,Barcelona,30,1992,5.0,0,0,0,0.0,0.0,0.0,0.0,0.0,0.0,0,0,0,0.0,0.0
665,Kévin Théophile-Catherine, FRA,DF,Dinamo Zagreb,32,1989,0.8,0,1,0,0.0,1.2,0.0,0.0,0.0,9.5,0,0,0,0.0,0.0
666,Malick Thiaw, GER,DF,Milan,20,2001,3.1,0,3,0,0.0,0.98,0.0,0.0,0.0,12.2,0,0,0,0.8,-0.8
667,Mohamed Tijani, BEN,DF,Viktoria Plzeň,25,1997,1.9,0,0,0,0.0,0.0,0.0,0.0,0.0,0.0,0,0,0,0.0,0.0
668,Malik Tillman, USA,MF,Rangers,20,2002,2.7,0,2,0,0.0,0.74,0.0,0.0,0.0,20.0,0,0,0,0.1,-0.1
669,Jurriën Timber, NED,DF,Ajax,21,2001,5.9,0,2,0,0.0,0.34,0.0,0.0,0.0,10.8,0,0,0,0.4,-0.4
670,Fikayo Tomori, ENG,DF,Milan,24,1997,9.2,0,2,0,0.0,0.22,0.0,0.0,0.0,18.1,0,0,0,0.1,-0.1
671,Sandro Tonali, ITA,MF,Milan,22,2000,11.7,0,9,1,11.1,0.77,0.09,0.0,0.0,21.6,0,0,0,0.6,-0.6
672,Pablo Torre, ESP,"MF,FW",Barcelona,19,2003,1.1,1,1,1,100.0,0.95,0.95,1.0,1.0,14.9,0,0,0,0.4,0.6
673,Ferrán Torres, ESP,"FW,MF",Barcelona,22,2000,2.1,3,7,3,42.9,3.35,1.44,0.43,1.0,13.5,0,0,0,1.3,1.7
674,Andriy Totovytskyi, UKR,MF,Shakhtar,29,1993,0.2,0,1,0,0.0,5.29,0.0,0.0,0.0,12.4,0,0,0,0.1,-0.1
675,Kevin Trapp, GER,GK,Eint Frankfurt,32,1990,8.0,0,0,0,0.0,0.0,0.0,0.0,0.0,0.0,0,0,0,0.0,0.0
676,Francisco Trincão, POR,"MF,FW",Sporting CP,22,1999,4.3,2,9,4,44.4,2.1,0.93,0.22,0.5,18.9,1,0,0,0.5,1.5
677,Anatolii Trubin, UKR,GK,Shakhtar,20,2001,6.0,0,0,0,0.0,0.0,0.0,0.0,0.0,0.0,0,0,0,0.0,0.0
678,Kostas Tsimikas, GRE,DF,Liverpool,26,1996,3.8,0,3,0,0.0,0.79,0.0,0.0,0.0,17.6,1,0,0,0.1,-0.1
679,David Turnbull, SCO,MF,Celtic,23,1999,1.1,0,3,1,33.3,2.62,0.87,0.0,0.0,25.9,0,0,0,0.1,-0.1
680,Tuta, BRA,DF,Eint Frankfurt,23,1999,6.7,0,2,1,50.0,0.3,0.15,0.0,0.0,12.3,0,0,0,0.1,-0.1
681,Marián Tvrdoň, SVK,GK,Viktoria Plzeň,27,1994,1.0,0,0,0,0.0,0.0,0.0,0.0,0.0,0.0,0,0,0,0.0,0.0
682,Manuel Ugarte Ribeiro, URU,MF,Sporting CP,21,2001,5.2,0,0,0,0.0,0.0,0.0,0.0,0.0,0.0,0,0,0,0.0,0.0
683,Andreas Ulmer, AUT,DF,RB Salzburg,36,1985,4.2,0,2,0,0.0,0.48,0.0,0.0,0.0,16.5,0,0,0,0.2,-0.2
684,Sven Ulreich, GER,GK,Bayern Munich,33,1988,3.0,0,0,0,0.0,0.0,0.0,0.0,0.0,0.0,0,0,0,0.0,0.0
685,Cengiz Ünder, TUR,MF,Marseille,25,1997,1.9,0,6,1,16.7,3.12,0.52,0.0,0.0,20.1,0,0,0,0.5,-0.5
686,Dayot Upamecano, FRA,DF,Bayern Munich,23,1998,7.9,0,0,0,0.0,0.0,0.0,0.0,0.0,0.0,0,0,0,0.0,0.0
687,Mateus Uribe, COL,MF,Porto,31,1991,6.8,1,9,2,22.2,1.33,0.3,0.0,0.0,27.1,0,1,1,1.4,-0.4
688,Enrique Valiente, ESP,DF,Sevilla,20,2002,2.0,0,1,0,0.0,0.5,0.0,0.0,0.0,9.0,0,0,0,0.0,0.0
689,Jesús Vallejo, ESP,DF,Real Madrid,25,1997,0.2,0,0,0,0.0,0.0,0.0,0.0,0.0,0.0,0,0,0,0.0,0.0
690,Federico Valverde, URU,"MF,FW",Real Madrid,24,1998,10.7,2,24,8,33.3,2.23,0.74,0.08,0.25,22.3,1,0,0,1.7,0.3
691,Virgil van Dijk, NED,DF,Liverpool,31,1991,8.0,0,12,5,41.7,1.5,0.62,0.0,0.0,10.5,0,0,0,1.0,-1.0
692,Hans Vanaken, BEL,MF,Club Brugge,29,1992,7.8,0,4,0,0.0,0.51,0.0,0.0,0.0,17.7,1,0,0,0.3,-0.3
693,Denis Vavro, SVK,DF,FC Copenhagen,26,1996,4.0,0,3,2,66.7,0.75,0.5,0.0,0.0,22.9,2,0,0,0.2,-0.2
694,Lucas Vázquez, ESP,DF,Real Madrid,31,1991,2.2,0,0,0,0.0,0.0,0.0,0.0,0.0,0.0,0,0,0,0.0,0.0
695,Jordan Veretout, FRA,MF,Marseille,29,1993,5.4,0,3,2,66.7,0.56,0.37,0.0,0.0,23.1,1,0,0,0.1,-0.1
696,Lucas Veríssimo, BRA,DF,Benfica,27,1995,0.1,0,0,0,0.0,0.0,0.0,0.0,0.0,0.0,0,0,0,0.0,0.0
697,Gabriel Veron, BRA,"MF,FW",Porto,19,2002,0.5,0,0,0,0.0,0.0,0.0,0.0,0.0,0.0,0,0,0,0.0,0.0
698,Marco Verratti, ITA,MF,Paris S-G,29,1992,6.9,0,2,0,0.0,0.29,0.0,0.0,0.0,25.0,0,0,0,0.1,-0.1
699,Vitinha, POR,MF,Paris S-G,22,2000,6.5,0,5,2,40.0,0.77,0.31,0.0,0.0,22.6,0,0,0,0.6,-0.6
700,Odisseas Vlachodimos, GRE,GK,Benfica,28,1994,10.0,0,0,0,0.0,0.0,0.0,0.0,0.0,0.0,0,0,0,0.0,0.0
701,Dušan Vlahović, SRB,FW,Juventus,22,2000,4.6,1,15,7,46.7,3.28,1.53,0.07,0.14,11.8,0,0,0,2.6,-1.6
702,Adam Vlkanova, CZE,MF,Viktoria Plzeň,27,1994,5.1,1,10,3,30.0,1.97,0.59,0.1,0.33,19.8,0,0,0,0.4,0.6
703,Stefan de Vrij, NED,DF,Inter,30,1992,3.3,0,0,0,0.0,0.0,0.0,0.0,0.0,0.0,0,0,0,0.0,0.0
704,Kyle Walker, ENG,"DF,FW",Manchester City,32,1990,3.1,0,1,0,0.0,0.32,0.0,0.0,0.0,31.3,0,0,0,0.0,0.0
705,Paul Wanner, GER,"DF,FW",Bayern Munich,16,2005,0.4,0,1,0,0.0,2.5,0.0,0.0,0.0,20.8,0,0,0,0.1,-0.1
706,Stephen Welsh, SCO,DF,Celtic,22,2000,1.0,0,0,0,0.0,0.0,0.0,0.0,0.0,0.0,0,0,0,0.0,0.0
707,Wendell, BRA,DF,Porto,29,1993,1.6,0,2,1,50.0,1.26,0.63,0.0,0.0,25.3,0,0,0,0.1,-0.1
708,Timo Werner, GER,FW,RB Leipzig,26,1996,5.6,2,13,6,46.2,2.34,1.08,0.15,0.33,12.5,0,0,0,2.4,-0.4
709,Owen Wijndal, NED,DF,Ajax,22,1999,0.8,0,0,0,0.0,0.0,0.0,0.0,0.0,0.0,0,0,0,0.0,0.0
710,Josh Wilson-Esbrand, ENG,DF,Manchester City,19,2002,0.5,0,0,0,0.0,0.0,0.0,0.0,0.0,0.0,0,0,0,0.0,0.0
711,Axel Witsel, BEL,"DF,MF",Atlético Madrid,33,1989,5.1,0,1,0,0.0,0.19,0.0,0.0,0.0,8.2,0,0,0,0.1,-0.1
712,Maximilian Wöber, AUT,DF,RB Salzburg,24,1998,1.8,0,2,1,50.0,1.09,0.55,0.0,0.0,10.2,0,0,0,0.1,-0.1
713,Marius Wolf, GER,DF,Dortmund,27,1995,2.0,0,5,2,40.0,2.56,1.02,0.0,0.0,15.9,0,0,0,0.3,-0.3
714,Scott Wright, SCO,"FW,MF",Rangers,24,1997,1.5,0,0,0,0.0,0.0,0.0,0.0,0.0,0.0,0,0,0,0.0,0.0
715,Roman Yaremchuk, UKR,FW,Club Brugge,26,1995,1.2,0,3,1,33.3,2.41,0.8,0.0,0.0,13.3,0,0,0,0.5,-0.5
716,Rıdvan Yılmaz, TUR,DF,Rangers,21,2001,1.0,0,1,0,0.0,1.0,0.0,0.0,0.0,31.8,0,0,0,0.0,0.0
717,Warren Zaire-Emery, FRA,MF,Paris S-G,16,2006,0.9,0,0,0,0.0,0.0,0.0,0.0,0.0,0.0,0,0,0,0.0,0.0
718,Denis Zakaria, SUI,MF,Chelsea,25,1996,0.8,1,1,1,100.0,1.22,1.22,1.0,1.0,16.4,0,0,0,0.1,0.9
719,Andre-Frank Zambo Anguissa, CMR,MF,Napoli,26,1995,7.2,1,9,2,22.2,1.25,0.28,0.11,0.5,18.5,0,0,0,0.8,0.2
720,Alessandro Zanoli, ITA,DF,Napoli,21,2000,0.1,0,0,0,0.0,0.0,0.0,0.0,0.0,0.0,0,0,0,0.0,0.0
721,Zeca, GRE,MF,FC Copenhagen,33,1988,1.8,0,2,0,0.0,1.12,0.0,0.0,0.0,30.5,0,0,0,0.0,0.0
722,Alessio Zerbin, ITA,FW,Napoli,23,1999,0.6,0,2,2,100.0,3.21,3.21,0.0,0.0,26.2,0,0,0,0.2,-0.2
723,Piotr Zieliński, POL,MF,Napoli,28,1994,6.9,4,14,8,57.1,2.04,1.16,0.14,0.25,21.3,0,2,3,3.9,0.1
724,Hakim Ziyech, MAR,"FW,MF",Chelsea,29,1993,1.6,0,12,5,41.7,7.3,3.04,0.0,0.0,21.1,3,0,0,0.6,-0.6
725,Oleksandr Zubkov, UKR,"FW,MF",Shakhtar,25,1996,4.1,2,8,3,37.5,1.97,0.74,0.25,0.67,17.2,0,0,0,1.0,1.0
