,Player,Nationality,Position,Club ,Age,Born,90s,Total Passes completion %,Progressive passing distance,Passes completed (short) %,Passes completed (medium) %,Passes completed (long) %,Assists,Expected Assist Goals (xAG),xA,A-xAG,Key Passes,Passes into Final third,Passes into Penalty Area,Crosses into Penalty Area,Progressive passes
0,Liel Abada,ISR,"FW,MF",Celtic,20,2001,2.4,66.1,136,91.2,46.7,0.0,0,0.5,0.6,-0.5,4,1,3,1,4
1,Oliver Abildgaard,DEN,MF,Celtic,26,1996,0.7,72.7,121,83.3,81.3,50.0,0,0.0,0.0,0.0,0,0,0,0,2
2,Mohammad Abu Fani,ISR,MF,Maccabi Haifa,24,1998,4.4,86.1,732,87.4,89.0,90.3,0,0.6,0.7,-0.6,9,22,7,0,29
3,Francesco Acerbi,ITA,DF,Inter,34,1988,10.2,87.5,3420,89.5,92.7,63.2,0,0.1,0.1,-0.1,1,31,0,0,29
4,Marcos Acuña,ARG,"DF,MF",Sevilla,30,1991,2.4,69.1,533,84.8,76.9,35.0,1,0.2,0.1,0.8,4,4,4,2,5
5,Junior Adamu,AUT,FW,RB Salzburg,21,2001,2.3,52.1,110,52.0,61.5,0.0,1,0.4,0.2,0.6,2,2,2,2,1
6,Antonio Adán,ESP,GK,Sporting CP,35,1987,4.2,69.9,1688,100.0,95.3,35.1,0,0.0,0.0,0.0,0,0,0,0,0
7,Arijan Ademi,MKD,MF,Dinamo Zagreb,31,1991,5.2,83.0,364,87.5,87.5,100.0,0,0.1,0.1,-0.1,3,8,1,0,10
8,Karim Adeyemi,GER,"FW,MF",Dortmund,20,2002,4.2,76.2,241,91.2,70.4,60.0,0,1.1,0.7,-1.1,7,4,1,0,9
9,Amine Adli,FRA,"FW,MF",Leverkusen,22,2000,1.3,68.8,170,64.7,86.4,50.0,0,0.3,0.4,-0.3,2,2,4,1,6
10,Manuel Akanji,SUI,DF,Manchester City,27,1995,10.5,91.8,4176,95.8,94.7,74.2,0,0.4,0.7,-0.4,4,55,2,0,44
11,Nathan Aké,NED,DF,Manchester City,27,1995,6.8,91.5,3327,97.1,91.6,79.6,0,0.3,0.4,-0.3,2,72,2,1,54
12,David Alaba,AUT,DF,Real Madrid,30,1992,7.9,87.0,2043,93.6,87.8,42.9,0,0.6,1.4,-0.6,8,23,3,2,19
13,Lucas Alario,ARG,"FW,MF",Eint Frankfurt,29,1992,0.2,33.3,0,0.0,0.0,0.0,0,0.0,0.0,0.0,0,0,0,0,0
14,Jordi Alba,ESP,DF,Barcelona,33,1989,1.6,88.5,848,94.1,89.7,52.6,1,0.6,1.0,0.4,5,22,5,2,19
15,Thiago Alcántara,ESP,MF,Liverpool,31,1991,3.4,88.4,1265,89.9,92.5,81.6,0,0.5,0.9,-0.5,3,36,6,0,30
16,Trent Alexander-Arnold,ENG,DF,Liverpool,23,1998,6.9,76.7,3245,91.7,79.3,50.4,0,1.2,1.9,-1.2,14,38,18,8,52
17,Sotiris Alexandropoulos,GRE,MF,Sporting CP,20,2001,1.3,78.6,83,85.7,92.3,25.0,0,0.0,0.0,0.0,0,2,0,0,3
18,Faride Alidou,GER,"DF,FW",Eint Frankfurt,21,2001,0.8,84.2,73,89.5,84.6,75.0,0,0.1,0.0,-0.1,3,1,1,1,0
19,Alisson,BRA,GK,Liverpool,29,1992,8.0,88.3,3991,100.0,97.4,71.1,0,0.0,0.0,0.0,0,6,0,0,0
20,Marcos Alonso,ESP,DF,Barcelona,31,1990,4.5,90.0,2357,93.3,93.8,74.4,0,0.9,1.1,-0.9,8,33,6,4,26
21,Éder Álvarez Balanta,COL,"MF,FW",Club Brugge,29,1993,0.6,76.5,53,75.0,71.4,100.0,0,0.0,0.0,0.0,1,1,1,0,1
22,Edson Álvarez,MEX,MF,Ajax,24,1997,5.9,85.7,1458,87.9,94.8,57.5,0,0.1,0.1,-0.1,2,28,2,0,14
23,Julián Álvarez,ARG,FW,Manchester City,22,2000,5.3,80.8,245,89.3,85.7,60.0,2,1.0,0.6,1.0,8,7,4,2,9
24,Nadiem Amiri,GER,"MF,FW",Leverkusen,25,1996,1.4,79.7,232,94.7,80.0,50.0,1,0.5,0.1,0.5,3,4,2,0,6
25,Robert Andrich,GER,MF,Leverkusen,27,1994,4.5,85.0,716,88.6,87.2,65.0,0,0.1,0.2,-0.1,2,15,2,0,14
26,Peter Ankersen,DEN,DF,FC Copenhagen,31,1990,0.3,50.0,21,75.0,0.0,0.0,0,0.0,0.0,0.0,0,0,0,0,0
27,Ofri Arad,ISR,"DF,MF",Maccabi Haifa,23,1998,0.2,90.9,55,100.0,66.7,0.0,0,0.0,0.0,0.0,0,1,0,0,1
28,Charles Aránguiz,CHI,MF,Leverkusen,33,1989,2.4,94.8,697,100.0,95.5,81.3,0,0.1,0.2,-0.1,3,13,1,0,15
29,Henrique Araújo,POR,FW,Benfica,20,2002,0.1,62.5,9,66.7,75.0,0.0,0,0.1,0.0,-0.1,2,0,1,0,1
30,Ronald Araújo,URU,DF,Barcelona,23,1999,1.0,85.5,397,72.2,100.0,72.7,0,0.0,0.0,0.0,0,4,0,0,6
31,Scott Arfield,CAN,MF,Rangers,33,1988,3.0,67.8,224,75.0,75.0,66.7,0,0.0,0.1,0.0,1,4,0,0,7
32,Hákon Arnar Haraldsson,ISL,FW,FC Copenhagen,19,2003,3.3,79.0,167,86.5,89.3,40.0,0,0.2,0.1,-0.2,1,3,1,0,7
33,Kepa Arrizabalaga,ESP,GK,Chelsea,27,1994,9.0,72.9,3291,100.0,94.0,47.2,0,0.0,0.0,0.0,0,1,0,0,1
34,Arthur,BRA,"MF,FW",Sporting CP,24,1998,1.2,76.7,129,89.5,85.7,40.0,0,0.3,0.3,-0.3,2,4,3,0,5
35,Marco Asensio,ESP,"FW,MF",Real Madrid,26,1996,3.6,86.8,477,88.9,89.3,66.7,1,1.7,1.7,-0.7,9,15,4,2,19
36,Kristjan Asllani,ALB,MF,Inter,20,2002,1.4,79.7,327,95.2,88.2,57.1,0,0.3,0.4,-0.3,2,6,2,0,3
37,Omer Atzili,ISR,"FW,MF",Maccabi Haifa,29,1993,3.4,67.2,497,81.5,71.0,50.0,1,0.7,0.4,0.3,10,6,7,3,12
38,Pierre-Emerick Aubameyang,GAB,FW,Chelsea,33,1989,4.5,76.5,200,81.5,81.6,0.0,1,0.5,0.3,0.5,6,4,4,0,11
39,Lynnt Audoor,BEL,MF,Club Brugge,18,2003,0.1,50.0,13,33.3,100.0,0.0,0,0.0,0.0,0.0,0,0,0,0,1
40,Fredrik Aursnes,NOR,"FW,MF",Benfica,26,1995,6.9,80.5,1170,87.9,87.0,52.9,0,0.6,1.0,-0.6,11,20,7,1,30
41,Sardar Azmoun,IRN,FW,Leverkusen,27,1995,0.1,66.7,36,0.0,100.0,0.0,0,0.1,0.0,-0.1,1,0,1,0,2
42,César Azpilicueta,ESP,DF,Chelsea,32,1989,2.9,88.9,1284,94.8,92.5,52.6,0,0.2,0.3,-0.2,4,26,3,2,15
43,Youri Baas,NED,DF,Ajax,19,2003,0.5,85.2,58,92.9,83.3,0.0,0,0.0,0.0,0.0,0,1,0,0,1
44,Alexander Bah,DEN,DF,Benfica,24,1997,7.3,78.9,2818,86.2,82.2,62.8,2,1.0,0.9,1.0,11,43,9,3,44
45,Eric Bailly,CIV,DF,Marseille,28,1994,3.4,85.7,1205,83.6,92.8,71.9,0,0.0,0.0,0.0,0,12,0,0,12
46,Stefan Bajcetic,ESP,MF,Liverpool,17,2004,1.2,78.9,198,83.9,82.8,63.6,0,0.0,0.0,0.0,0,3,0,0,6
47,Mitchel Bakker,NED,"MF,DF",Leverkusen,22,2000,3.8,81.0,796,92.4,80.0,40.0,0,0.3,0.2,-0.3,4,14,3,0,21
48,Alejandro Balde,ESP,DF,Barcelona,18,2003,1.9,87.0,416,91.7,92.6,57.1,0,0.0,0.2,0.0,1,6,4,2,11
49,Leonardo Balerdi,ARG,DF,Marseille,23,1999,5.5,87.0,1682,90.9,89.6,83.3,0,0.0,0.1,0.0,0,26,1,0,29
50,Fodé Ballo-Touré,SEN,"DF,MF",Milan,25,1997,1.5,83.3,290,94.9,81.8,75.0,0,0.0,0.0,0.0,0,3,0,0,2
51,Tommaso Barbieri,ITA,MF,Juventus,19,2002,0.0,66.7,28,100.0,0.0,0.0,0,0.0,0.0,0.0,0,1,0,0,0
52,Roony Bardghji,SWE,FW,FC Copenhagen,16,2005,1.1,62.5,41,66.7,80.0,0.0,0,0.0,0.0,0.0,0,2,0,0,2
53,Nicolò Barella,ITA,MF,Inter,25,1997,11.0,79.1,1504,89.2,80.5,66.0,0,0.7,0.9,-0.7,12,27,11,3,51
54,Borna Barišić,CRO,DF,Rangers,29,1992,5.2,82.5,1348,89.0,87.8,57.9,0,0.3,0.4,-0.3,5,19,4,4,17
55,Enzo Barrenechea,ARG,DF,Juventus,21,2001,0.0,60.0,7,50.0,50.0,100.0,0,0.0,0.0,0.0,0,0,0,0,0
56,Pablo Barrios,ESP,MF,Atlético Madrid,19,2003,0.1,100.0,16,100.0,100.0,0.0,0,0.0,0.0,0.0,0,1,0,0,1
57,Calvin Bassey,NGA,DF,Ajax,22,1999,6.0,89.2,1767,94.4,91.7,47.1,1,0.1,0.1,0.9,2,16,1,1,16
58,Fortune Bassey,NGA,FW,Viktoria Plzeň,23,1998,1.5,81.5,70,81.3,100.0,100.0,0,0.1,0.1,-0.1,2,1,2,0,3
59,Alessandro Bastoni,ITA,DF,Inter,23,1999,10.9,83.1,4095,95.5,89.6,61.0,3,2.0,1.7,1.0,11,43,14,11,46
60,Dylan Batubinsika,COD,DF,Maccabi Haifa,26,1996,5.0,87.9,1074,94.4,92.0,59.1,0,0.0,0.1,0.0,0,6,0,0,7
61,Martin Baturina,CRO,MF,Dinamo Zagreb,19,2003,0.7,78.4,99,83.3,83.3,100.0,0,0.1,0.1,-0.1,2,3,1,0,5
62,Raoul Bellanova,ITA,"DF,MF",Inter,22,2000,1.3,67.2,198,90.0,78.3,50.0,0,0.0,0.1,0.0,1,0,1,1,1
63,Héctor Bellerín,ESP,DF,Barcelona,27,1995,2.0,80.6,393,94.4,78.6,71.4,0,0.1,0.1,-0.1,1,4,2,1,6
64,Jude Bellingham,ENG,MF,Dortmund,19,2003,7.0,81.8,1401,88.8,84.2,69.2,1,0.7,0.7,0.3,7,40,11,0,50
65,Ismaël Bennacer,ALG,MF,Milan,24,1997,6.5,84.3,1323,92.1,83.5,72.3,0,0.3,0.3,-0.3,4,37,3,0,31
66,Rodrigo Bentancur,URU,"MF,FW",Tottenham,25,1997,5.6,86.6,1572,88.8,90.5,65.4,0,0.3,0.6,-0.3,3,35,3,0,51
67,Karim Benzema,FRA,FW,Real Madrid,34,1987,8.3,85.1,643,88.8,91.7,66.7,1,1.8,1.7,-0.8,18,15,14,0,31
68,Steven Berghuis,NED,"MF,FW",Ajax,30,1991,5.1,74.5,1259,87.5,75.0,60.0,2,0.6,1.0,1.4,6,32,14,4,39
69,Steven Bergwijn,NED,FW,Ajax,24,1997,5.8,89.8,399,96.9,83.6,83.3,0,0.8,1.1,-0.8,10,8,7,1,16
70,Alexandro Bernabei,ARG,FW,Celtic,21,2000,0.1,100.0,6,100.0,100.0,0.0,0,0.0,0.0,0.0,1,0,0,0,0
71,Bernardo,BRA,DF,RB Salzburg,27,1995,3.0,67.1,494,73.7,73.5,56.3,0,0.0,0.0,0.0,0,4,0,0,6
72,Juan Bernat,ESP,DF,Paris S-G,29,1993,3.1,91.5,655,91.9,93.2,66.7,0,0.1,0.1,-0.1,1,19,2,0,11
73,Victor Bernth Kristiansen,DEN,"DF,MF",FC Copenhagen,19,2002,5.4,74.9,1169,85.0,80.2,47.7,0,0.3,0.3,-0.3,6,14,3,3,11
74,Modou Biramé Ndiaye,SEN,MF,Viktoria Plzeň,25,1996,2.0,75.4,447,71.4,88.0,66.7,0,0.0,0.0,0.0,0,7,1,0,6
75,Yves Bissouma,MLI,MF,Tottenham,25,1996,1.0,90.3,285,92.1,96.2,60.0,0,0.0,0.0,0.0,0,3,1,0,5
76,Janis Blaswich,GER,GK,RB Leipzig,31,1991,5.9,83.3,2101,100.0,97.1,43.1,0,0.0,0.0,0.0,0,4,0,0,0
77,Daley Blind,NED,DF,Ajax,32,1990,4.5,83.2,2157,93.6,88.4,60.0,0,0.1,0.4,-0.1,2,33,5,0,33
78,Petar Bočkaj,CRO,"DF,FW",Dinamo Zagreb,26,1996,0.4,57.1,69,75.0,60.0,50.0,0,0.0,0.0,0.0,0,2,0,0,3
79,Nicolai Boilesen,DEN,DF,FC Copenhagen,30,1992,1.1,96.4,563,100.0,98.0,66.7,0,0.0,0.0,0.0,1,3,1,0,3
80,Valerii Bondar,UKR,DF,Shakhtar,23,1999,6.0,92.2,2076,96.5,96.7,71.4,0,0.0,0.0,0.0,0,5,0,0,6
81,Artem Bondarenko,UKR,MF,Shakhtar,21,2000,5.4,87.4,847,92.1,91.3,63.6,0,0.2,0.1,-0.2,5,13,1,0,23
82,Leonardo Bonucci,ITA,DF,Juventus,35,1987,4.9,86.5,2661,93.7,92.3,71.6,0,0.0,0.3,0.0,0,26,1,0,20
83,Gonçalo Borges,POR,"MF,FW",Porto,21,2001,0.4,60.0,28,57.1,40.0,100.0,0,0.0,0.0,0.0,0,1,0,0,1
84,Rafael Borré,COL,FW,Eint Frankfurt,26,1995,2.5,80.0,117,86.8,75.0,100.0,0,0.8,0.6,-0.8,3,4,1,1,3
85,Yassine Bounou,MAR,GK,Sevilla,31,1991,4.0,79.8,2595,100.0,96.7,55.2,0,0.0,0.0,0.0,0,1,0,0,0
86,Dedryck Boyata,BEL,DF,Club Brugge,31,1990,1.5,83.5,388,88.9,96.2,41.2,0,0.0,0.0,0.0,0,2,0,0,4
87,Julian Brandt,GER,"MF,FW",Dortmund,26,1996,5.3,80.6,810,88.8,85.7,48.1,1,1.0,0.8,0.0,8,15,12,1,29
88,Gleison Bremer,BRA,DF,Juventus,25,1997,3.0,85.3,835,82.9,90.8,68.8,0,0.0,0.0,0.0,0,3,0,0,3
89,Brian Brobbey,NED,FW,Ajax,20,2002,1.3,76.0,21,72.7,85.7,100.0,0,0.6,0.1,-0.6,2,1,1,1,0
90,Armando Broja,ALB,FW,Chelsea,20,2001,1.3,77.4,67,83.3,72.7,0.0,0,0.1,0.5,-0.1,1,2,1,0,2
91,Marcelo Brozović,CRO,MF,Inter,29,1992,6.1,89.2,1827,93.0,93.4,78.8,0,0.3,0.8,-0.3,4,28,3,2,37
92,Pavel Bucha,CZE,MF,Viktoria Plzeň,24,1998,4.0,87.1,645,89.5,93.5,83.3,0,0.6,0.5,-0.6,7,17,4,2,17
93,Tajon Buchanan,CAN,"DF,MF",Club Brugge,23,1999,5.8,76.2,346,83.8,73.3,63.6,2,0.3,0.1,1.7,2,3,2,1,8
94,Marko Bulat,CRO,MF,Dinamo Zagreb,20,2001,0.3,82.6,49,90.0,75.0,75.0,0,0.0,0.0,0.0,0,1,0,0,1
95,Sergio Busquets,ESP,MF,Barcelona,34,1988,3.2,83.1,631,85.2,87.0,87.5,0,0.0,0.3,0.0,0,17,2,0,18
96,Aurélio Buta,POR,DF,Eint Frankfurt,25,1997,1.8,62.7,173,71.4,66.7,33.3,0,0.0,0.0,0.0,0,1,0,0,4
97,Jamie Bynoe-Gittens,ENG,MF,Dortmund,17,2004,0.4,66.7,48,66.7,100.0,0.0,0,0.0,0.0,0.0,0,1,0,0,1
98,Jovane Cabral,CPV,MF,Sporting CP,24,1998,0.1,75.0,29,75.0,100.0,0.0,0,0.0,0.0,0.0,0,0,2,1,1
99,Davide Calabria,ITA,DF,Milan,25,1996,5.5,80.9,1548,89.0,86.9,65.1,0,0.2,0.3,-0.2,2,31,7,5,29
100,Hakan Çalhanoğlu,TUR,MF,Inter,28,1994,8.9,83.6,2154,90.6,91.9,63.7,2,1.3,1.3,0.7,17,31,9,1,38
101,Eduardo Camavinga,FRA,"MF,DF",Real Madrid,19,2002,8.0,86.8,1717,92.8,87.6,79.5,1,0.5,0.2,0.5,6,35,0,0,24
102,Emre Can,GER,MF,Dortmund,28,1994,6.3,84.8,1170,92.5,86.8,67.7,0,0.0,0.1,0.0,0,25,1,0,19
103,João Cancelo,POR,DF,Bayern Munich,28,1994,1.4,83.6,375,91.7,88.2,42.9,1,0.5,0.0,0.5,1,3,0,0,6
104,João Cancelo,POR,DF,Manchester City,28,1994,4.2,84.6,1133,93.5,84.6,62.1,4,1.1,1.0,2.9,5,27,5,2,35
105,Nicolás Capaldo,ARG,MF,RB Salzburg,24,1997,3.0,56.6,302,65.0,61.1,33.3,0,0.1,0.1,-0.1,2,10,3,0,9
106,Valentin Carboni,ARG,FW,Inter,17,2005,0.2,50.0,0,50.0,0.0,0.0,0,0.0,0.0,0.0,0,0,0,0,0
107,Fábio Cardoso,POR,DF,Porto,28,1994,4.0,88.7,1071,87.7,95.0,65.2,0,0.1,0.1,-0.1,1,4,1,1,3
108,David Carmo,POR,DF,Porto,23,1999,5.0,77.6,910,86.4,90.5,44.9,0,0.1,0.0,-0.1,1,3,0,0,5
109,Carmona,ESP,DF,Sevilla,20,2002,5.0,86.2,1386,90.8,90.1,74.1,0,0.3,0.2,-0.3,3,13,3,1,15
110,Yannick Carrasco,BEL,"DF,MF",Atlético Madrid,28,1993,3.0,76.1,364,92.7,71.2,33.3,1,0.4,0.3,0.6,5,4,5,1,12
111,Cameron Carter-Vickers,USA,DF,Celtic,24,1997,4.0,95.3,1599,98.4,96.1,83.3,0,0.0,0.1,0.0,0,38,1,0,28
112,Dani Carvajal,ESP,DF,Real Madrid,30,1992,9.7,85.9,1825,93.7,87.8,58.6,2,1.7,2.0,0.3,11,22,12,2,35
113,Fabio Carvalho,POR,"MF,FW",Liverpool,19,2002,1.3,83.6,125,81.8,81.8,100.0,0,0.1,0.4,-0.1,2,1,3,0,7
114,Marc Casado,ESP,MF,Barcelona,18,2003,0.3,89.7,83,85.7,100.0,100.0,0,0.0,0.0,0.0,0,2,0,0,0
115,Dani Ceballos,ESP,MF,Real Madrid,25,1996,1.0,90.8,300,96.4,95.2,40.0,0,0.2,0.1,-0.2,1,5,1,0,7
116,Aleš Čermák,CZE,MF,Viktoria Plzeň,27,1994,0.4,80.0,207,84.6,90.0,80.0,0,0.0,0.0,0.0,1,5,0,0,6
117,El Chadaille Bitshiabu,FRA,DF,Paris S-G,17,2005,0.5,96.3,220,100.0,100.0,100.0,0,0.0,0.0,0.0,0,5,0,0,1
118,Trevoh Chalobah,ENG,DF,Chelsea,23,1999,4.9,90.2,1455,93.2,92.3,75.0,0,0.3,0.2,-0.3,3,15,2,0,12
119,Timothy Chandler,USA,DF,Eint Frankfurt,32,1990,0.1,83.3,50,0.0,100.0,0.0,0,0.0,0.0,0.0,0,0,0,0,0
120,Tjaronn Chery,SUR,"MF,FW",Maccabi Haifa,34,1988,6.0,79.7,815,87.8,82.5,50.0,1,1.9,0.9,-0.9,10,25,5,1,29
121,Federico Chiesa,ITA,FW,Juventus,24,1997,0.2,88.9,40,100.0,0.0,100.0,0,0.1,0.1,-0.1,1,0,2,0,4
122,Ben Chilwell,ENG,"DF,MF",Chelsea,25,1996,6.2,78.3,1342,93.3,74.4,44.6,0,1.6,2.2,-1.6,12,16,3,1,22
123,Chiquinho,POR,MF,Benfica,27,1995,4.5,87.5,1514,91.5,91.9,73.9,1,0.3,0.3,0.7,5,25,4,2,37
124,Tomáš Chorý,CZE,FW,Viktoria Plzeň,27,1995,4.0,58.3,73,76.9,25.0,0.0,0,0.1,0.1,-0.1,2,3,1,0,2
125,Andreas Christensen,DEN,DF,Barcelona,26,1996,2.4,94.8,1381,96.5,97.3,78.3,0,0.0,0.1,0.0,1,29,0,0,18
126,Viktor Claesson,SWE,"FW,MF",FC Copenhagen,30,1992,5.4,79.4,560,81.4,91.1,54.5,1,0.7,0.5,0.3,7,11,6,0,21
127,Jonathan Clauss,FRA,DF,Marseille,29,1992,4.6,74.5,685,80.8,81.2,61.1,1,0.3,0.7,0.7,4,11,7,1,13
128,William Clem,DEN,MF,FC Copenhagen,18,2004,1.9,89.2,366,84.8,96.9,71.4,0,0.0,0.1,0.0,0,15,1,0,8
129,Sebastián Coates,URU,DF,Sporting CP,31,1990,4.4,88.1,1001,94.8,93.6,51.9,0,0.0,0.0,0.0,0,2,0,0,9
130,Josh Cohen,USA,GK,Maccabi Haifa,29,1992,6.0,73.8,2105,100.0,97.9,46.2,0,0.0,0.0,0.0,0,3,0,0,0
131,Antonio Čolak,CRO,FW,Rangers,28,1993,3.2,64.3,30,61.9,83.3,66.7,0,0.0,0.0,0.0,0,0,0,0,1
132,Kingsley Coman,FRA,"FW,DF",Bayern Munich,26,1996,5.9,78.3,714,90.8,76.8,53.3,1,1.7,2.2,-0.7,15,13,15,6,31
133,Francisco Conceição,POR,"FW,MF",Ajax,19,2002,0.2,92.9,25,100.0,100.0,50.0,0,0.0,0.0,0.0,0,2,0,0,1
134,Rodrigo Conceição,POR,DF,Porto,22,2000,0.1,80.0,34,66.7,100.0,0.0,0,0.0,0.0,0.0,0,1,0,0,1
135,Andreas Cornelius,DEN,FW,FC Copenhagen,29,1993,1.2,60.0,40,52.2,83.3,100.0,0,0.3,0.1,-0.3,1,0,0,0,0
136,Pierre Cornud,FRA,DF,Maccabi Haifa,25,1996,4.1,79.7,922,95.7,77.8,50.0,1,0.7,0.6,0.3,8,3,6,5,14
137,Ángel Correa,ARG,"FW,MF",Atlético Madrid,27,1995,3.5,80.7,263,87.3,73.9,66.7,0,0.4,0.5,-0.4,6,4,6,1,14
138,Joaquín Correa,ARG,FW,Inter,27,1994,3.4,81.7,256,90.9,81.5,80.0,2,0.7,0.8,1.3,5,6,5,0,15
139,Bruno Xavier Almeida Costa,POR,MF,Porto,25,1997,0.8,81.8,66,87.5,87.5,50.0,0,0.1,0.2,-0.1,1,0,1,0,3
140,Diogo Costa,POR,GK,Porto,22,1999,8.0,72.6,5657,100.0,98.5,52.8,1,0.2,0.0,0.8,1,9,0,0,0
141,Soumaïla Coulibaly,FRA,DF,Dortmund,18,2003,0.2,93.3,74,100.0,100.0,0.0,0,0.0,0.0,0.0,0,2,0,0,3
142,Thibaut Courtois,BEL,GK,Real Madrid,30,1992,10.0,79.2,4624,100.0,100.0,49.0,0,0.0,0.0,0.0,0,2,0,0,0
143,Juan Cuadrado,COL,"DF,MF",Juventus,34,1988,4.8,83.3,1260,87.3,85.6,82.0,1,1.3,0.6,-0.3,10,11,5,4,16
144,Marc Cucurella,ESP,DF,Chelsea,24,1998,4.6,83.9,1696,93.5,82.7,53.1,0,0.2,0.2,-0.2,4,23,2,0,29
145,Matheus Cunha,BRA,"FW,MF",Atlético Madrid,23,1999,1.4,72.7,31,95.0,62.5,0.0,0,0.4,0.1,-0.4,4,2,1,0,3
146,Danilo D'Ambrosio,ITA,DF,Inter,33,1988,1.8,82.5,509,86.1,87.2,70.0,0,0.0,0.1,0.0,0,4,1,0,9
147,Danilo,BRA,DF,Juventus,31,1991,4.7,84.7,1416,90.5,91.3,63.0,0,0.6,0.2,-0.6,3,22,1,1,25
148,Arnaut Danjuma,NED,MF,Tottenham,25,1997,0.1,100.0,29,100.0,100.0,0.0,0,0.0,0.0,0.0,0,1,0,0,2
149,Mohammed Daramy,DEN,FW,FC Copenhagen,20,2002,4.9,79.9,314,86.4,89.6,60.0,0,0.5,0.6,-0.5,6,4,7,2,14
150,Matteo Darmian,ITA,DF,Inter,32,1989,9.1,80.8,2176,85.5,87.5,47.2,0,0.3,0.3,-0.3,2,16,2,2,18
151,Dean David,ISR,"FW,DF",Maccabi Haifa,26,1996,2.6,57.1,90,65.4,62.5,40.0,0,0.1,0.1,-0.1,1,0,0,0,2
152,Alphonso Davies,CAN,DF,Bayern Munich,21,2000,6.7,89.6,1269,94.1,92.6,64.3,2,0.8,0.9,1.2,10,17,8,2,18
153,Ben Davies,WAL,DF,Tottenham,29,1993,4.4,82.0,1124,91.1,80.6,52.9,0,0.0,0.1,0.0,0,24,0,0,21
154,Ben Davies,ENG,DF,Rangers,26,1995,2.9,79.6,773,98.0,87.3,34.5,0,0.0,0.0,0.0,0,9,0,0,9
155,Steven Davis,NIR,MF,Rangers,37,1985,2.8,79.8,385,91.3,82.6,62.5,0,0.0,0.0,0.0,1,16,0,0,13
156,Kevin De Bruyne,BEL,MF,Manchester City,31,1991,8.0,68.2,1583,83.2,72.3,47.0,6,3.5,2.8,2.5,22,30,24,10,49
157,Charles De Ketelaere,BEL,"MF,FW",Milan,21,2001,2.6,70.7,174,87.8,70.6,40.0,0,0.0,0.1,0.0,0,6,1,0,7
158,Rodrigo De Paul,ARG,MF,Atlético Madrid,28,1994,2.8,77.5,1012,87.0,79.6,63.4,0,0.5,0.5,-0.5,5,26,4,3,35
159,Mattia De Sciglio,ITA,DF,Juventus,29,1992,1.1,75.0,256,88.9,89.5,50.0,0,0.0,0.0,0.0,1,5,1,1,4
160,Amar Dedić,BIH,DF,RB Salzburg,19,2002,6.0,64.7,1448,85.0,56.3,35.9,0,0.5,0.5,-0.5,7,12,5,2,14
161,Thomas Delaney,DEN,MF,Sevilla,30,1991,2.6,75.9,375,87.0,75.0,60.0,0,0.2,0.1,-0.2,2,11,0,0,8
162,Ousmane Dembélé,FRA,FW,Barcelona,25,1997,4.6,68.0,873,76.9,71.6,55.3,2,1.5,1.9,0.5,11,6,15,1,26
163,Kerem Demirbay,GER,MF,Leverkusen,29,1993,3.0,76.8,1106,86.7,90.9,47.7,0,0.3,0.6,-0.3,4,27,4,3,23
164,Sergiño Dest,USA,DF,Milan,21,2000,2.1,71.1,307,83.3,76.7,50.0,0,0.2,0.2,-0.2,2,4,5,2,6
165,Giovanni Di Lorenzo,ITA,DF,Napoli,28,1993,9.9,83.9,2937,90.4,86.9,65.0,2,2.6,2.8,-0.6,19,41,20,5,57
166,Ángel Di María,ARG,FW,Juventus,34,1988,1.6,67.9,416,88.2,61.1,54.5,3,1.8,1.2,1.2,7,7,5,0,12
167,Moussa Diaby,FRA,"FW,MF",Leverkusen,23,1999,5.6,73.8,418,90.8,67.2,33.3,0,0.8,0.9,-0.8,6,8,14,2,19
168,Abdou Diallo,SEN,"DF,MF",RB Leipzig,26,1996,2.5,91.1,1351,94.4,93.5,81.8,0,0.1,0.2,-0.1,1,25,3,0,26
169,Rúben Dias,POR,DF,Manchester City,25,1997,11.7,94.7,5707,97.3,96.5,82.6,0,0.1,0.2,-0.1,2,58,0,0,40
170,Brahim Díaz,ESP,"MF,FW",Milan,22,1999,6.7,83.1,544,90.8,84.9,66.7,0,0.6,0.8,-0.6,5,21,4,1,17
171,Luis Díaz,COL,FW,Liverpool,25,1997,3.0,79.8,349,87.0,80.0,50.0,0,0.3,0.2,-0.3,3,4,7,0,13
172,Eric Dier,ENG,DF,Tottenham,28,1994,6.9,89.3,3423,91.0,95.7,70.0,0,0.0,0.4,0.0,1,21,3,0,23
173,Kevin Diks,NED,DF,FC Copenhagen,25,1996,3.7,73.9,639,82.4,79.0,52.4,0,0.1,0.1,-0.1,2,10,1,0,10
174,Federico Dimarco,ITA,DF,Inter,24,1997,8.1,68.4,2036,88.0,70.2,45.9,5,3.0,2.6,2.0,16,22,13,6,34
175,Junior Dina Ebimbe,FRA,"MF,DF",Eint Frankfurt,21,2000,2.7,78.2,378,83.0,85.4,55.6,0,0.0,0.0,0.0,0,2,1,0,11
176,Marko Dmitrović,SRB,GK,Sevilla,30,1992,2.0,67.1,740,100.0,100.0,31.4,0,0.0,0.0,0.0,0,1,0,0,0
177,Matt Doherty,IRL,DF,Tottenham,30,1992,0.8,82.9,73,94.4,83.3,100.0,0,0.0,0.0,0.0,0,1,0,0,4
178,Kasper Dolberg,DEN,FW,Sevilla,24,1997,1.2,78.9,25,81.8,100.0,50.0,0,0.2,0.1,-0.2,2,0,2,0,2
179,Gianluigi Donnarumma,ITA,GK,Paris S-G,23,1999,8.0,82.8,2365,100.0,99.0,40.0,0,0.0,0.0,0.0,0,0,0,0,0
180,Julian Draxler,GER,MF,Benfica,28,1993,0.4,86.7,71,80.0,100.0,100.0,0,0.0,0.1,0.0,0,1,0,0,3
181,Josip Drmić,SUI,FW,Dinamo Zagreb,29,1992,1.1,68.2,28,69.2,71.4,0.0,0,0.3,0.0,-0.3,2,1,0,0,1
182,Denzel Dumfries,NED,DF,Inter,26,1996,9.8,65.5,1449,83.6,63.9,48.8,0,0.4,0.4,-0.4,3,13,4,0,15
183,Edin Džeko,BIH,FW,Inter,36,1986,9.2,62.8,609,69.7,65.1,73.3,1,0.9,0.5,0.1,9,13,4,0,26
184,Ederson,BRA,GK,Manchester City,28,1993,11.0,84.1,4883,100.0,99.4,59.5,0,0.0,0.0,0.0,0,2,0,0,0
185,Jorge Eduardo Sánchez,MEX,DF,Ajax,24,1997,3.0,84.6,485,93.8,82.8,66.7,0,0.2,0.2,-0.2,2,3,2,2,3
186,Marcus Edwards,ENG,"FW,MF",Sporting CP,23,1998,3.9,75.2,370,87.7,67.6,50.0,1,0.6,0.5,0.4,6,10,4,0,16
187,Hugo Ekitike,FRA,"MF,FW",Paris S-G,20,2002,0.7,78.6,22,85.7,80.0,0.0,0,0.0,0.1,0.0,0,0,1,0,1
188,Harvey Elliott,ENG,MF,Liverpool,19,2003,4.4,79.5,675,88.4,83.1,55.0,0,0.3,0.4,-0.3,5,15,11,1,28
189,Elif Elmas,MKD,"FW,MF",Napoli,22,1999,3.2,90.3,315,92.2,90.9,80.0,0,0.2,0.2,-0.2,4,9,1,0,9
190,Emerson,BRA,"DF,MF",Tottenham,23,1999,6.0,77.0,1157,86.2,78.6,63.3,0,0.3,0.5,-0.3,4,14,6,2,24
191,Youssef En-Nesyri,MAR,FW,Sevilla,25,1997,2.7,67.9,21,82.4,57.1,0.0,0,0.0,0.0,0.0,1,1,1,0,1
192,Ricardo Esgaio,POR,"DF,MF",Sporting CP,29,1993,1.2,69.4,229,87.0,57.1,50.0,0,0.0,0.0,0.0,1,2,0,0,3
193,Dario Essugo,POR,MF,Sporting CP,17,2005,0.3,70.0,34,50.0,85.7,0.0,0,0.0,0.0,0.0,0,0,0,0,1
194,Stephen Eustáquio,CAN,MF,Porto,25,1996,6.6,71.6,1058,82.0,80.6,36.0,0,0.6,1.1,-0.6,5,16,5,2,25
195,Evanilson,BRA,FW,Porto,22,1999,5.7,81.3,206,90.1,71.4,66.7,1,1.0,0.2,0.0,6,6,1,0,8
196,Fabinho,BRA,MF,Liverpool,28,1993,7.0,88.0,1579,92.0,91.5,67.5,0,0.2,0.3,-0.2,5,48,1,0,35
197,Nicolò Fagioli,ITA,MF,Juventus,21,2001,1.2,95.7,308,93.5,100.0,100.0,0,0.2,0.1,-0.2,3,12,3,0,16
198,Rasmus Falk,DEN,MF,FC Copenhagen,30,1992,2.1,88.1,207,95.0,88.9,75.0,0,0.0,0.0,0.0,1,7,0,0,7
199,Abdul Fatawu Issahaku,GHA,"MF,DF",Sporting CP,18,2004,1.0,74.1,56,78.6,72.7,50.0,0,0.0,0.0,0.0,0,1,0,0,0
200,Ansu Fati,ESP,FW,Barcelona,19,2002,2.7,85.7,201,92.9,76.0,75.0,1,0.1,0.1,0.9,1,5,3,0,9
201,Felipe,BRA,DF,Atlético Madrid,33,1989,1.0,85.2,303,85.0,86.7,75.0,0,0.1,0.0,-0.1,2,1,0,0,2
202,João Félix,POR,"FW,MF",Chelsea,22,1999,2.7,69.8,310,86.7,76.9,35.3,0,0.3,0.4,-0.3,2,5,3,0,12
203,João Félix,POR,FW,Atlético Madrid,22,1999,2.4,80.4,215,91.5,62.5,83.3,0,0.2,0.3,-0.2,4,5,4,2,8
204,Mateus Fernandes,POR,MF,Sporting CP,18,2004,0.3,44.4,1,0.0,60.0,0.0,0,0.0,0.0,0.0,0,0,0,0,0
205,Enzo Fernández,ARG,MF,Benfica,21,2001,4.7,89.0,1506,92.4,90.4,80.7,1,0.3,0.5,0.7,3,34,3,1,32
206,Enzo Fernández,ARG,MF,Chelsea,21,2001,3.7,84.0,1454,85.4,88.4,82.1,0,0.2,0.3,-0.2,3,35,5,0,37
207,Fernando,BRA,FW,RB Salzburg,23,1999,0.7,90.0,9,83.3,100.0,100.0,1,0.3,0.0,0.7,2,0,1,0,2
208,Fernando,BRA,MF,Sevilla,35,1987,1.0,95.8,403,100.0,93.5,100.0,0,0.0,0.0,0.0,1,8,0,0,7
209,Roberto Firmino,BRA,"FW,MF",Liverpool,30,1991,4.6,80.8,663,87.6,89.1,100.0,1,1.6,1.7,-0.6,10,20,6,0,30
210,Phil Foden,ENG,"MF,FW",Manchester City,22,2000,4.3,81.9,625,91.5,83.3,60.9,2,1.3,1.0,0.7,9,12,11,2,22
211,Wesley Fofana,FRA,DF,Chelsea,21,2000,4.4,89.7,992,93.2,92.8,78.6,0,0.2,0.3,-0.2,2,17,3,1,11
212,Bernardo Folha,POR,MF,Porto,20,2002,0.1,80.0,28,83.3,66.7,100.0,0,0.0,0.0,0.0,0,1,0,0,1
213,James Forrest,SCO,FW,Celtic,31,1991,1.0,69.1,137,83.9,61.1,25.0,0,0.5,0.3,-0.5,2,1,2,1,2
214,Emil Forsberg,SWE,"MF,FW",RB Leipzig,30,1991,4.5,88.0,486,93.3,86.7,71.4,0,0.3,0.6,-0.3,4,12,7,0,19
215,Fraser Forster,ENG,GK,Tottenham,34,1988,2.0,85.5,666,100.0,100.0,55.6,0,0.0,0.0,0.0,0,0,0,0,0
216,Timothy Fosu-Mensah,NED,"MF,DF",Leverkusen,24,1998,0.1,80.0,3,66.7,100.0,0.0,0,0.0,0.0,0.0,0,0,0,0,0
217,Lassina Franck Traoré,BFA,FW,Shakhtar,21,2001,2.7,71.4,103,80.0,75.0,50.0,0,0.5,0.2,-0.5,2,2,1,0,3
218,André Franco,POR,MF,Porto,24,1998,0.2,63.2,43,100.0,63.6,0.0,0,0.0,0.0,0.0,1,2,0,0,3
219,Jeremie Frimpong,NED,"MF,FW",Leverkusen,21,2000,4.2,74.5,386,88.3,73.5,41.7,2,0.8,0.5,1.2,5,7,5,1,10
220,Kyogo Furuhashi,JPN,FW,Celtic,27,1995,4.0,69.1,82,76.7,73.3,25.0,1,0.4,0.4,0.6,2,4,1,0,4
221,Matteo Gabbia,ITA,DF,Milan,22,1999,2.3,88.7,494,90.6,91.2,76.5,0,0.0,0.0,0.0,0,3,0,0,7
222,Gianluca Gaetano,ITA,MF,Napoli,22,2000,0.3,88.9,128,90.5,85.7,0.0,0,0.0,0.0,0.0,0,3,0,0,4
223,Roberto Gagliardini,ITA,MF,Inter,28,1994,1.3,84.3,215,85.7,100.0,66.7,0,0.2,0.1,-0.2,1,5,2,0,7
224,Cody Gakpo,NED,"FW,MF",Liverpool,23,1999,1.7,77.8,186,84.6,80.0,50.0,0,0.2,0.1,-0.2,2,3,3,0,9
225,Galeno,BRA,"FW,MF",Porto,24,1997,6.3,68.2,413,84.5,72.3,40.0,1,0.8,1.1,0.2,9,6,6,3,10
226,Conor Gallagher,ENG,MF,Chelsea,22,2000,3.3,86.0,423,88.9,91.7,66.7,0,0.7,1.2,-0.7,6,8,6,3,18
227,Eric García,ESP,DF,Barcelona,21,2001,2.5,96.3,1292,98.2,97.2,85.0,0,0.1,0.3,-0.1,1,26,4,2,25
228,Federico Gatti,ITA,DF,Juventus,24,1998,2.0,91.0,409,95.0,88.9,90.0,0,0.0,0.0,0.0,0,6,0,0,2
229,Gavi,ESP,MF,Barcelona,17,2004,3.7,83.9,424,90.6,88.0,50.0,0,0.7,0.5,-0.7,6,13,4,2,15
230,Gerson,BRA,MF,Marseille,25,1997,1.3,82.5,145,93.5,95.0,28.6,0,0.0,0.0,0.0,0,4,0,0,5
231,Giorgos Giakoumakis,GRE,FW,Celtic,27,1994,2.7,61.8,61,61.9,85.7,0.0,0,0.4,0.2,-0.4,4,0,1,0,2
232,Samuel Gigot,FRA,DF,Marseille,28,1993,2.8,91.8,790,94.5,96.8,64.7,0,0.0,0.0,0.0,0,16,0,0,11
233,Bryan Gil,ESP,MF,Tottenham,21,2001,0.4,65.0,60,81.8,75.0,33.3,0,0.2,0.1,-0.2,2,3,1,0,3
234,Gilberto,BRA,DF,Benfica,29,1993,2.2,81.4,661,91.8,77.5,40.0,0,0.0,0.1,0.0,0,12,3,0,16
235,Olivier Giroud,FRA,FW,Milan,35,1986,10.4,63.8,402,69.2,60.9,42.9,2,1.0,0.9,1.0,9,13,1,0,17
236,Serge Gnabry,GER,"FW,MF",Bayern Munich,27,1995,3.8,81.3,465,86.6,84.8,53.3,3,1.2,0.4,1.8,4,14,1,0,9
237,Sean Goldberg,ISR,DF,Maccabi Haifa,27,1995,6.0,85.3,1477,89.8,93.1,61.4,0,0.1,0.1,-0.1,4,11,1,0,15
238,Connor Goldson,ENG,DF,Rangers,29,1992,3.5,75.7,710,82.9,92.6,47.4,0,0.1,0.0,-0.1,1,7,0,0,3
239,Joe Gomez,ENG,DF,Liverpool,25,1997,3.3,79.4,1213,85.5,87.9,50.0,1,0.3,0.3,0.7,2,15,1,1,18
240,Papu Gómez,ARG,"FW,MF",Sevilla,34,1988,2.7,81.6,493,84.7,87.8,76.5,1,0.3,0.9,0.7,5,9,4,0,16
241,Sergio Gómez,ESP,"DF,MF",Manchester City,21,2000,3.4,88.4,965,96.6,88.2,58.3,1,0.3,0.3,0.7,3,36,4,2,30
242,Diogo Gonçalves,POR,"FW,MF",Benfica,25,1997,0.4,73.7,53,91.7,66.7,33.3,0,0.0,0.1,0.0,0,0,2,0,3
243,Pedro Gonçalves,POR,"MF,FW",Sporting CP,24,1998,4.0,72.4,401,84.5,71.4,53.8,2,0.3,0.3,1.7,5,7,3,0,11
244,Leon Goretzka,GER,MF,Bayern Munich,27,1995,6.7,87.3,1295,93.2,87.2,66.7,4,1.8,0.7,2.2,9,37,3,0,44
245,Robin Gosens,GER,DF,Inter,28,1994,4.7,78.8,1185,87.4,81.1,64.5,0,1.1,1.3,-1.1,5,9,5,4,15
246,Mario Götze,GER,"MF,FW",Eint Frankfurt,30,1992,5.8,75.0,693,85.2,68.1,42.1,2,0.6,0.6,1.4,6,15,5,0,29
247,Lucas Gourna-Douath,FRA,MF,RB Salzburg,18,2003,3.5,76.6,765,89.2,72.9,52.0,0,0.1,0.1,-0.1,1,13,4,0,19
248,Kamil Grabara,POL,GK,FC Copenhagen,23,1999,4.0,63.7,1650,100.0,100.0,41.3,0,0.0,0.0,0.0,0,1,0,0,0
249,Ryan Gravenberch,NED,MF,Bayern Munich,20,2002,2.8,82.5,538,88.5,86.4,71.4,0,0.6,0.6,-0.6,5,13,3,0,15
250,Ivo Grbić,CRO,GK,Atlético Madrid,26,1996,1.0,66.7,422,100.0,100.0,33.3,0,0.0,0.0,0.0,0,2,0,0,0
251,Jack Grealish,ENG,FW,Manchester City,26,1995,10.4,85.1,1144,93.6,89.2,62.5,1,2.9,2.6,-1.9,35,12,20,1,41
252,Antoine Griezmann,FRA,"FW,MF",Atlético Madrid,31,1991,4.5,77.6,699,90.8,72.8,52.9,1,1.2,0.8,-0.2,9,15,7,1,26
253,Florian Grillitsch,AUT,MF,Ajax,26,1995,0.7,82.9,183,93.8,93.8,50.0,0,0.0,0.1,0.0,1,2,2,1,3
254,Álex Grimaldo,ESP,DF,Benfica,26,1995,10.0,84.0,2281,91.6,85.7,66.0,4,3.2,2.5,0.8,19,46,16,1,50
255,Marko Grujić,SRB,MF,Porto,26,1996,3.1,85.5,600,95.2,88.7,72.7,0,0.2,0.2,-0.2,4,10,4,0,19
256,Nemanja Gudelj,SRB,"DF,MF",Sevilla,30,1991,5.5,90.2,1609,90.2,94.8,80.0,0,0.1,0.1,-0.1,2,17,1,0,17
257,Gonçalo Guedes,POR,"FW,MF",Benfica,25,1996,0.5,68.4,47,70.0,60.0,100.0,0,0.0,0.0,0.0,1,2,0,0,2
258,Mattéo Guendouzi,FRA,MF,Marseille,23,1999,4.6,86.8,871,92.1,88.2,71.4,0,0.3,0.2,-0.3,5,28,5,1,36
259,Raphaël Guerreiro,POR,DF,Dortmund,28,1993,5.3,81.4,1482,88.5,77.0,58.3,0,1.1,0.4,-1.1,8,9,5,0,22
260,Pape Gueye,SEN,MF,Marseille,23,1999,0.4,92.2,213,93.3,88.5,100.0,0,0.0,0.0,0.0,0,16,0,0,10
261,Péter Gulácsi,HUN,GK,RB Leipzig,32,1990,2.1,79.7,497,92.3,100.0,42.1,0,0.0,0.0,0.0,0,0,0,0,0
262,İlkay Gündoğan,GER,MF,Manchester City,31,1990,11.0,89.0,2084,92.8,93.7,80.0,2,1.7,1.3,0.3,14,62,11,0,76
263,Joško Gvardiol,CRO,DF,RB Leipzig,20,2002,6.0,88.9,3104,95.5,95.3,63.9,0,0.2,0.1,-0.2,2,22,1,0,18
264,Erling Haaland,NOR,FW,Manchester City,22,2000,9.3,74.0,229,87.0,76.5,66.7,1,0.8,0.5,0.2,7,4,3,0,12
265,Amadou Haidara,MLI,MF,RB Leipzig,24,1998,3.8,90.6,865,95.7,91.5,61.5,0,0.5,0.4,-0.5,2,17,1,0,16
266,Achraf Hakimi,MAR,"DF,MF",Paris S-G,23,1998,6.4,87.8,1137,91.5,90.7,69.2,2,0.4,0.3,1.6,3,14,7,1,19
267,Sead Haksabanović,MNE,"MF,FW",Celtic,23,1999,2.5,72.9,437,90.7,65.2,58.3,0,0.6,0.8,-0.6,8,6,6,2,12
268,Sébastien Haller,CIV,FW,Dortmund,28,1994,1.6,68.0,32,81.5,60.0,100.0,0,0.0,0.0,0.0,1,1,0,0,0
269,Marcel Halstenberg,GER,DF,RB Leipzig,30,1991,1.9,84.5,425,95.7,89.8,50.0,1,0.3,0.4,0.7,3,7,3,3,3
270,Amine Harit,MAR,MF,Marseille,25,1997,4.2,84.2,644,91.8,85.1,65.4,2,1.5,0.8,0.5,13,20,7,1,24
271,Joe Hart,ENG,GK,Celtic,35,1987,6.0,93.1,2064,100.0,99.1,65.6,0,0.0,0.0,0.0,0,0,0,0,0
272,Makoto Hasebe,JPN,DF,Eint Frankfurt,38,1984,2.9,81.7,770,100.0,85.7,48.4,0,0.0,0.0,0.0,0,4,1,0,8
273,Reo Hatate,JPN,MF,Celtic,24,1997,5.0,77.7,1045,80.4,86.1,66.7,0,0.4,0.4,-0.4,7,16,9,1,31
274,Milan Havel,CZE,DF,Viktoria Plzeň,27,1994,4.7,72.4,639,90.9,72.3,31.6,0,0.1,0.2,-0.1,3,9,6,3,8
275,Kai Havertz,GER,"FW,MF",Chelsea,23,1999,6.9,76.9,644,81.9,72.4,72.7,0,1.9,1.0,-1.9,12,13,6,1,27
276,Eden Hazard,BEL,"FW,MF",Real Madrid,31,1991,1.5,87.9,138,92.7,88.9,100.0,1,0.3,0.2,0.7,5,2,3,0,4
277,Thorgan Hazard,BEL,"DF,FW",Dortmund,29,1993,2.2,76.5,287,90.5,87.1,35.7,0,0.3,0.1,-0.3,5,2,1,0,7
278,Dolev Haziz,ISR,DF,Maccabi Haifa,27,1995,2.3,72.1,461,90.5,69.6,47.1,1,0.3,0.5,0.7,3,6,4,2,7
279,Lukáš Hejda,CZE,DF,Viktoria Plzeň,32,1990,5.7,86.9,823,85.7,92.5,83.3,0,0.0,0.2,0.0,0,8,0,0,1
280,Jordan Henderson,ENG,MF,Liverpool,32,1990,3.1,87.3,744,93.5,89.0,72.7,1,0.6,0.6,0.4,6,19,5,0,25
281,Jack Hendry,SCO,DF,Club Brugge,27,1995,1.0,78.6,242,70.0,91.7,40.0,0,0.0,0.0,0.0,1,3,0,0,2
282,Benjamin Henrichs,GER,"DF,MF",RB Leipzig,25,1997,2.2,80.9,424,86.4,82.4,81.8,0,0.0,0.5,0.0,1,12,3,1,10
283,Mario Hermoso,ESP,DF,Atlético Madrid,27,1995,1.8,90.8,820,97.2,90.4,72.7,0,0.1,0.2,-0.1,1,13,2,0,14
284,Lucas Hernández,FRA,DF,Bayern Munich,26,1996,1.9,87.4,879,96.2,93.3,60.0,0,0.0,0.0,0.0,0,15,0,0,8
285,Theo Hernández,FRA,DF,Milan,24,1997,10.5,83.5,2623,93.5,89.2,59.0,1,1.6,1.2,-0.6,12,33,7,2,46
286,Son Heung-min,KOR,"MF,FW",Tottenham,30,1992,6.9,67.2,477,87.0,67.3,19.0,0,1.5,1.2,-1.5,11,4,6,0,15
287,Piero Hincapié,ECU,DF,Leverkusen,20,2002,5.0,81.5,1457,88.8,86.0,55.9,0,0.3,0.3,-0.3,3,18,1,0,19
288,Adam Hložek,CZE,"MF,FW",Leverkusen,20,2002,3.1,73.9,220,74.1,87.0,50.0,1,0.8,0.2,0.2,6,6,2,0,13
289,Libor Holík,CZE,DF,Viktoria Plzeň,24,1998,3.2,64.7,442,75.8,71.0,37.5,1,0.2,0.2,0.8,2,4,4,4,6
290,Lukáš Hrádecký,FIN,GK,Leverkusen,32,1989,6.0,78.8,2946,100.0,100.0,47.5,0,0.0,0.0,0.0,0,3,0,0,0
291,Callum Hudson-Odoi,ENG,FW,Leverkusen,21,2000,5.1,80.5,679,84.2,89.7,52.4,0,1.2,1.2,-1.2,10,14,10,1,31
292,Mats Hummels,GER,DF,Dortmund,33,1988,3.5,84.8,1469,88.1,95.1,67.4,0,0.0,0.0,0.0,0,7,2,0,10
293,Pierre Højbjerg,DEN,MF,Tottenham,26,1995,6.9,88.2,1990,92.1,92.3,71.7,2,0.5,0.6,1.5,5,34,7,2,40
294,Samuel Iling-Junior,ENG,DF,Juventus,18,2003,0.2,50.0,36,66.7,50.0,0.0,1,0.2,0.1,0.8,2,0,2,2,1
295,Gonçalo Inácio,POR,DF,Sporting CP,20,2001,6.0,87.3,2452,92.0,91.6,67.2,0,0.0,0.1,0.0,0,12,0,0,13
296,Isco,ESP,"MF,FW",Sevilla,30,1992,4.4,84.8,755,93.0,90.0,69.2,1,0.2,0.4,0.8,5,14,6,0,28
297,Franco Israel,URU,GK,Sporting CP,22,2000,1.7,61.4,779,100.0,100.0,30.8,0,0.0,0.0,0.0,0,0,0,0,0
298,Luka Ivanušec,CRO,MF,Dinamo Zagreb,23,1998,5.8,81.4,642,84.5,85.7,75.0,0,0.2,0.2,-0.2,4,13,3,1,17
299,Ryan Jack,SCO,MF,Rangers,30,1992,2.1,79.2,229,91.4,73.3,57.1,1,0.3,0.0,0.7,3,10,0,0,5
300,Kristijan Jakić,CRO,DF,Eint Frankfurt,25,1997,6.8,77.6,1863,88.9,76.0,46.5,0,0.0,0.1,0.0,1,19,2,0,21
301,Reece James,ENG,"DF,MF",Chelsea,22,1999,7.7,82.4,1713,93.5,82.9,69.4,1,1.0,1.0,0.0,9,25,11,5,44
302,Adnan Januzaj,BEL,"FW,MF",Sevilla,27,1995,0.6,78.9,59,90.0,83.3,50.0,0,0.0,0.1,0.0,1,1,2,0,5
303,Luis Javier Suárez,COL,FW,Marseille,24,1997,1.3,65.6,45,69.2,64.3,100.0,0,0.3,0.1,-0.3,3,2,0,0,1
304,Elias Jelert,DEN,"DF,MF",FC Copenhagen,19,2003,2.1,80.0,359,90.0,77.5,60.0,0,0.1,0.0,-0.1,1,4,1,0,7
305,Václav Jemelka,CZE,DF,Viktoria Plzeň,27,1995,4.0,78.7,945,97.7,86.0,62.5,1,0.5,0.4,0.5,3,10,3,1,10
306,Valdemar Jensen,DEN,DF,FC Copenhagen,19,2003,3.4,86.8,904,95.6,90.7,56.5,0,0.0,0.0,0.0,0,10,1,0,9
307,Moritz Jenz,GER,DF,Celtic,23,1999,6.0,93.4,2824,93.8,94.3,85.2,0,0.0,0.1,0.0,0,28,0,0,29
308,Juan Jesus,BRA,DF,Napoli,31,1991,2.3,90.7,800,93.0,92.7,80.0,0,0.0,0.0,0.0,0,11,0,0,12
309,Erik Jirka,SVK,"FW,MF",Viktoria Plzeň,24,1997,3.0,66.2,233,76.5,86.4,10.0,0,0.2,0.1,-0.2,5,10,2,0,8
310,Ísak Jóhannesson,ISL,"FW,MF",FC Copenhagen,19,2003,3.2,67.5,335,87.9,75.0,35.3,0,0.8,0.6,-0.8,4,1,2,0,5
311,Curtis Jones,ENG,"FW,MF",Liverpool,21,2001,1.1,80.0,79,85.2,90.0,0.0,0,0.1,0.1,-0.1,1,0,1,0,3
312,Frenkie de Jong,NED,MF,Barcelona,25,1997,2.6,86.9,565,94.0,90.2,92.3,0,0.2,0.3,-0.2,2,18,3,1,20
313,Joan Jordán,ESP,MF,Sevilla,28,1994,2.9,91.8,679,92.9,92.7,87.5,0,0.1,0.4,-0.1,1,11,1,0,20
314,Jorginho,ITA,MF,Chelsea,30,1991,4.6,92.5,1371,96.3,93.0,76.0,0,0.3,0.4,-0.3,7,36,6,0,40
315,Jota,POR,FW,Celtic,23,1999,3.2,75.7,494,87.8,77.8,61.1,0,0.5,0.8,-0.5,9,6,13,7,11
316,Diogo Jota,POR,"FW,MF",Liverpool,25,1996,2.9,77.9,270,82.4,81.5,50.0,4,1.3,0.5,2.7,12,6,5,1,15
317,Vinicius Júnior,BRA,FW,Real Madrid,22,2000,10.8,77.1,863,88.5,76.1,46.2,6,2.7,2.7,3.3,18,12,7,2,20
318,Josip Juranović,CRO,DF,Celtic,26,1995,6.0,82.2,1751,88.2,88.5,60.0,0,0.9,0.8,-0.9,6,35,14,7,45
319,Jutglà,ESP,FW,Club Brugge,23,1999,5.7,71.8,165,73.5,79.4,50.0,2,1.4,0.8,0.6,4,6,3,0,7
320,Issa Kaboré,BFA,DF,Marseille,21,2001,1.3,86.3,174,96.3,92.9,25.0,0,0.0,0.0,0.0,0,4,0,0,4
321,Pierre Kalulu,FRA,DF,Milan,22,2000,8.3,87.7,3372,87.3,95.4,71.8,0,0.2,0.2,-0.2,3,36,3,2,35
322,Lukáš Kalvach,CZE,MF,Viktoria Plzeň,27,1995,5.5,71.8,1349,80.0,83.1,53.6,0,0.6,0.7,-0.6,8,18,4,1,24
323,Daichi Kamada,JPN,"MF,FW",Eint Frankfurt,25,1996,7.7,79.1,1228,86.9,80.7,55.3,0,0.4,0.4,-0.4,3,22,7,0,34
324,Glen Kamara,FIN,MF,Rangers,26,1995,1.4,97.5,124,100.0,94.1,100.0,0,0.1,0.0,-0.1,2,1,0,0,3
325,Dijon Kameri,KVX,MF,RB Salzburg,18,2004,1.3,78.0,160,85.0,80.0,33.3,0,0.2,0.1,-0.2,2,5,2,2,4
326,Kevin Kampl,SVN,MF,RB Leipzig,31,1990,3.0,94.1,665,94.3,96.9,77.8,0,0.1,0.1,-0.1,2,17,6,0,23
327,Harry Kane,ENG,FW,Tottenham,29,1993,8.0,63.7,865,68.2,73.2,63.2,2,1.1,0.7,0.9,9,29,8,1,38
328,N'Golo Kanté,FRA,MF,Chelsea,31,1991,1.8,81.0,219,87.0,81.0,50.0,0,0.2,0.3,-0.2,3,4,3,0,11
329,Mamoudou Karamoko,FRA,FW,FC Copenhagen,22,1999,0.5,66.7,9,100.0,100.0,0.0,0,0.0,0.0,0.0,0,0,0,0,0
330,Moise Kean,ITA,"FW,MF",Juventus,22,2000,1.2,66.7,57,100.0,100.0,40.0,0,0.0,0.0,0.0,0,1,0,0,5
331,Ryan Kent,ENG,"FW,MF",Rangers,25,1996,5.6,81.7,272,93.8,78.0,50.0,0,0.4,0.4,-0.4,3,6,6,3,12
332,Franck Kessié,CIV,MF,Barcelona,25,1996,3.0,86.5,385,87.7,91.7,81.8,0,0.2,0.2,-0.2,2,9,4,1,8
333,Davit Khocholava,GEO,DF,FC Copenhagen,29,1993,4.8,86.0,1218,91.9,94.8,57.5,0,0.0,0.0,0.0,0,9,0,0,7
334,Joshua Kimmich,GER,MF,Bayern Munich,27,1995,9.0,87.2,3571,91.9,92.3,71.4,3,2.5,1.5,0.5,20,91,10,1,82
335,Presnel Kimpembe,FRA,DF,Paris S-G,26,1995,1.6,95.1,655,98.0,97.6,60.0,0,0.0,0.0,0.0,0,5,0,0,1
336,Leon King,SCO,DF,Rangers,18,2004,4.2,78.8,1150,85.7,90.8,45.7,0,0.0,0.0,0.0,0,8,1,0,11
337,Simon Kjær,DEN,DF,Milan,33,1989,5.6,85.9,1737,93.5,92.5,63.2,0,0.2,0.0,-0.2,3,12,0,0,14
338,Maurits Kjærgaard,DEN,MF,RB Salzburg,19,2003,5.5,63.2,557,77.6,53.3,22.2,0,1.4,1.1,-1.4,11,14,6,2,17
339,Davy Klaassen,NED,MF,Ajax,29,1993,2.4,89.4,119,97.3,81.0,100.0,0,0.1,0.1,-0.1,2,2,0,0,2
340,Jan Kliment,CZE,FW,Viktoria Plzeň,28,1993,0.5,87.5,16,80.0,100.0,0.0,0,0.0,0.0,0.0,0,1,1,0,2
341,Lukas Klostermann,GER,DF,RB Leipzig,26,1996,0.6,81.0,103,100.0,87.5,50.0,0,0.0,0.0,0.0,0,2,0,0,2
342,Ansgar Knauff,GER,"DF,FW",Eint Frankfurt,20,2002,3.3,63.6,482,73.3,69.7,18.8,1,0.5,0.2,0.5,3,2,2,0,7
343,Gregor Kobel,SUI,GK,Dortmund,24,1997,3.5,76.2,1568,100.0,98.3,40.7,0,0.0,0.0,0.0,0,0,0,0,0
344,Philipp Köhn,SUI,GK,RB Salzburg,24,1998,6.0,66.4,2558,100.0,100.0,48.9,0,0.0,0.0,0.0,0,3,0,0,0
345,Sekou Koita,MLI,FW,RB Salzburg,22,1999,0.2,87.5,10,100.0,100.0,100.0,0,0.0,0.0,0.0,0,0,0,0,0
346,Koke,ESP,MF,Atlético Madrid,30,1992,3.7,88.5,1033,94.4,87.8,71.4,0,0.2,0.1,-0.2,3,18,1,0,23
347,Sead Kolašinac,BIH,DF,Marseille,29,1993,1.7,86.4,490,89.6,87.7,80.0,0,0.0,0.1,0.0,0,5,0,0,10
348,Randal Kolo Muani,FRA,FW,Eint Frankfurt,23,1998,5.7,64.2,99,71.7,52.4,33.3,0,0.2,0.3,-0.2,3,3,1,0,3
349,Ibrahima Konaté,FRA,DF,Liverpool,23,1999,2.9,76.3,581,87.1,83.0,22.2,0,0.1,0.0,-0.1,1,2,0,0,3
350,Geoffrey Kondogbia,CTA,MF,Atlético Madrid,29,1993,2.5,86.7,827,91.4,90.3,73.0,0,0.0,0.2,0.0,1,21,2,0,15
351,Yukhym Konoplia,UKR,DF,Shakhtar,22,1999,4.6,82.5,1061,92.5,89.7,70.0,0,0.2,0.0,-0.2,4,9,1,0,14
352,Jan Kopic,CZE,"FW,MF",Viktoria Plzeň,32,1990,0.9,73.7,31,90.9,60.0,0.0,0,0.0,0.0,0.0,0,0,1,0,2
353,Odilon Kossonou,CIV,DF,Leverkusen,21,2001,4.8,82.8,1656,91.2,87.0,50.0,0,0.1,0.1,-0.1,2,30,2,0,26
354,Filip Kostić,SRB,"DF,FW",Juventus,29,1992,4.8,69.1,686,84.2,66.3,38.7,1,1.3,0.5,-0.3,12,14,7,5,15
355,Kalidou Koulibaly,SEN,DF,Chelsea,31,1991,6.3,88.3,2507,92.8,94.4,54.1,0,0.5,0.4,-0.5,3,29,2,0,26
356,Jules Koundé,FRA,DF,Barcelona,23,1998,2.7,90.5,1303,92.0,92.3,80.0,1,0.1,0.2,0.9,1,19,1,0,28
357,Mateo Kovačić,CRO,MF,Chelsea,28,1994,6.9,87.3,2096,90.8,91.3,76.3,0,0.8,1.1,-0.8,8,67,11,0,52
358,Adam Kronus,CZE,FW,Viktoria Plzeň,20,2002,0.0,50.0,18,50.0,100.0,0.0,0,0.0,0.0,0.0,0,0,0,0,0
359,Toni Kroos,GER,MF,Real Madrid,32,1990,9.4,91.4,5367,94.5,97.5,75.8,2,0.9,1.2,1.1,16,107,8,3,88
360,Rade Krunić,BIH,"MF,FW",Milan,28,1993,9.1,82.5,1239,87.8,85.4,75.0,0,0.0,0.1,0.0,0,24,1,0,27
361,Dmytro Kryskiv,UKR,MF,Shakhtar,21,2000,0.1,100.0,12,100.0,100.0,0.0,0,0.0,0.0,0.0,0,1,0,0,1
362,Serhiy Kryvtsov,UKR,DF,Shakhtar,31,1991,0.1,0.0,0,0.0,0.0,0.0,0,0.0,0.0,0.0,0,0,0,0,0
363,Dejan Kulusevski,SWE,"MF,DF",Tottenham,22,2000,2.2,74.2,205,83.0,74.2,55.6,0,0.3,0.2,-0.3,4,3,3,2,5
364,Khvicha Kvaratskhelia,GEO,FW,Napoli,21,2001,7.7,73.6,640,87.3,71.6,51.5,4,2.4,2.1,1.6,17,8,8,2,19
365,Konrad Laimer,AUT,"MF,FW",RB Leipzig,25,1997,2.9,81.3,255,85.0,88.9,20.0,0,0.4,0.4,-0.4,2,6,2,1,6
366,Érik Lamela,ARG,"FW,MF",Sevilla,30,1992,3.1,80.2,249,81.4,83.0,80.0,0,0.6,0.5,-0.6,5,4,4,0,16
367,Noa Lang,NED,FW,Club Brugge,23,1999,3.2,68.7,522,78.6,84.3,28.0,0,0.1,0.2,-0.1,3,7,6,1,12
368,Aymeric Laporte,ESP,DF,Manchester City,28,1994,3.2,93.3,1123,98.0,95.7,66.7,0,0.1,0.1,-0.1,1,38,0,0,15
369,Cyle Larin,CAN,"FW,MF",Club Brugge,27,1995,0.1,100.0,1,100.0,0.0,0.0,0,0.0,0.0,0.0,0,0,0,0,0
370,Rasmus Lauritsen,DEN,DF,Dinamo Zagreb,26,1996,0.2,0.0,0,0.0,0.0,0.0,0,0.0,0.0,0.0,0,0,0,0,0
371,Neta Lavi,ISR,MF,Maccabi Haifa,25,1996,5.2,83.6,1378,84.7,89.4,78.8,0,0.3,0.3,-0.3,7,20,2,0,29
372,Rafael Leão,POR,"FW,MF",Milan,23,1999,10.1,70.0,723,77.4,74.0,71.9,4,2.7,2.9,1.3,15,16,16,5,24
373,Thomas Lemar,FRA,MF,Atlético Madrid,26,1995,1.2,78.1,200,81.8,100.0,50.0,0,0.2,0.1,-0.2,2,4,3,0,7
374,Clément Lenglet,FRA,DF,Tottenham,27,1995,5.6,84.4,1912,93.7,87.0,59.3,0,0.4,0.6,-0.4,2,23,2,0,27
375,Christopher Lenz,GER,DF,Eint Frankfurt,27,1994,2.5,71.2,460,82.2,78.7,52.9,0,0.2,0.1,-0.2,3,1,1,0,3
376,Lukas Lerager,DEN,MF,FC Copenhagen,29,1993,5.0,77.4,528,82.8,76.6,73.3,0,0.2,0.1,-0.2,4,12,2,0,14
377,Robert Lewandowski,POL,FW,Barcelona,33,1988,4.9,65.6,265,76.0,73.3,33.3,0,0.7,1.8,-0.7,7,6,7,2,18
378,Rico Lewis,ENG,DF,Manchester City,17,2004,1.3,90.7,123,94.2,94.7,33.3,0,0.1,0.1,-0.1,1,7,0,0,1
379,Matthijs de Ligt,NED,DF,Bayern Munich,22,1999,6.8,92.8,2860,94.4,97.5,74.6,0,0.0,0.1,0.0,0,40,3,0,28
380,Jesper Lindstrøm,DEN,"MF,FW",Eint Frankfurt,22,2000,5.6,65.4,301,69.9,78.8,25.0,0,1.0,0.9,-1.0,8,4,5,0,10
381,Dominik Livaković,CRO,GK,Dinamo Zagreb,27,1995,6.0,68.0,3636,100.0,98.8,42.4,0,0.0,0.0,0.0,0,2,0,0,0
382,Robert Ljubicic,AUT,"FW,DF",Dinamo Zagreb,23,1999,6.0,74.9,1882,87.1,75.0,57.6,0,0.1,0.2,-0.1,2,25,5,1,32
383,Marcos Llorente,ESP,"MF,FW",Atlético Madrid,27,1995,2.4,83.8,278,97.0,88.5,37.5,0,0.1,0.1,-0.1,2,6,2,0,9
384,Hugo Lloris,FRA,GK,Tottenham,35,1986,6.0,85.2,2335,100.0,98.6,57.6,0,0.0,0.0,0.0,0,2,0,0,0
385,Danny Loader,ENG,"FW,MF",Porto,21,2000,0.6,76.0,41,92.3,57.1,0.0,0,0.0,0.0,0.0,0,0,1,0,1
386,Stanislav Lobotka,SVK,MF,Napoli,27,1994,9.7,92.1,2335,95.5,91.5,82.9,0,0.3,0.2,-0.3,6,42,2,1,44
387,Manuel Locatelli,ITA,MF,Juventus,24,1998,2.5,86.7,1139,90.7,93.1,71.8,0,0.3,0.2,-0.3,1,21,4,0,28
388,Ruben Loftus-Cheek,ENG,MF,Chelsea,26,1996,3.2,87.8,693,90.9,94.4,54.5,1,0.2,0.2,0.8,1,17,2,0,21
389,Pau López,ESP,GK,Marseille,27,1994,6.0,76.3,2373,100.0,98.5,55.1,0,0.0,0.0,0.0,0,4,0,0,0
390,Alexander lowry,SCO,MF,Rangers,19,2003,0.1,66.7,0,50.0,100.0,0.0,0,0.0,0.0,0.0,0,0,0,0,0
391,Hirving Lozano,MEX,FW,Napoli,27,1995,5.2,70.9,374,85.7,62.2,41.7,1,1.7,1.1,-0.7,8,8,3,1,12
392,Florentino Luís,POR,MF,Benfica,22,1999,9.5,88.6,2278,92.0,90.7,85.7,0,0.0,0.2,0.0,1,49,2,0,42
393,Romelu Lukaku,BEL,FW,Inter,29,1993,2.1,72.2,146,75.0,86.7,33.3,1,0.6,0.6,0.4,6,6,2,0,9
394,John Lundstram,ENG,"MF,DF",Rangers,28,1994,5.0,79.7,774,85.3,88.6,46.2,0,0.1,0.0,-0.1,1,9,1,0,12
395,Andriy Lunin,UKR,GK,Real Madrid,23,1999,2.0,95.3,412,100.0,100.0,50.0,0,0.0,0.0,0.0,0,0,0,0,0
396,Mahir Madatov,AZE,FW,Dinamo Zagreb,25,1997,0.2,85.7,12,80.0,100.0,0.0,0,0.2,0.0,-0.2,1,0,0,0,0
397,Daizen Maeda,JPN,FW,Celtic,24,1997,3.7,71.8,136,78.9,86.4,0.0,0,0.7,0.4,-0.7,4,0,3,1,4
398,Riyad Mahrez,ALG,"FW,MF",Manchester City,31,1991,5.6,86.2,616,93.3,88.6,77.1,2,1.8,1.9,0.2,19,9,12,3,15
399,Mike Maignan,FRA,GK,Milan,27,1995,7.0,83.5,4081,97.8,99.0,65.0,0,0.0,0.0,0.0,0,4,0,0,0
400,Donyell Malen,NED,"FW,MF",Dortmund,23,1999,2.8,75.9,93,86.1,80.0,0.0,0,0.1,0.2,-0.1,2,4,1,0,6
401,Reinildo Mandava,MOZ,DF,Atlético Madrid,28,1994,5.7,88.5,1401,94.4,90.7,50.0,0,0.1,0.2,-0.1,2,33,2,1,34
402,Sadio Mané,SEN,FW,Bayern Munich,30,1992,6.1,78.2,711,86.1,84.3,61.5,1,0.9,1.1,0.1,8,20,17,0,38
403,Iván Marcano,ESP,DF,Porto,35,1987,3.0,88.5,1100,89.1,94.8,77.1,0,0.5,0.2,-0.5,2,7,1,0,10
404,Marcão,BRA,DF,Sevilla,26,1996,2.5,86.0,1039,96.2,90.2,43.8,0,0.0,0.0,0.0,0,7,0,0,11
405,José María Giménez,URU,DF,Atlético Madrid,27,1995,4.5,87.8,2093,92.6,90.4,80.3,0,0.1,0.1,-0.1,1,14,4,1,16
406,Mariano,DOM,FW,Real Madrid,28,1993,0.1,50.0,16,0.0,100.0,0.0,0,0.0,0.0,0.0,0,0,0,0,1
407,Antonio Marin,CRO,FW,Dinamo Zagreb,21,2001,0.1,75.0,18,66.7,100.0,0.0,0,0.0,0.0,0.0,0,0,0,0,1
408,João Mário,POR,FW,Benfica,29,1993,9.6,85.3,1607,91.7,89.0,54.3,2,2.8,2.6,-0.8,15,37,15,4,56
409,João Mário Lopes,POR,DF,Porto,22,2000,3.0,75.0,309,88.1,77.4,11.1,0,0.1,0.1,-0.1,1,4,1,0,7
410,Marquinhos,BRA,DF,Paris S-G,28,1994,7.3,92.7,2123,95.4,95.6,69.4,0,0.1,0.1,-0.1,2,17,1,0,17
411,José Marsà,ESP,DF,Sporting CP,20,2002,1.1,88.9,84,100.0,100.0,60.0,0,0.0,0.0,0.0,0,1,0,0,0
412,Lautaro Martínez,ARG,FW,Inter,24,1997,11.1,70.3,664,74.1,78.1,61.9,3,1.8,1.0,1.2,18,16,7,1,28
413,Toni Martínez,ESP,FW,Porto,25,1997,1.3,52.5,55,56.0,30.0,0.0,0,0.1,0.0,-0.1,2,0,0,0,1
414,Clinton Mata,ANG,DF,Club Brugge,29,1992,1.8,76.8,606,93.2,76.7,33.3,0,0.0,0.0,0.0,1,5,1,0,8
415,Pape Matar Sarr,SEN,MF,Tottenham,19,2002,1.0,83.3,255,88.5,90.0,88.9,0,0.0,0.2,0.0,1,5,1,0,4
416,Joël Matip,CMR,DF,Liverpool,30,1991,2.7,88.6,1064,87.9,92.2,78.3,0,0.0,0.1,0.0,1,18,0,0,16
417,Rabbi Matondo,WAL,"MF,FW",Rangers,21,2000,1.1,50.0,0,64.3,0.0,0.0,0,0.0,0.0,0.0,0,0,0,0,0
418,Mykola Matviyenko,UKR,DF,Shakhtar,26,1996,6.0,88.5,2506,95.9,94.7,50.0,0,0.0,0.0,0.0,0,10,0,0,6
419,Philipp Max,GER,DF,Eint Frankfurt,28,1993,1.3,66.7,206,83.3,70.0,0.0,0,0.1,0.1,-0.1,1,1,2,1,5
420,Eric Maxim Choupo-Moting,CMR,FW,Bayern Munich,33,1989,4.8,73.5,195,79.7,77.4,60.0,0,0.3,0.5,-0.3,5,3,3,0,11
421,Noussair Mazraoui,MAR,DF,Bayern Munich,24,1997,4.4,83.3,1351,93.0,84.6,58.8,0,0.1,0.3,-0.1,1,29,4,0,19
422,Kylian Mbappé,FRA,FW,Paris S-G,23,1998,7.2,75.4,539,82.8,71.6,64.3,3,1.1,1.4,1.9,8,12,11,3,32
423,Chancel Mbemba,COD,DF,Marseille,27,1994,4.5,81.3,1125,90.2,84.4,63.2,1,0.3,0.3,0.7,2,16,3,1,18
424,James McCarthy,IRL,MF,Celtic,31,1990,0.1,80.0,26,100.0,75.0,0.0,0,0.0,0.0,0.0,0,2,2,0,2
425,Allan McGregor,SCO,GK,Rangers,40,1982,5.0,61.7,2479,90.0,100.0,36.0,0,0.0,0.0,0.0,0,1,0,0,0
426,Callum McGregor,SCO,MF,Celtic,29,1993,2.4,88.5,640,91.0,98.4,50.0,0,0.2,0.4,-0.2,3,21,2,0,23
427,Weston McKennie,USA,MF,Juventus,23,1998,4.0,75.7,406,80.0,78.6,80.0,0,0.0,0.1,0.0,0,8,1,0,13
428,Jon McLaughlin,SCO,GK,Rangers,34,1987,1.0,67.7,366,100.0,100.0,40.0,0,0.0,0.0,0.0,0,0,0,0,0
429,Brandon Mechele,BEL,DF,Club Brugge,29,1993,8.0,87.0,2628,84.5,95.1,67.4,0,0.0,0.0,0.0,0,14,0,0,13
430,Bjorn Meijer,NED,DF,Club Brugge,19,2003,6.4,73.4,1432,82.7,81.4,39.5,1,0.5,0.4,0.5,6,22,5,4,19
431,Raz Meir,ISR,"DF,MF",Maccabi Haifa,25,1996,0.9,81.6,127,92.0,77.8,0.0,0,0.0,0.0,0.0,0,1,1,0,1
432,Arthur Melo,BRA,MF,Liverpool,25,1996,0.2,84.6,27,80.0,100.0,100.0,0,0.0,0.0,0.0,0,1,0,0,1
433,Memphis,NED,FW,Barcelona,28,1994,0.2,87.5,58,100.0,80.0,66.7,0,0.0,0.0,0.0,0,4,1,0,3
434,Sun Menachem,ISR,DF,Maccabi Haifa,28,1993,0.7,70.0,181,77.8,78.6,50.0,0,0.0,0.0,0.0,0,1,1,0,4
435,Nuno Mendes,POR,"DF,MF",Paris S-G,20,2002,4.9,73.6,789,85.8,70.4,55.0,0,0.5,0.7,-0.5,5,8,4,2,7
436,Edouard Mendy,SEN,GK,Chelsea,30,1992,1.0,92.0,240,100.0,100.0,75.0,0,0.0,0.0,0.0,0,0,0,0,0
437,Ferland Mendy,FRA,DF,Real Madrid,27,1995,3.9,95.1,988,95.8,96.0,100.0,0,0.3,0.3,-0.3,3,27,2,1,22
438,Alex Meret,ITA,GK,Napoli,25,1997,10.0,88.3,3429,100.0,98.7,59.0,0,0.0,0.0,0.0,0,0,0,0,0
439,Lionel Messi,ARG,"FW,MF",Paris S-G,35,1987,6.8,85.2,1586,92.9,83.6,51.9,4,2.2,1.9,1.8,19,40,21,0,53
440,Junior Messias,BRA,"FW,DF",Milan,31,1991,3.5,73.1,366,85.0,80.5,38.9,0,0.4,0.5,-0.4,5,4,3,2,6
441,Thomas Meunier,BEL,DF,Dortmund,30,1991,3.9,78.0,1036,85.8,84.0,41.2,1,0.8,0.9,0.2,6,11,4,2,11
442,Alexander Meyer,GER,GK,Dortmund,31,1991,4.5,83.3,2722,100.0,100.0,61.9,0,0.0,0.0,0.0,0,2,0,0,0
443,Simon Mignolet,BEL,GK,Club Brugge,34,1988,8.0,73.1,5992,97.1,98.9,56.7,0,0.0,0.0,0.0,0,1,0,0,0
444,Arkadiusz Milik,POL,FW,Juventus,28,1994,3.8,73.6,163,80.6,78.1,44.4,0,0.5,0.2,-0.5,6,5,2,0,6
445,Éder Militão,BRA,DF,Real Madrid,24,1998,8.3,86.3,2742,93.9,90.4,63.6,0,0.0,0.1,0.0,0,25,0,0,17
446,James Milner,ENG,MF,Liverpool,36,1986,2.7,81.0,573,90.6,87.1,62.5,0,0.0,0.2,0.0,1,9,7,1,22
447,Kim Min-jae,KOR,DF,Napoli,25,1996,8.7,87.9,3721,91.8,90.1,63.3,0,0.0,0.2,0.0,1,29,1,0,36
448,Rafa Mir,ESP,"MF,FW",Sevilla,25,1997,1.7,61.8,34,72.7,50.0,50.0,0,0.0,0.0,0.0,0,0,0,0,2
449,Fabio Miretti,ITA,"MF,FW",Juventus,18,2003,2.4,69.8,283,81.4,86.2,28.6,0,0.0,0.1,0.0,0,9,5,0,15
450,Josip Mišić,CRO,MF,Dinamo Zagreb,28,1994,5.8,89.5,1473,94.6,90.7,83.3,0,0.0,0.2,0.0,1,28,4,0,29
451,Henrikh Mkhitaryan,ARM,MF,Inter,33,1989,10.1,80.2,1358,87.2,85.1,63.0,0,0.3,0.4,-0.3,6,26,7,1,42
452,Anthony Modeste,FRA,FW,Dortmund,34,1988,3.8,61.4,78,70.0,53.3,50.0,0,0.0,0.1,0.0,1,2,2,1,4
453,Luka Modrić,CRO,MF,Real Madrid,36,1985,8.3,88.0,2324,93.1,90.0,60.0,1,1.1,1.9,-0.1,9,52,13,3,52
454,Ali Mohamed,NIG,MF,Maccabi Haifa,26,1995,4.0,84.8,788,87.0,90.4,84.6,0,0.0,0.1,0.0,1,20,2,0,33
455,Kudus Mohammed,GHA,FW,Ajax,21,2000,5.0,82.9,215,84.2,85.4,90.0,3,0.3,0.2,2.7,5,9,1,0,9
456,Sadegh Moharrami,IRN,"FW,DF",Dinamo Zagreb,26,1996,4.5,80.9,894,91.6,81.2,52.4,0,0.4,0.5,-0.4,7,11,5,5,17
457,Nahuel Molina,ARG,"DF,MF",Atlético Madrid,24,1998,5.2,73.1,1555,86.2,70.1,34.3,0,0.8,0.6,-0.8,7,17,7,5,23
458,Gonzalo Montiel,ARG,DF,Sevilla,25,1997,2.5,80.3,721,93.2,79.1,44.4,0,0.2,0.2,-0.2,4,7,2,2,12
459,Aaron Mooy,AUS,MF,Celtic,31,1990,1.7,79.9,457,92.3,71.8,53.8,0,0.1,0.6,-0.1,2,13,3,1,12
460,Álvaro Morata,ESP,FW,Atlético Madrid,29,1992,3.3,66.1,114,69.2,66.7,88.9,0,0.1,0.1,-0.1,3,3,4,2,5
461,Morato,BRA,DF,Benfica,21,2001,1.2,91.7,641,94.4,95.5,91.7,0,0.0,0.0,0.0,1,9,0,0,8
462,Alfredo Morelos,COL,FW,Rangers,26,1996,2.8,65.1,120,70.4,78.9,60.0,0,0.1,0.0,-0.1,1,1,0,0,3
463,Hidemasa Morita,JPN,MF,Sporting CP,27,1995,3.7,77.9,636,82.5,86.2,77.8,1,0.2,0.1,0.8,1,9,1,0,15
464,Jhon Mosquera,COL,"FW,MF",Viktoria Plzeň,32,1990,4.8,61.4,529,75.0,71.1,30.0,1,0.4,0.4,0.6,3,9,4,3,7
465,Youssoufa Moukoko,GER,"FW,MF",Dortmund,17,2004,2.7,81.4,184,82.6,100.0,50.0,2,0.4,0.2,1.6,4,3,0,0,8
466,Mason Mount,ENG,MF,Chelsea,23,1999,4.9,79.8,1060,89.7,78.9,69.7,2,0.8,1.0,1.2,12,26,13,3,40
467,Lucas Moura,BRA,"FW,MF",Tottenham,29,1992,1.9,60.7,125,78.8,50.0,40.0,0,0.3,0.3,-0.3,3,4,1,1,4
468,Mykhailo Mudryk,UKR,"FW,DF",Chelsea,21,2001,1.0,58.3,55,78.6,33.3,100.0,0,0.1,0.1,-0.1,2,2,1,0,1
469,Mykhailo Mudryk,UKR,MF,Shakhtar,21,2001,5.7,72.1,407,88.6,64.9,27.8,2,0.7,1.1,1.3,5,4,4,1,14
470,Paul Mukairu,NGA,FW,FC Copenhagen,22,2000,0.5,66.7,2,60.0,100.0,0.0,0,0.0,0.0,0.0,0,0,0,0,0
471,Nordi Mukiele,FRA,"DF,MF",Paris S-G,24,1997,1.2,75.0,158,73.3,92.9,0.0,0,0.0,0.1,0.0,1,0,0,0,1
472,Thomas Müller,GER,"MF,FW",Bayern Munich,32,1989,4.1,79.9,509,86.4,74.6,71.4,1,0.3,0.3,0.7,5,8,5,0,23
473,Petar Musa,CRO,FW,Benfica,24,1998,1.4,66.7,56,68.4,70.6,0.0,0,0.1,0.2,-0.1,1,3,2,0,5
474,Jamal Musiala,GER,"MF,FW",Bayern Munich,19,2003,5.9,87.2,824,93.2,90.4,68.8,2,1.9,1.9,0.1,14,20,10,0,44
475,Bohdan Mykhaylychenko,UKR,DF,Shakhtar,25,1997,4.0,81.4,709,92.0,77.6,50.0,2,0.3,0.2,1.7,2,5,2,2,10
476,Obite N'Dicka,FRA,DF,Eint Frankfurt,22,1999,8.0,84.0,2128,90.9,87.4,41.2,1,0.1,0.1,0.9,1,19,0,0,15
477,Nacho,ESP,DF,Real Madrid,32,1990,4.9,91.1,1471,92.5,93.8,72.7,0,0.1,0.1,-0.1,5,17,2,0,14
478,Jesús Navas,ESP,"DF,MF",Sevilla,36,1985,2.5,75.9,375,89.6,79.2,36.4,0,0.1,0.2,-0.1,1,2,3,1,5
479,Flávio Nazinho,POR,"DF,MF",Sporting CP,19,2003,1.3,63.6,56,66.7,66.7,0.0,0,0.0,0.0,0.0,1,1,0,0,0
480,Tanguy Ndombele,FRA,MF,Napoli,25,1996,4.1,86.8,864,94.1,87.1,50.0,1,1.4,0.8,-0.4,9,16,8,1,25
481,David Neres,BRA,"FW,MF",Benfica,25,1997,4.9,72.9,600,84.8,76.1,57.9,1,1.2,1.6,-0.2,7,19,14,3,23
482,Luís Neto,POR,DF,Sporting CP,34,1988,0.4,94.4,258,100.0,100.0,66.7,0,0.0,0.0,0.0,0,0,0,0,1
483,Manuel Neuer,GER,GK,Bayern Munich,36,1986,3.0,81.0,1808,100.0,96.4,63.0,0,0.0,0.0,0.0,0,0,0,0,0
484,João Neves,POR,"FW,MF",Benfica,17,2004,0.3,88.1,101,86.4,92.3,75.0,1,0.1,0.0,0.9,1,2,1,0,2
485,Neymar,BRA,"MF,FW",Paris S-G,30,1992,6.0,81.6,1506,87.9,84.7,57.1,2,1.6,1.4,0.4,16,38,25,1,57
486,Tanguy Nianzou,FRA,DF,Sevilla,20,2002,2.0,90.5,587,97.0,91.8,66.7,0,0.4,0.0,-0.4,1,2,0,0,6
487,Casper Nielsen,DEN,MF,Club Brugge,28,1994,7.2,65.8,648,72.7,75.8,48.5,1,0.6,0.7,0.4,3,14,3,1,19
488,Saúl Ñíguez,ESP,"MF,DF",Atlético Madrid,27,1994,3.1,79.7,418,85.9,83.7,50.0,0,0.1,0.3,-0.1,2,10,1,1,11
489,Christopher Nkunku,FRA,"MF,FW",RB Leipzig,24,1997,6.2,90.6,709,93.2,93.1,90.9,1,2.5,1.3,-1.5,10,15,10,1,23
490,Hugo Novoa,ESP,MF,RB Leipzig,19,2003,0.0,75.0,2,100.0,0.0,100.0,0,0.0,0.0,0.0,0,0,0,0,1
491,Darwin Núñez,URU,FW,Liverpool,23,1999,4.4,63.3,115,73.3,57.1,33.3,1,0.1,0.1,0.9,1,2,1,0,5
492,Antonio Nusa,NOR,FW,Club Brugge,17,2005,0.6,83.3,29,83.3,80.0,0.0,0,0.0,0.0,0.0,1,1,1,0,2
493,Matt O'Riley,DEN,MF,Celtic,21,2000,5.3,81.8,995,85.6,86.0,71.4,0,0.5,0.6,-0.5,2,18,9,2,30
494,Jan Oblak,SVN,GK,Atlético Madrid,29,1993,5.0,69.9,1716,100.0,97.6,40.7,0,0.0,0.0,0.0,0,1,0,0,0
495,Lucas Ocampos,ARG,FW,Ajax,28,1994,0.2,84.6,5,100.0,83.3,0.0,0,0.0,0.0,0.0,0,0,0,0,0
496,Oleh Ocheretko,UKR,MF,Shakhtar,19,2003,0.2,66.7,14,100.0,66.7,50.0,0,0.0,0.0,0.0,0,0,0,0,1
497,Denis Odoi,GHA,"DF,MF",Club Brugge,34,1988,5.8,80.4,1576,86.0,88.2,64.3,0,0.1,0.1,-0.1,1,30,0,0,29
498,Noah Okafor,SUI,FW,RB Salzburg,22,2000,5.2,68.5,143,77.1,69.6,60.0,0,0.5,0.2,-0.5,6,4,3,0,7
499,Mathías Olivera,URU,DF,Napoli,24,1997,5.7,83.3,1534,91.3,87.0,35.0,2,0.7,0.6,1.3,11,35,2,1,2
500,Dani Olmo,ESP,"FW,MF",RB Leipzig,24,1998,0.7,56.3,122,58.3,41.7,83.3,0,0.1,0.1,-0.1,2,2,2,1,3
501,André Onana,CMR,GK,Inter,26,1996,13.0,77.5,8251,100.0,98.3,55.1,0,0.0,0.0,0.0,0,12,0,0,0
502,Raphael Onyedika,NGA,MF,Club Brugge,21,2001,6.3,84.7,975,85.7,93.1,71.4,0,0.1,0.1,-0.1,2,14,1,0,19
503,Willi Orban,HUN,DF,RB Leipzig,29,1992,8.0,88.8,2946,91.7,94.5,71.6,0,0.1,0.1,-0.1,2,29,2,0,33
504,Divock Origi,BEL,FW,Milan,27,1995,1.7,70.2,110,79.2,73.3,0.0,0,0.2,0.1,-0.2,1,1,2,0,4
505,Mislav Oršić,CRO,FW,Dinamo Zagreb,29,1992,5.4,70.3,531,84.8,70.6,40.0,0,0.3,0.4,-0.3,4,8,7,1,15
506,Stefan Ortega,GER,GK,Manchester City,29,1992,2.0,96.2,779,100.0,100.0,81.8,0,0.0,0.0,0.0,0,0,0,0,0
507,Victor Osimhen,NGA,FW,Napoli,23,1998,4.7,66.7,109,60.0,73.3,75.0,0,0.5,0.3,-0.5,3,5,3,1,7
508,Nicolás Otamendi,ARG,DF,Benfica,34,1988,8.8,89.4,3540,91.5,95.3,77.7,1,0.6,0.7,0.4,5,18,1,0,24
509,Otávio,POR,MF,Porto,27,1995,5.8,76.0,1400,88.7,78.6,64.3,2,1.5,1.0,0.5,14,25,9,2,32
510,Alex Oxlade-Chamberlain,ENG,MF,Liverpool,28,1993,0.2,81.8,21,100.0,100.0,50.0,0,0.0,0.1,0.0,0,1,0,0,0
511,Salih Özcan,TUR,MF,Dortmund,24,1998,6.0,85.6,972,89.1,90.3,59.1,1,0.8,0.3,0.2,6,18,4,0,22
512,Exequiel Palacios,ARG,MF,Leverkusen,23,1998,1.0,77.2,317,86.1,82.8,54.5,0,0.0,0.1,0.0,1,4,1,1,7
513,Cole Palmer,ENG,"MF,FW",Manchester City,20,2002,1.5,85.7,88,90.0,91.3,85.7,0,0.0,0.1,0.0,0,4,1,1,4
514,Antonios Papadopoulos,GER,"MF,FW",Dortmund,22,1999,0.1,33.3,10,50.0,0.0,0.0,0,0.0,0.0,0.0,0,0,0,0,0
515,Leandro Paredes,ARG,MF,Juventus,28,1994,3.9,89.2,1574,92.9,94.8,73.3,1,0.2,0.6,0.8,6,33,2,0,29
516,Felix Passlack,GER,DF,Dortmund,24,1998,1.0,82.6,220,88.0,79.4,85.7,1,0.0,0.0,1.0,0,3,1,0,8
517,Remko Pasveer,NED,GK,Ajax,38,1983,6.0,66.1,3163,100.0,96.4,31.0,0,0.0,0.0,0.0,0,1,0,0,0
518,Paulinho,POR,FW,Sporting CP,29,1992,2.6,75.3,210,77.5,77.3,84.6,0,0.1,0.1,-0.1,2,5,0,0,10
519,Paulinho,BRA,FW,Leverkusen,22,2000,0.5,76.5,47,90.9,50.0,0.0,0,0.1,0.0,-0.1,1,1,1,0,2
520,Benjamin Pavard,FRA,DF,Bayern Munich,26,1996,6.6,90.3,3418,93.8,92.1,73.3,0,0.2,0.5,-0.2,2,52,3,1,53
521,Strahinja Pavlović,SRB,DF,RB Salzburg,21,2001,6.0,69.9,1189,82.2,75.9,32.3,0,0.2,0.0,-0.2,2,10,0,0,20
522,Dimitri Payet,FRA,MF,Marseille,35,1987,0.9,79.3,189,90.0,81.3,66.7,0,0.1,0.1,-0.1,1,6,2,1,9
523,Pedri,ESP,"MF,FW",Barcelona,19,2002,4.5,88.2,1008,91.3,90.9,86.5,0,0.8,0.7,-0.8,8,34,12,0,35
524,Luca Pellegrini,ITA,"DF,MF",Eint Frankfurt,23,1999,2.2,66.1,512,95.7,61.4,31.3,0,0.1,0.1,-0.1,2,4,2,0,10
525,Iñaki Peña,ESP,GK,Barcelona,23,1999,1.0,94.9,487,100.0,100.0,60.0,0,0.0,0.0,0.0,0,0,0,0,0
526,Pepe,POR,DF,Porto,39,1983,4.0,82.2,1114,90.9,90.9,53.7,0,0.0,0.1,0.0,0,8,1,0,10
527,Pepê,BRA,"DF,FW",Porto,25,1997,7.6,77.0,1477,80.4,83.2,65.5,0,1.2,1.2,-1.2,9,20,14,4,32
528,Danilo Pereira,POR,"DF,MF",Paris S-G,30,1991,5.0,93.5,1600,95.0,94.7,90.3,0,0.0,0.2,0.0,0,13,0,0,19
529,Dino Perić,CRO,DF,Dinamo Zagreb,28,1994,6.0,85.5,1807,90.7,86.1,58.3,0,0.1,0.3,-0.1,2,5,2,0,15
530,Mattia Perin,ITA,GK,Juventus,29,1992,2.0,83.6,813,100.0,100.0,52.6,0,0.0,0.0,0.0,0,2,0,0,0
531,Ivan Perišić,CRO,"DF,MF",Tottenham,33,1989,6.4,66.5,1112,76.9,73.6,47.2,3,1.3,1.8,1.7,10,11,8,5,22
532,Luděk Pernica,CZE,DF,Viktoria Plzeň,32,1990,5.5,87.1,1377,89.1,91.9,77.8,0,0.0,0.0,0.0,0,4,1,0,6
533,Bruno Petković,CRO,FW,Dinamo Zagreb,27,1994,5.4,66.5,425,70.7,67.3,77.8,2,1.1,0.7,0.9,9,9,4,0,13
534,Ivan Petryak,UKR,MF,Shakhtar,28,1994,2.0,70.5,68,90.5,81.8,50.0,0,0.1,0.1,-0.1,2,0,2,1,2
535,Kalvin Phillips,ENG,MF,Manchester City,26,1995,0.5,95.7,224,100.0,100.0,81.8,0,0.0,0.0,0.0,0,12,0,0,5
536,Frantzdy Pierrot,HAI,FW,Maccabi Haifa,27,1995,5.3,71.8,53,84.4,69.2,100.0,2,0.4,0.2,1.6,8,1,1,0,2
537,Václav Pilař,CZE,"FW,MF",Viktoria Plzeň,33,1988,1.4,70.2,144,73.7,94.1,37.5,0,0.0,0.1,0.0,0,2,1,1,2
538,Rodrigo Pinho,BRA,FW,Benfica,31,1991,0.2,100.0,5,100.0,0.0,0.0,0,0.0,0.0,0.0,0,0,0,0,0
539,Gerard Piqué,ESP,DF,Barcelona,35,1987,2.9,92.6,1575,92.4,96.9,77.8,0,0.0,0.1,0.0,0,19,0,0,11
540,Tommaso Pobega,ITA,MF,Milan,23,1999,1.8,63.8,190,64.0,75.7,33.3,0,0.1,0.1,-0.1,2,1,3,0,7
541,Suf Podgoreanu,ISR,DF,Maccabi Haifa,20,2002,0.1,0.0,0,0.0,0.0,0.0,0,0.0,0.0,0.0,0,0,0,0,0
542,Matteo Politano,ITA,FW,Napoli,28,1993,4.5,68.5,790,87.2,66.1,50.0,1,0.6,1.2,0.4,5,10,9,3,25
543,Pedro Porro,ESP,"DF,MF",Sporting CP,22,1999,4.4,69.2,965,82.6,84.5,36.0,1,0.5,0.2,0.5,4,5,2,2,8
544,Pedro Porro,ESP,DF,Tottenham,22,1999,0.4,71.9,219,75.0,80.0,66.7,0,0.2,0.2,-0.2,2,2,4,2,5
545,Yussuf Poulsen,DEN,"FW,MF",RB Leipzig,28,1994,0.8,42.9,29,50.0,50.0,100.0,0,0.0,0.0,0.0,0,0,1,0,1
546,Christian Pulisic,USA,"DF,FW",Chelsea,23,1998,1.3,82.0,183,92.1,64.3,66.7,1,1.0,0.7,0.0,5,2,2,0,9
547,Adrien Rabiot,FRA,MF,Juventus,27,1995,5.0,85.0,808,90.4,82.8,87.5,0,0.1,0.3,-0.1,4,23,5,1,32
548,Ivan Rakitić,CRO,MF,Sevilla,34,1988,4.6,84.5,1059,86.5,92.8,82.1,1,0.2,0.3,0.8,3,22,5,0,26
549,Gonçalo Ramos,POR,FW,Benfica,21,2001,7.9,67.8,161,72.7,76.5,42.9,1,0.7,0.3,0.3,5,4,3,1,10
550,Sergio Ramos,ESP,DF,Paris S-G,36,1986,8.0,92.9,2840,96.8,93.1,83.8,0,0.0,0.1,0.0,0,25,0,0,24
551,Calvin Ramsay,SCO,DF,Liverpool,19,2003,0.0,100.0,5,100.0,0.0,100.0,0,0.0,0.0,0.0,0,0,0,0,0
552,Raphinha,BRA,FW,Barcelona,25,1996,3.3,70.6,665,82.8,80.6,51.4,2,1.1,0.8,0.9,9,11,8,0,17
553,Giacomo Raspadori,ITA,FW,Napoli,22,2000,2.8,76.9,293,86.4,76.5,66.7,3,0.6,0.6,2.4,6,8,1,0,10
554,David Raum,GER,DF,RB Leipzig,24,1998,5.9,82.6,1095,90.9,85.8,48.5,0,0.8,1.2,-0.8,9,8,12,6,13
555,Ante Rebić,CRO,"FW,MF",Milan,28,1993,2.8,61.5,451,56.5,86.4,50.0,0,0.4,0.7,-0.4,3,11,4,2,16
556,Matheus Reis,BRA,DF,Sporting CP,27,1995,5.7,88.3,1613,91.5,90.6,73.1,0,0.2,0.4,-0.2,1,17,2,0,13
557,Karim Rekik,NED,DF,Sevilla,27,1994,1.0,94.6,132,100.0,92.3,100.0,0,0.0,0.0,0.0,0,2,0,0,0
558,Devyne Rensch,NED,DF,Ajax,19,2003,3.2,81.5,442,88.5,84.3,100.0,0,0.0,0.1,0.0,2,8,2,0,6
559,Marco Reus,GER,"MF,FW",Dortmund,33,1989,2.9,80.8,249,90.9,88.5,50.0,1,0.8,1.1,0.2,4,10,1,0,9
560,Gio Reyna,USA,"FW,MF",Dortmund,19,2002,4.3,77.6,436,83.7,90.0,46.7,2,1.1,0.9,0.9,10,9,4,1,14
561,Richarlison,BRA,"MF,FW",Tottenham,25,1997,4.1,70.6,330,74.5,86.5,33.3,0,0.8,0.5,-0.8,8,3,2,0,12
562,Stefan Ristovski,MKD,DF,Dinamo Zagreb,30,1992,4.1,82.0,1003,93.6,84.5,55.6,0,0.1,0.2,-0.1,3,5,3,2,18
563,Mats Rits,BEL,MF,Club Brugge,29,1993,0.2,100.0,9,100.0,100.0,100.0,0,0.0,0.0,0.0,0,0,0,0,0
564,Sergi Roberto,ESP,DF,Barcelona,30,1992,2.3,91.5,598,95.8,89.0,75.0,2,0.8,0.7,1.2,3,41,0,0,25
565,Andrew Robertson,SCO,DF,Liverpool,28,1994,4.2,78.4,1114,94.0,78.2,46.2,2,0.5,0.6,1.5,8,14,7,3,17
566,Rochinha,POR,"MF,FW",Sporting CP,27,1995,0.2,66.7,41,100.0,0.0,100.0,0,0.1,0.0,-0.1,1,1,0,0,1
567,Sebastian Rode,GER,MF,Eint Frankfurt,31,1990,3.3,80.1,622,86.9,90.2,33.3,1,0.8,0.5,0.2,4,22,0,0,19
568,Rodri,ESP,MF,Manchester City,26,1996,11.1,91.8,3553,94.0,95.1,87.3,0,0.6,0.6,-0.6,5,105,6,0,87
569,Rodrygo,BRA,FW,Real Madrid,21,2001,9.1,85.2,680,91.6,71.9,63.6,2,1.5,1.7,0.5,13,22,6,1,21
570,Cristian Romero,ARG,DF,Tottenham,24,1998,6.6,89.6,2315,92.3,93.7,67.6,0,0.1,0.2,-0.1,1,28,7,0,32
571,Valentin Rongier,FRA,MF,Marseille,27,1994,5.2,90.1,1529,92.2,92.6,82.1,0,0.1,0.3,-0.1,3,44,2,0,45
572,Tom Rothe,GER,DF,Dortmund,17,2004,0.7,70.9,239,71.9,75.0,0.0,0,0.0,0.0,0.0,0,5,1,0,6
573,Amir Rrahmani,KVX,DF,Napoli,28,1994,6.8,89.0,3376,93.7,92.9,72.6,0,0.0,0.2,0.0,1,24,3,1,24
574,Antonio Rüdiger,GER,DF,Real Madrid,29,1993,7.5,91.5,2147,96.2,92.6,75.0,0,0.4,0.3,-0.4,2,21,0,0,15
575,Daniele Rugani,ITA,DF,Juventus,28,1994,1.0,87.3,340,95.0,96.2,42.9,0,0.0,0.0,0.0,0,3,0,0,1
576,Mário Rui,POR,DF,Napoli,31,1991,4.3,79.5,1419,93.8,81.1,51.2,1,0.4,0.6,0.6,6,16,9,2,24
577,Fabián Ruiz Peña,ESP,MF,Paris S-G,26,1996,2.6,89.0,807,93.7,86.8,71.4,0,0.2,0.3,-0.2,2,15,1,0,15
578,Nikita Rukavytsya,AUS,"FW,MF",Maccabi Haifa,35,1987,0.5,80.0,26,80.0,0.0,100.0,0,0.0,0.1,0.0,1,0,0,0,1
579,Mathew Ryan,AUS,GK,FC Copenhagen,30,1992,2.0,56.9,1037,100.0,100.0,42.9,0,0.0,0.0,0.0,0,1,0,0,0
580,Julian Ryerson,NOR,DF,Dortmund,24,1997,0.2,66.7,29,50.0,0.0,100.0,0,0.0,0.0,0.0,0,0,1,0,1
581,Marcel Sabitzer,AUT,MF,Bayern Munich,28,1994,3.1,85.9,461,85.7,90.4,75.0,0,0.1,0.1,-0.1,3,7,2,0,16
582,Alexis Saelemaekers,BEL,"FW,DF",Milan,23,1999,4.1,70.2,327,75.0,79.2,33.3,0,0.3,0.4,-0.3,7,3,5,3,9
583,Fashion Sakala,ZAM,"FW,MF",Rangers,25,1997,2.6,69.2,119,88.5,71.4,50.0,0,0.1,0.1,-0.1,3,3,1,1,4
584,Mohamed Salah,EGY,FW,Liverpool,30,1992,6.9,81.6,622,90.0,79.7,53.8,2,2.5,1.9,-0.5,13,8,15,0,25
585,Renato Sanches,POR,MF,Paris S-G,24,1997,1.6,96.2,421,98.4,100.0,85.7,0,0.0,0.0,0.0,0,8,0,0,5
586,Alexis Sánchez,CHI,FW,Marseille,33,1988,4.6,81.2,212,88.0,74.2,80.0,1,0.8,0.6,0.2,6,12,5,1,9
587,Davinson Sánchez,COL,DF,Tottenham,26,1996,0.2,57.9,62,66.7,70.0,0.0,0,0.0,0.0,0.0,0,1,0,0,0
588,Cisse Sandra,BEL,FW,Club Brugge,18,2003,0.1,0.0,0,0.0,0.0,0.0,0,0.0,0.0,0.0,0,0,0,0,0
589,Alex Sandro,BRA,DF,Juventus,31,1991,2.7,89.3,909,97.6,85.7,79.2,0,0.0,0.1,0.0,0,22,1,1,23
590,James Sands,USA,"DF,MF",Rangers,22,2000,3.6,84.1,791,87.7,91.5,67.9,0,0.0,0.0,0.0,0,6,0,0,10
591,Leroy Sané,GER,"FW,MF",Bayern Munich,26,1996,6.1,83.3,758,87.8,84.9,62.5,1,1.9,1.8,-0.9,17,13,17,0,33
592,Nuno Santos,POR,"DF,MF",Sporting CP,27,1995,3.3,84.1,366,91.0,86.2,70.0,0,0.3,0.3,-0.3,5,3,2,1,5
593,Zaidu Sanusi,NGA,DF,Porto,25,1997,6.5,72.5,1297,86.7,75.0,32.5,0,0.0,0.3,0.0,2,13,3,1,16
594,Alvaro Sanz,ESP,MF,Barcelona,21,2001,0.2,83.3,23,100.0,50.0,100.0,0,0.0,0.0,0.0,0,0,0,0,0
595,Pablo Sarabia,ESP,MF,Paris S-G,30,1992,1.0,65.4,77,87.5,55.6,50.0,0,0.1,0.1,-0.1,1,3,0,0,0
596,Stefan Savić,MNE,DF,Atlético Madrid,31,1991,3.0,89.3,1251,100.0,93.1,64.5,0,0.1,0.1,-0.1,3,17,2,1,14
597,Patrik Schick,CZE,FW,Leverkusen,26,1996,5.0,78.7,256,80.0,86.4,83.3,0,0.1,0.1,-0.1,2,11,1,0,9
598,Andreas Schjelderup,NOR,FW,Benfica,18,2004,0.0,100.0,22,100.0,100.0,0.0,0,0.0,0.0,0.0,0,0,0,0,1
599,Xaver Schlager,AUT,MF,RB Leipzig,24,1997,6.5,88.5,1648,91.6,89.4,82.9,0,0.1,0.4,-0.1,2,42,5,0,34
600,Nico Schlotterbeck,GER,DF,Dortmund,22,1999,6.2,86.9,2112,91.7,94.0,55.2,0,0.2,0.1,-0.2,3,20,1,0,26
601,Abdoulaye Seck,SEN,DF,Maccabi Haifa,30,1992,4.4,84.0,1048,88.2,92.5,42.1,0,0.0,0.0,0.0,0,5,0,0,8
602,Nicolas Seiwald,AUT,MF,RB Salzburg,21,2001,6.0,73.5,1172,77.7,81.3,57.9,0,0.6,0.5,-0.6,6,18,2,0,26
603,Benjamin Šeško,SVN,FW,RB Salzburg,19,2003,3.7,60.2,87,66.7,61.5,60.0,0,0.1,0.4,-0.1,3,2,2,0,5
604,Ryan Sessegnon,ENG,"MF,DF",Tottenham,22,2000,1.7,68.8,175,89.5,63.2,33.3,0,0.3,0.4,-0.3,3,2,1,0,3
605,Maryan Shved,UKR,MF,Shakhtar,25,1997,2.1,68.6,131,70.4,78.9,0.0,0,0.0,0.0,0.0,0,2,1,0,4
606,Danylo Sikan,UKR,FW,Shakhtar,21,2001,1.2,88.9,37,90.0,100.0,0.0,1,0.1,0.3,0.9,2,0,0,0,0
607,André Silva,POR,FW,RB Leipzig,26,1995,5.9,78.2,361,84.8,75.5,75.0,3,0.6,0.8,2.4,6,6,6,0,20
608,António Silva,POR,DF,Benfica,18,2003,9.9,92.0,3748,96.2,96.6,77.7,0,0.1,0.1,-0.1,1,31,0,0,30
609,Bernardo Silva,POR,"FW,MF",Manchester City,27,1994,10.1,88.3,1814,92.8,91.5,80.4,1,1.4,1.7,-0.4,20,43,14,4,56
610,Rafa Silva,POR,MF,Benfica,29,1993,9.1,83.0,664,86.8,83.5,93.8,2,1.1,1.3,0.9,14,13,16,2,36
611,Thiago Silva,BRA,DF,Chelsea,37,1984,7.1,89.6,3282,89.9,95.9,75.6,0,0.0,0.1,0.0,0,23,2,0,19
612,Mohamed Simakan,FRA,DF,RB Leipzig,22,2000,5.7,76.9,1377,86.0,79.3,53.5,3,1.8,1.7,1.2,7,16,6,3,24
613,Giovanni Simeone,ARG,FW,Napoli,27,1995,2.9,71.6,78,78.9,66.7,50.0,0,0.5,0.6,-0.5,4,1,1,0,3
614,Roko Simic,CRO,FW,RB Salzburg,18,2003,0.2,60.0,1,50.0,100.0,0.0,0,0.0,0.1,0.0,0,0,0,0,0
615,Oliver Skipp,ENG,MF,Tottenham,21,2000,2.3,87.8,548,96.4,82.4,63.6,0,0.1,0.1,-0.1,2,12,3,1,14
616,Leo Skiri Østigård,NOR,DF,Napoli,22,1999,2.2,88.3,1131,97.5,89.5,54.2,0,0.0,0.1,0.0,1,11,0,0,11
617,Andreas Skov Olsen,DEN,"FW,MF",Club Brugge,22,1999,3.3,68.7,440,80.4,69.2,55.0,1,0.7,0.5,0.3,8,4,5,2,5
618,Milan Škriniar,SVK,DF,Inter,27,1995,6.0,91.3,1678,95.3,92.8,82.1,0,0.3,0.1,-0.3,4,21,1,0,17
619,Hrvoje Smolčić,CRO,DF,Eint Frankfurt,21,2000,1.4,74.5,317,63.6,80.8,76.9,0,0.0,0.0,0.0,0,1,0,0,3
620,Eduard Sobol,UKR,"FW,DF",Club Brugge,27,1995,1.2,72.9,347,84.0,71.4,50.0,0,0.0,0.0,0.0,1,3,2,1,6
621,Carlos Soler,ESP,MF,Paris S-G,25,1997,1.7,88.6,242,82.9,92.3,100.0,0,0.2,0.1,-0.2,3,9,1,1,6
622,Oumar Solet,FRA,DF,RB Salzburg,22,2000,3.0,86.4,988,89.5,93.8,63.0,0,0.1,0.1,-0.1,1,4,0,0,4
623,Yann Sommer,SUI,GK,Bayern Munich,33,1988,4.0,85.5,1774,100.0,97.4,60.9,0,0.0,0.0,0.0,0,0,0,0,0
624,Matìas Soulé,ARG,"MF,FW",Juventus,19,2003,0.5,94.4,42,88.9,100.0,100.0,0,0.1,0.0,-0.1,1,1,0,0,2
625,Djibril Sow,SUI,MF,Eint Frankfurt,25,1997,8.0,84.5,1940,89.4,88.3,66.7,0,0.6,0.7,-0.6,9,43,5,1,49
626,Kamal Sowah,GHA,"FW,MF",Club Brugge,22,2000,6.6,75.1,704,84.4,72.5,68.8,0,0.3,0.4,-0.3,6,11,4,0,20
627,Dario Špikić,CRO,"FW,DF",Dinamo Zagreb,23,1999,1.9,80.4,217,88.9,84.2,57.1,0,0.3,0.4,-0.3,1,2,2,1,9
628,Jorne Spileers,BEL,DF,Club Brugge,17,2005,0.0,0.0,0,0.0,0.0,0.0,0,0.0,0.0,0.0,0,0,0,0,0
629,Jerry St. Juste,NED,DF,Sporting CP,25,1996,2.1,88.0,703,97.4,91.8,53.3,0,0.1,0.0,-0.1,1,1,0,0,2
630,Marko Stamenic,NZL,MF,FC Copenhagen,20,2002,3.0,76.0,294,82.6,86.1,50.0,0,0.0,0.0,0.0,0,6,0,0,7
631,Jindřich Staněk,CZE,GK,Viktoria Plzeň,26,1996,5.0,65.2,3089,100.0,97.4,49.5,0,0.0,0.0,0.0,0,5,0,0,0
632,Josip Stanišić,CRO,DF,Bayern Munich,22,2000,3.9,91.6,1449,94.2,95.0,66.7,0,0.1,0.2,-0.1,5,20,2,1,26
633,Carl Starfelt,SWE,DF,Celtic,27,1995,1.0,96.3,354,96.2,100.0,87.5,0,0.0,0.0,0.0,0,3,0,0,0
634,Orri Steinn Óskarsson,ISL,"MF,FW",FC Copenhagen,17,2004,0.2,50.0,4,100.0,0.0,0.0,0,0.0,0.1,0.0,0,0,0,0,0
635,Taras Stepanenko,UKR,MF,Shakhtar,32,1989,5.9,86.6,1171,97.1,86.2,66.7,0,0.1,0.1,-0.1,2,15,0,0,16
636,Raheem Sterling,ENG,"FW,MF",Chelsea,27,1994,7.0,78.1,723,88.5,77.8,35.7,1,0.6,0.9,0.4,7,12,10,0,36
637,John Stones,ENG,"MF,DF",Manchester City,28,1994,7.6,90.0,1439,95.4,91.8,76.3,1,0.8,0.8,0.2,6,38,6,2,36
638,Luka Sučić,CRO,MF,RB Salzburg,19,2002,4.4,75.9,612,84.9,77.5,47.4,0,0.6,0.7,-0.6,7,13,6,1,22
639,Heorhii Sudakov,UKR,MF,Shakhtar,19,2002,5.3,87.9,1194,92.1,86.7,82.1,2,0.8,0.6,1.2,6,22,4,0,22
640,Niklas Süle,GER,DF,Dortmund,26,1995,7.5,90.0,2553,94.9,92.9,79.1,0,0.1,0.2,-0.1,1,31,2,0,32
641,Daniel Sundgren,SWE,DF,Maccabi Haifa,31,1990,3.6,82.2,1331,89.8,81.3,81.0,0,0.0,0.2,0.0,1,18,3,0,17
642,Suso,ESP,"FW,MF",Sevilla,28,1993,2.6,82.0,318,87.3,87.1,71.4,0,0.2,0.2,-0.2,3,6,3,1,14
643,Josip Šutalo,CRO,DF,Dinamo Zagreb,22,2000,6.0,86.8,1649,94.8,92.7,58.7,0,0.0,0.0,0.0,0,3,0,0,7
644,Jan Sýkora,CZE,"FW,DF",Viktoria Plzeň,28,1993,1.6,75.0,54,88.9,85.7,0.0,0,0.0,0.0,0.0,1,2,0,0,2
645,Abakar Sylla,CIV,DF,Club Brugge,19,2002,5.5,88.0,1728,94.4,94.4,56.0,0,0.0,0.0,0.0,1,9,0,0,14
646,Wojciech Szczęsny,POL,GK,Juventus,32,1990,4.0,86.4,1422,100.0,100.0,61.1,0,0.0,0.0,0.0,0,1,0,0,0
647,Dominik Szoboszlai,HUN,FW,RB Leipzig,21,2000,7.3,80.5,1190,88.8,81.8,62.2,2,1.6,0.9,0.4,12,16,10,1,38
648,Christian Sørensen,DEN,"DF,MF",FC Copenhagen,29,1992,1.1,71.2,411,82.4,75.0,55.6,0,0.3,0.3,-0.3,4,3,1,1,6
649,Dušan Tadić,SRB,FW,Ajax,33,1988,4.8,77.4,769,81.5,88.1,47.1,1,1.6,1.6,-0.6,10,10,16,4,26
650,Jonathan Tah,GER,DF,Leverkusen,26,1996,5.3,90.6,1881,94.2,94.5,68.4,0,0.2,0.3,-0.2,3,17,0,0,17
651,Japhet Tanganga,ENG,DF,Tottenham,23,1999,0.2,88.9,70,85.7,100.0,100.0,0,0.0,0.0,0.0,0,3,0,0,1
652,Edmond Tapsoba,BFA,DF,Leverkusen,23,1999,3.9,91.1,2031,91.3,95.5,79.1,0,0.3,0.4,-0.3,2,14,1,0,20
653,Mehdi Taremi,IRN,FW,Porto,30,1992,6.8,72.9,449,82.7,72.1,66.7,2,3.3,2.1,-1.3,14,10,8,1,19
654,Ciprian Tătărușanu,ROU,GK,Milan,36,1986,5.0,78.6,2722,95.0,97.1,60.0,0,0.0,0.0,0.0,0,2,0,0,0
655,Nuno Tavares,POR,DF,Marseille,22,2000,6.0,77.9,1101,89.4,77.2,44.8,0,0.2,0.3,-0.2,3,19,6,1,27
656,James Tavernier,ENG,DF,Rangers,30,1991,5.4,67.8,1193,81.0,70.1,43.5,0,1.0,1.0,-1.0,6,14,6,4,18
657,Greg Taylor,SCO,DF,Celtic,24,1997,6.0,84.7,2023,90.1,92.5,43.3,0,0.7,0.7,-0.7,9,33,5,1,42
658,Kenneth Taylor,NED,MF,Ajax,20,2002,4.6,85.4,942,89.6,88.1,44.4,1,1.4,0.8,-0.4,3,18,7,0,28
659,Lucas Taylor,BRA,DF,Shakhtar,27,1995,3.5,77.9,337,87.5,82.6,50.0,0,0.0,0.0,0.0,0,4,0,0,5
660,Mavis Tchibota,CGO,FW,Maccabi Haifa,26,1996,1.0,55.6,81,90.9,30.0,50.0,0,0.0,0.1,0.0,1,1,1,0,2
661,Aurélien Tchouaméni,FRA,MF,Real Madrid,22,2000,4.8,93.1,1720,94.4,94.2,88.5,0,0.0,0.2,0.0,0,36,2,0,37
662,Mathys Tel,FRA,FW,Bayern Munich,17,2005,1.6,76.1,60,81.8,68.4,100.0,0,0.1,0.0,-0.1,2,1,0,0,1
663,Alex Telles,BRA,"DF,FW",Sevilla,29,1992,4.3,74.8,838,84.6,82.7,32.1,1,0.3,0.4,0.7,5,7,2,2,7
664,Marc-André ter Stegen,GER,GK,Barcelona,30,1992,5.0,92.0,2529,97.1,100.0,81.3,0,0.0,0.0,0.0,0,0,0,0,0
665,Kévin Théophile-Catherine,FRA,DF,Dinamo Zagreb,32,1989,0.8,74.4,256,87.5,76.0,57.1,0,0.0,0.0,0.0,0,3,0,0,1
666,Malick Thiaw,GER,DF,Milan,20,2001,3.1,84.8,974,85.4,94.3,72.2,0,0.1,0.0,-0.1,1,4,0,0,7
667,Mohamed Tijani,BEN,DF,Viktoria Plzeň,25,1997,1.9,77.5,597,93.3,87.9,52.4,0,0.1,0.0,-0.1,2,3,0,0,3
668,Malik Tillman,USA,MF,Rangers,20,2002,2.7,70.2,86,80.6,76.9,0.0,0,0.0,0.0,0.0,1,1,0,0,3
669,Jurriën Timber,NED,DF,Ajax,21,2001,5.9,93.6,2200,96.4,94.9,72.0,0,0.0,0.1,0.0,2,34,2,0,31
670,Fikayo Tomori,ENG,DF,Milan,24,1997,9.2,86.0,2899,89.4,93.6,71.7,0,0.4,0.2,-0.4,3,17,5,0,27
671,Sandro Tonali,ITA,MF,Milan,22,2000,11.7,73.0,2219,85.1,80.4,49.5,2,2.9,1.9,-0.9,22,25,7,2,40
672,Pablo Torre,ESP,"MF,FW",Barcelona,19,2003,1.1,89.7,184,93.5,83.3,83.3,0,0.0,0.0,0.0,1,12,1,0,10
673,Ferrán Torres,ESP,"FW,MF",Barcelona,22,2000,2.1,84.6,121,91.3,94.4,60.0,1,0.3,0.1,0.7,3,3,2,0,4
674,Andriy Totovytskyi,UKR,MF,Shakhtar,29,1993,0.2,83.3,22,100.0,100.0,100.0,0,0.0,0.0,0.0,0,0,0,0,0
675,Kevin Trapp,GER,GK,Eint Frankfurt,32,1990,8.0,64.3,2491,100.0,95.3,33.6,0,0.0,0.0,0.0,0,2,0,0,0
676,Francisco Trincão,POR,"MF,FW",Sporting CP,22,1999,4.3,75.8,257,82.7,75.9,71.4,0,0.4,0.1,-0.4,2,6,1,0,12
677,Anatolii Trubin,UKR,GK,Shakhtar,20,2001,6.0,76.9,3301,100.0,98.1,42.4,0,0.0,0.0,0.0,0,0,0,0,0
678,Kostas Tsimikas,GRE,DF,Liverpool,26,1996,3.8,71.1,1133,83.3,73.6,58.3,2,1.0,1.1,1.0,11,6,2,1,14
679,David Turnbull,SCO,MF,Celtic,23,1999,1.1,80.7,174,92.7,86.7,0.0,0,0.0,0.0,0.0,0,9,0,0,10
680,Tuta,BRA,DF,Eint Frankfurt,23,1999,6.7,79.9,2006,87.7,86.0,44.7,0,0.0,0.1,0.0,1,20,1,0,24
681,Marián Tvrdoň,SVK,GK,Viktoria Plzeň,27,1994,1.0,62.0,1109,0.0,93.3,48.6,0,0.0,0.0,0.0,0,2,0,0,0
682,Manuel Ugarte Ribeiro,URU,MF,Sporting CP,21,2001,5.2,84.5,621,84.2,93.5,66.7,0,0.0,0.0,0.0,1,6,0,0,10
683,Andreas Ulmer,AUT,DF,RB Salzburg,36,1985,4.2,65.8,1041,80.6,71.8,27.6,0,0.2,0.2,-0.2,3,10,5,3,11
684,Sven Ulreich,GER,GK,Bayern Munich,33,1988,3.0,87.9,1318,100.0,98.4,53.6,0,0.0,0.0,0.0,0,0,0,0,0
685,Cengiz Ünder,TUR,MF,Marseille,25,1997,1.9,82.5,374,93.2,72.4,82.4,0,1.0,0.7,-1.0,6,6,5,2,7
686,Dayot Upamecano,FRA,DF,Bayern Munich,23,1998,7.9,90.9,4182,93.8,93.4,84.0,0,0.1,0.1,-0.1,2,48,0,0,36
687,Mateus Uribe,COL,MF,Porto,31,1991,6.8,81.1,1504,89.0,84.0,63.2,0,0.5,0.3,-0.5,8,23,3,1,33
688,Enrique Valiente,ESP,DF,Sevilla,20,2002,2.0,81.0,852,90.5,88.4,40.9,0,0.3,0.0,-0.3,1,11,0,0,10
689,Jesús Vallejo,ESP,DF,Real Madrid,25,1997,0.2,94.1,101,100.0,100.0,100.0,0,0.0,0.0,0.0,0,1,0,0,1
690,Federico Valverde,URU,"MF,FW",Real Madrid,24,1998,10.7,87.0,1770,93.3,82.6,85.1,3,2.9,2.4,0.1,19,50,20,3,58
691,Virgil van Dijk,NED,DF,Liverpool,31,1991,8.0,86.9,3353,89.6,91.7,58.9,1,0.1,0.2,0.9,2,30,2,0,33
692,Hans Vanaken,BEL,MF,Club Brugge,29,1992,7.8,83.6,1523,87.2,84.0,83.9,0,0.8,0.5,-0.8,5,40,5,0,47
693,Denis Vavro,SVK,DF,FC Copenhagen,26,1996,4.0,83.6,833,87.2,92.2,55.2,0,0.0,0.0,0.0,0,6,0,0,2
694,Lucas Vázquez,ESP,DF,Real Madrid,31,1991,2.2,91.2,430,96.3,88.5,50.0,1,0.7,1.0,0.3,4,7,7,3,9
695,Jordan Veretout,FRA,MF,Marseille,29,1993,5.4,88.1,1914,90.5,90.9,75.0,1,0.5,0.6,0.5,8,55,3,2,54
696,Lucas Veríssimo,BRA,DF,Benfica,27,1995,0.1,75.0,20,0.0,100.0,0.0,0,0.0,0.0,0.0,0,0,0,0,0
697,Gabriel Veron,BRA,"MF,FW",Porto,19,2002,0.5,64.7,70,85.7,60.0,100.0,0,0.0,0.0,0.0,0,1,0,0,1
698,Marco Verratti,ITA,MF,Paris S-G,29,1992,6.9,92.6,2894,95.7,92.4,86.5,1,0.4,0.8,0.6,4,44,11,0,45
699,Vitinha,POR,MF,Paris S-G,22,2000,6.5,91.3,1393,93.4,95.2,80.6,0,0.2,0.4,-0.2,3,34,3,0,35
700,Odisseas Vlachodimos,GRE,GK,Benfica,28,1994,10.0,74.2,3375,100.0,100.0,46.8,0,0.0,0.0,0.0,0,5,0,0,0
701,Dušan Vlahović,SRB,FW,Juventus,22,2000,4.6,71.4,89,73.0,82.4,60.0,1,0.9,0.1,0.1,1,3,1,0,5
702,Adam Vlkanova,CZE,MF,Viktoria Plzeň,27,1994,5.1,73.3,409,87.5,74.5,42.9,1,0.6,0.5,0.4,7,9,5,2,12
703,Stefan de Vrij,NED,DF,Inter,30,1992,3.3,83.1,254,95.5,84.8,42.9,0,0.0,0.0,0.0,0,1,0,0,0
704,Kyle Walker,ENG,"DF,FW",Manchester City,32,1990,3.1,79.6,801,84.1,85.9,60.0,0,0.1,0.1,-0.1,1,15,1,0,11
705,Paul Wanner,GER,"DF,FW",Bayern Munich,16,2005,0.4,85.7,29,100.0,71.4,50.0,0,0.3,0.1,-0.3,1,0,0,0,0
706,Stephen Welsh,SCO,DF,Celtic,22,2000,1.0,94.8,439,92.9,100.0,81.8,0,0.0,0.0,0.0,0,2,1,0,7
707,Wendell,BRA,DF,Porto,29,1993,1.6,83.0,473,96.0,84.6,50.0,0,0.5,0.2,-0.5,4,3,1,1,8
708,Timo Werner,GER,FW,RB Leipzig,26,1996,5.6,77.4,571,84.5,79.7,57.1,2,0.7,0.9,1.3,7,12,8,0,23
709,Owen Wijndal,NED,DF,Ajax,22,1999,0.8,85.7,212,88.9,78.9,0.0,1,0.2,0.3,0.8,2,2,3,1,6
710,Josh Wilson-Esbrand,ENG,DF,Manchester City,19,2002,0.5,85.7,65,90.5,81.8,66.7,0,0.0,0.0,0.0,0,0,2,0,2
711,Axel Witsel,BEL,"DF,MF",Atlético Madrid,33,1989,5.1,93.6,1752,94.4,96.2,78.9,1,0.4,0.1,0.6,3,18,1,0,14
712,Maximilian Wöber,AUT,DF,RB Salzburg,24,1998,1.8,44.4,326,56.0,44.8,30.8,1,0.7,0.4,0.3,3,3,2,1,4
713,Marius Wolf,GER,DF,Dortmund,27,1995,2.0,74.5,294,85.5,75.9,33.3,0,0.1,0.2,-0.1,1,3,2,1,3
714,Scott Wright,SCO,"FW,MF",Rangers,24,1997,1.5,67.6,69,81.0,70.0,0.0,0,0.2,0.0,-0.2,1,1,0,0,3
715,Roman Yaremchuk,UKR,FW,Club Brugge,26,1995,1.2,74.4,65,80.0,75.0,100.0,0,0.0,0.0,0.0,1,3,0,0,3
716,Rıdvan Yılmaz,TUR,DF,Rangers,21,2001,1.0,78.0,287,89.7,75.0,33.3,0,0.0,0.1,0.0,1,2,1,1,5
717,Warren Zaire-Emery,FRA,MF,Paris S-G,16,2006,0.9,78.9,55,90.5,61.5,0.0,0,0.1,0.6,-0.1,2,2,1,0,3
718,Denis Zakaria,SUI,MF,Chelsea,25,1996,0.8,95.5,144,100.0,92.9,85.7,0,0.1,0.0,-0.1,1,6,0,0,3
719,Andre-Frank Zambo Anguissa,CMR,MF,Napoli,26,1995,7.2,84.9,1271,90.8,88.8,68.0,3,1.3,1.2,1.7,10,31,5,0,30
720,Alessandro Zanoli,ITA,DF,Napoli,21,2000,0.1,75.0,32,100.0,80.0,0.0,0,0.1,0.1,-0.1,1,0,2,1,1
721,Zeca,GRE,MF,FC Copenhagen,33,1988,1.8,91.5,311,97.4,91.7,100.0,0,0.0,0.0,0.0,0,5,0,0,2
722,Alessio Zerbin,ITA,FW,Napoli,23,1999,0.6,73.5,65,94.1,62.5,0.0,0,0.2,0.1,-0.2,1,2,2,0,4
723,Piotr Zieliński,POL,MF,Napoli,28,1994,6.9,82.5,1050,93.0,80.2,48.7,2,2.1,2.0,-0.1,23,16,9,1,36
724,Hakim Ziyech,MAR,"FW,MF",Chelsea,29,1993,1.6,67.0,246,84.2,67.9,30.8,0,0.4,0.2,-0.4,2,4,4,0,13
725,Oleksandr Zubkov,UKR,"FW,MF",Shakhtar,25,1996,4.1,77.9,348,77.8,83.9,72.7,0,0.1,0.3,-0.1,2,5,2,0,10
726,Neven Đurasek,CRO,MF,Shakhtar,23,1998,1.0,91.7,95,90.9,91.7,100.0,0,0.0,0.0,0.0,0,3,0,0,3
