,Player,Nationality,Pos,Club,Age,Born,MP,Starts,Min,90s,Goals,Assists,G+A,G-PK,PK,PKatt,CrdYellow,CrdRed,xG,npxG,xAG,npxG+xAG,PrgC,PrgP,PrgR,Gls,Ast,G+A-PK,xG+xAG
0,Liel Abada, ISR,"FW,MF",Celtic,20,2001,5,4,217,2.4,0,0,0,0,0,0,0,0,0.3,0.3,0.5,0.8,6,4,23,0.0,0.0,0.0,0.34
1,Oliver Abildgaard, DEN,MF,Celtic,26,1996,2,0,63,0.7,0,0,0,0,0,0,0,0,0.0,0.0,0.0,0.0,0,2,0,0.0,0.0,0.0,0.0
2,Mohammad Abu Fani, ISR,MF,Maccabi Haifa,24,1998,6,4,400,4.4,0,0,0,0,0,0,1,0,0.4,0.4,0.6,0.9,6,29,20,0.0,0.0,0.0,0.21
3,Francesco Acerbi, ITA,DF,Inter,34,1988,12,10,921,10.2,0,0,0,0,0,0,1,0,0.4,0.4,0.1,0.5,8,29,1,0.0,0.0,0.0,0.05
4,Marcos Acuña, ARG,"DF,MF",Sevilla,30,1991,4,3,219,2.4,0,1,1,0,0,0,0,0,0.1,0.1,0.2,0.3,4,5,8,0.0,0.41,0.41,0.13
5,Junior Adamu, AUT,FW,RB Salzburg,21,2001,6,2,204,2.3,1,1,2,1,0,0,1,0,1.3,1.3,0.4,1.7,1,1,11,0.44,0.44,0.88,0.73
6,Antonio Adán, ESP,GK,Sporting CP,35,1987,5,5,382,4.2,0,0,0,0,0,0,0,1,0.0,0.0,0.0,0.0,0,0,0,0.0,0.0,0.0,0.0
7,Arijan Ademi, MKD,MF,Dinamo Zagreb,31,1991,6,6,471,5.2,0,0,0,0,0,0,2,0,0.4,0.4,0.1,0.5,3,10,6,0.0,0.0,0.0,0.09
8,Karim Adeyemi, GER,"FW,MF",Dortmund,20,2002,6,5,376,4.2,2,0,2,2,0,0,1,0,1.8,1.8,1.1,2.9,23,9,31,0.48,0.0,0.48,0.7
9,Amine Adli, FRA,"FW,MF",Leverkusen,22,2000,4,1,121,1.3,0,0,0,0,0,0,0,0,0.7,0.7,0.3,0.9,7,6,15,0.0,0.0,0.0,0.71
10,Manuel Akanji, SUI,DF,Manchester City,27,1995,11,10,945,10.5,1,0,1,1,0,0,2,0,0.9,0.9,0.4,1.3,10,44,8,0.1,0.0,0.1,0.12
11,Nathan Aké, NED,DF,Manchester City,27,1995,8,7,608,6.8,0,0,0,0,0,0,1,0,0.2,0.2,0.3,0.5,9,54,9,0.0,0.0,0.0,0.07
12,David Alaba, AUT,DF,Real Madrid,30,1992,11,9,711,7.9,0,0,0,0,0,0,0,0,0.3,0.3,0.6,0.8,8,19,26,0.0,0.0,0.0,0.11
13,Lucas Alario, ARG,"FW,MF",Eint Frankfurt,29,1992,2,0,20,0.2,0,0,0,0,0,0,0,0,0.0,0.0,0.0,0.0,0,0,1,0.0,0.0,0.0,0.0
14,Jordi Alba, ESP,DF,Barcelona,33,1989,2,2,146,1.6,0,1,1,0,0,0,0,0,0.0,0.0,0.6,0.6,4,19,23,0.0,0.62,0.62,0.39
15,Thiago Alcántara, ESP,MF,Liverpool,31,1991,5,3,306,3.4,0,0,0,0,0,0,0,0,0.2,0.2,0.5,0.6,3,30,3,0.0,0.0,0.0,0.18
16,Trent Alexander-Arnold, ENG,DF,Liverpool,23,1998,7,7,625,6.9,1,0,1,1,0,0,2,0,0.3,0.3,1.2,1.5,11,52,33,0.14,0.0,0.14,0.22
17,Sotiris Alexandropoulos, GRE,MF,Sporting CP,20,2001,3,0,121,1.3,0,0,0,0,0,0,0,0,0.1,0.1,0.0,0.1,0,3,0,0.0,0.0,0.0,0.06
18,Faride Alidou, GER,"DF,FW",Eint Frankfurt,21,2001,5,0,73,0.8,1,0,1,1,0,0,0,0,0.3,0.3,0.1,0.4,4,0,6,1.23,0.0,1.23,0.48
19,Alisson, BRA,GK,Liverpool,29,1992,8,8,720,8.0,0,0,0,0,0,0,0,0,0.0,0.0,0.0,0.0,0,0,0,0.0,0.0,0.0,0.0
20,Marcos Alonso, ESP,DF,Barcelona,31,1990,5,5,403,4.5,1,0,1,1,0,0,0,0,1.0,1.0,0.9,1.9,8,26,12,0.22,0.0,0.22,0.42
21,Éder Álvarez Balanta, COL,"MF,FW",Club Brugge,29,1993,4,0,50,0.6,0,0,0,0,0,0,0,0,0.0,0.0,0.0,0.0,0,1,0,0.0,0.0,0.0,0.07
22,Edson Álvarez, MEX,MF,Ajax,24,1997,6,6,531,5.9,1,0,1,1,0,0,2,0,0.9,0.9,0.1,1.0,4,14,4,0.17,0.0,0.17,0.17
23,Julián Álvarez, ARG,FW,Manchester City,22,2000,10,4,474,5.3,3,2,5,3,0,0,1,0,2.4,2.4,1.0,3.3,7,9,36,0.57,0.38,0.95,0.63
24,Nadiem Amiri, GER,"MF,FW",Leverkusen,25,1996,5,1,123,1.4,0,1,1,0,0,0,0,0,0.2,0.2,0.5,0.6,2,6,7,0.0,0.73,0.73,0.46
25,Robert Andrich, GER,MF,Leverkusen,27,1994,5,5,407,4.5,1,0,1,1,0,0,4,0,0.3,0.3,0.1,0.5,3,14,1,0.22,0.0,0.22,0.1
26,Peter Ankersen, DEN,DF,FC Copenhagen,31,1990,1,0,25,0.3,0,0,0,0,0,0,0,0,0.0,0.0,0.0,0.0,0,0,1,0.0,0.0,0.0,0.0
27,Ofri Arad, ISR,"DF,MF",Maccabi Haifa,23,1998,2,0,22,0.2,0,0,0,0,0,0,0,0,0.0,0.0,0.0,0.0,0,1,0,0.0,0.0,0.0,0.0
28,Charles Aránguiz, CHI,MF,Leverkusen,33,1989,4,3,215,2.4,0,0,0,0,0,0,0,0,0.1,0.1,0.1,0.2,0,15,0,0.0,0.0,0.0,0.08
29,Henrique Araújo, POR,FW,Benfica,20,2002,1,0,9,0.1,1,0,1,1,0,0,0,0,0.2,0.2,0.1,0.3,0,1,5,10.0,0.0,10.0,3.33
30,Ronald Araújo, URU,DF,Barcelona,23,1999,1,1,90,1.0,0,0,0,0,0,0,0,0,0.1,0.1,0.0,0.1,0,6,0,0.0,0.0,0.0,0.05
31,Scott Arfield, CAN,MF,Rangers,33,1988,4,3,267,3.0,1,0,1,1,0,0,0,0,0.6,0.6,0.0,0.7,1,7,9,0.34,0.0,0.34,0.22
32,Hákon Arnar Haraldsson, ISL,FW,FC Copenhagen,19,2003,6,3,298,3.3,1,0,1,1,0,0,0,0,1.0,1.0,0.2,1.2,5,7,14,0.3,0.0,0.3,0.37
33,Kepa Arrizabalaga, ESP,GK,Chelsea,27,1994,9,9,810,9.0,0,0,0,0,0,0,2,0,0.0,0.0,0.0,0.0,0,1,0,0.0,0.0,0.0,0.0
34,Arthur, BRA,"MF,FW",Sporting CP,24,1998,3,1,111,1.2,2,0,2,2,0,0,0,0,0.3,0.3,0.3,0.6,5,5,9,1.62,0.0,1.62,0.45
35,Marco Asensio, ESP,"FW,MF",Real Madrid,26,1996,12,2,324,3.6,3,1,4,3,0,0,0,0,0.9,0.9,1.7,2.7,12,19,15,0.83,0.28,1.11,0.74
36,Kristjan Asllani, ALB,MF,Inter,20,2002,5,1,129,1.4,0,0,0,0,0,0,0,0,0.7,0.7,0.3,1.0,0,3,2,0.0,0.0,0.0,0.7
37,Omer Atzili, ISR,"FW,MF",Maccabi Haifa,29,1993,6,3,308,3.4,2,1,3,2,0,0,3,0,0.7,0.7,0.7,1.4,6,12,28,0.58,0.29,0.88,0.4
38,Pierre-Emerick Aubameyang, GAB,FW,Chelsea,33,1989,6,6,403,4.5,2,1,3,2,0,0,0,0,2.3,2.3,0.5,2.8,8,11,31,0.45,0.22,0.67,0.62
39,Lynnt Audoor, BEL,MF,Club Brugge,18,2003,1,0,11,0.1,0,0,0,0,0,0,0,0,0.0,0.0,0.0,0.0,0,1,1,0.0,0.0,0.0,0.0
40,Fredrik Aursnes, NOR,"FW,MF",Benfica,26,1995,10,7,620,6.9,1,0,1,1,0,0,0,0,0.5,0.5,0.6,1.1,12,30,45,0.15,0.0,0.15,0.16
41,Sardar Azmoun, IRN,FW,Leverkusen,27,1995,2,0,7,0.1,0,0,0,0,0,0,0,0,0.0,0.0,0.1,0.1,1,2,1,0.0,0.0,0.0,0.98
42,César Azpilicueta, ESP,DF,Chelsea,32,1989,5,3,260,2.9,0,0,0,0,0,0,0,0,0.0,0.0,0.2,0.2,4,15,15,0.0,0.0,0.0,0.07
43,Youri Baas, NED,DF,Ajax,19,2003,3,0,44,0.5,0,0,0,0,0,0,0,0,0.1,0.1,0.0,0.1,0,1,3,0.0,0.0,0.0,0.16
44,Alexander Bah, DEN,DF,Benfica,24,1997,8,8,654,7.3,0,2,2,0,0,0,1,0,0.1,0.1,1.0,1.1,16,44,34,0.0,0.28,0.28,0.15
45,Eric Bailly, CIV,DF,Marseille,28,1994,5,5,302,3.4,0,0,0,0,0,0,2,0,0.0,0.0,0.0,0.0,0,12,0,0.0,0.0,0.0,0.0
46,Stefan Bajcetic, ESP,MF,Liverpool,17,2004,4,1,109,1.2,0,0,0,0,0,0,0,0,0.0,0.0,0.0,0.0,0,6,1,0.0,0.0,0.0,0.03
47,Mitchel Bakker, NED,"MF,DF",Leverkusen,22,2000,5,4,338,3.8,0,0,0,0,0,0,2,0,0.4,0.4,0.3,0.7,9,21,32,0.0,0.0,0.0,0.18
48,Alejandro Balde, ESP,DF,Barcelona,18,2003,4,1,171,1.9,0,0,0,0,0,0,0,0,0.0,0.0,0.0,0.1,15,11,17,0.0,0.0,0.0,0.03
49,Leonardo Balerdi, ARG,DF,Marseille,23,1999,6,5,491,5.5,1,0,1,1,0,0,1,0,0.2,0.2,0.0,0.2,6,29,3,0.18,0.0,0.18,0.04
50,Fodé Ballo-Touré, SEN,"DF,MF",Milan,25,1997,4,1,135,1.5,0,0,0,0,0,0,2,0,0.0,0.0,0.0,0.0,3,2,7,0.0,0.0,0.0,0.0
51,Tommaso Barbieri, ITA,MF,Juventus,19,2002,1,0,3,0.0,0,0,0,0,0,0,0,0,0.0,0.0,0.0,0.0,4,0,2,0.0,0.0,0.0,0.0
52,Roony Bardghji, SWE,FW,FC Copenhagen,16,2005,2,1,98,1.1,0,0,0,0,0,0,0,0,0.3,0.3,0.0,0.3,1,2,7,0.0,0.0,0.0,0.3
53,Nicolò Barella, ITA,MF,Inter,25,1997,12,12,991,11.0,3,0,3,3,0,0,3,0,1.4,1.4,0.7,2.1,36,51,37,0.27,0.0,0.27,0.19
54,Borna Barišić, CRO,DF,Rangers,29,1992,6,5,465,5.2,0,0,0,0,0,0,1,0,0.0,0.0,0.3,0.3,5,17,13,0.0,0.0,0.0,0.05
55,Enzo Barrenechea, ARG,DF,Juventus,21,2001,1,0,3,0.0,0,0,0,0,0,0,0,0,0.0,0.0,0.0,0.0,0,0,0,0.0,0.0,0.0,0.0
56,Pablo Barrios, ESP,MF,Atlético Madrid,19,2003,1,0,6,0.1,0,0,0,0,0,0,0,0,0.0,0.0,0.0,0.0,1,1,0,0.0,0.0,0.0,0.0
57,Calvin Bassey, NGA,DF,Ajax,22,1999,6,6,540,6.0,0,1,1,0,0,0,1,0,0.0,0.0,0.1,0.1,3,16,8,0.0,0.17,0.17,0.02
58,Fortune Bassey, NGA,FW,Viktoria Plzeň,23,1998,5,1,134,1.5,0,0,0,0,0,0,0,0,0.2,0.2,0.1,0.3,2,3,5,0.0,0.0,0.0,0.17
59,Alessandro Bastoni, ITA,DF,Inter,23,1999,12,12,983,10.9,0,3,3,0,0,0,2,0,0.2,0.2,2.0,2.2,18,46,21,0.0,0.27,0.27,0.2
60,Dylan Batubinsika, COD,DF,Maccabi Haifa,26,1996,5,5,450,5.0,0,0,0,0,0,0,0,0,0.3,0.3,0.0,0.3,1,7,0,0.0,0.0,0.0,0.07
61,Martin Baturina, CRO,MF,Dinamo Zagreb,19,2003,5,0,60,0.7,0,0,0,0,0,0,1,0,0.0,0.0,0.1,0.1,3,5,5,0.0,0.0,0.0,0.12
62,Raoul Bellanova, ITA,"DF,MF",Inter,22,2000,3,1,120,1.3,0,0,0,0,0,0,0,0,0.0,0.0,0.0,0.0,4,1,5,0.0,0.0,0.0,0.03
63,Héctor Bellerín, ESP,DF,Barcelona,27,1995,2,2,180,2.0,0,0,0,0,0,0,0,0,0.1,0.1,0.1,0.1,3,6,7,0.0,0.0,0.0,0.07
64,Jude Bellingham, ENG,MF,Dortmund,19,2003,7,7,630,7.0,4,1,5,4,0,0,2,0,1.3,1.3,0.7,2.0,16,50,22,0.57,0.14,0.71,0.29
65,Ismaël Bennacer, ALG,MF,Milan,24,1997,10,9,585,6.5,1,0,1,1,0,0,1,0,0.5,0.5,0.3,0.7,9,31,9,0.15,0.0,0.15,0.11
66,Rodrigo Bentancur, URU,"MF,FW",Tottenham,25,1997,6,6,503,5.6,1,0,1,1,0,0,2,0,0.4,0.4,0.3,0.7,11,51,7,0.18,0.0,0.18,0.12
67,Karim Benzema, FRA,FW,Real Madrid,34,1987,10,9,744,8.3,4,1,5,4,0,0,0,0,5.1,5.1,1.8,6.9,12,31,44,0.48,0.12,0.6,0.84
68,Steven Berghuis, NED,"MF,FW",Ajax,30,1991,6,6,462,5.1,2,2,4,2,0,0,1,0,1.1,1.1,0.6,1.7,6,39,15,0.39,0.39,0.78,0.33
69,Steven Bergwijn, NED,FW,Ajax,24,1997,6,6,519,5.8,2,0,2,1,1,1,1,0,1.8,1.0,0.8,1.8,12,16,49,0.35,0.0,0.17,0.44
70,Alexandro Bernabei, ARG,FW,Celtic,21,2000,1,0,11,0.1,0,0,0,0,0,0,0,0,0.0,0.0,0.0,0.0,0,0,1,0.0,0.0,0.0,0.28
71,Bernardo, BRA,DF,RB Salzburg,27,1995,4,2,274,3.0,0,0,0,0,0,0,0,0,0.2,0.2,0.0,0.2,0,6,0,0.0,0.0,0.0,0.07
72,Juan Bernat, ESP,DF,Paris S-G,29,1993,5,3,275,3.1,0,0,0,0,0,0,0,0,0.0,0.0,0.1,0.1,0,11,18,0.0,0.0,0.0,0.02
73,Victor Bernth Kristiansen, DEN,"DF,MF",FC Copenhagen,19,2002,6,5,483,5.4,0,0,0,0,0,0,0,0,0.2,0.2,0.3,0.5,6,11,19,0.0,0.0,0.0,0.09
74,Modou Biramé Ndiaye, SEN,MF,Viktoria Plzeň,25,1996,4,2,182,2.0,0,0,0,0,0,0,1,0,0.1,0.1,0.0,0.1,0,6,0,0.0,0.0,0.0,0.05
75,Yves Bissouma, MLI,MF,Tottenham,25,1996,3,0,92,1.0,0,0,0,0,0,0,0,0,0.0,0.0,0.0,0.0,1,5,0,0.0,0.0,0.0,0.0
76,Janis Blaswich, GER,GK,RB Leipzig,31,1991,6,5,528,5.9,0,0,0,0,0,0,0,0,0.0,0.0,0.0,0.0,0,0,0,0.0,0.0,0.0,0.0
77,Daley Blind, NED,DF,Ajax,32,1990,5,5,407,4.5,0,0,0,0,0,0,0,0,0.2,0.2,0.1,0.3,2,33,13,0.0,0.0,0.0,0.07
78,Petar Bočkaj, CRO,"DF,FW",Dinamo Zagreb,26,1996,3,0,39,0.4,0,0,0,0,0,0,0,0,0.3,0.3,0.0,0.3,3,3,6,0.0,0.0,0.0,0.82
79,Nicolai Boilesen, DEN,DF,FC Copenhagen,30,1992,2,1,100,1.1,0,0,0,0,0,0,0,0,0.0,0.0,0.0,0.0,0,3,0,0.0,0.0,0.0,0.03
80,Valerii Bondar, UKR,DF,Shakhtar,23,1999,6,6,540,6.0,0,0,0,0,0,0,2,0,0.0,0.0,0.0,0.0,2,6,0,0.0,0.0,0.0,0.01
81,Artem Bondarenko, UKR,MF,Shakhtar,21,2000,6,6,484,5.4,0,0,0,0,0,0,1,0,0.0,0.0,0.2,0.2,7,23,5,0.0,0.0,0.0,0.03
82,Leonardo Bonucci, ITA,DF,Juventus,35,1987,6,5,444,4.9,1,0,1,1,0,0,0,0,0.8,0.8,0.0,0.8,0,20,0,0.2,0.0,0.2,0.16
83,Gonçalo Borges, POR,"MF,FW",Porto,21,2001,4,0,39,0.4,0,0,0,0,0,0,1,0,0.1,0.1,0.0,0.1,8,1,7,0.0,0.0,0.0,0.12
84,Rafael Borré, COL,FW,Eint Frankfurt,26,1995,8,1,228,2.5,0,0,0,0,0,0,0,0,0.5,0.5,0.8,1.2,3,3,10,0.0,0.0,0.0,0.48
85,Yassine Bounou, MAR,GK,Sevilla,31,1991,4,4,360,4.0,0,0,0,0,0,0,1,0,0.0,0.0,0.0,0.0,0,0,0,0.0,0.0,0.0,0.0
86,Dedryck Boyata, BEL,DF,Club Brugge,31,1990,3,1,136,1.5,0,0,0,0,0,0,1,0,0.0,0.0,0.0,0.0,0,4,0,0.0,0.0,0.0,0.0
87,Julian Brandt, GER,"MF,FW",Dortmund,26,1996,7,6,476,5.3,1,1,2,1,0,0,0,0,0.8,0.8,1.0,1.8,19,29,28,0.19,0.19,0.38,0.35
88,Gleison Bremer, BRA,DF,Juventus,25,1997,3,3,270,3.0,0,0,0,0,0,0,1,0,0.4,0.4,0.0,0.4,0,3,2,0.0,0.0,0.0,0.13
89,Brian Brobbey, NED,FW,Ajax,20,2002,5,1,116,1.3,0,0,0,0,0,0,0,0,0.0,0.0,0.6,0.6,0,0,4,0.0,0.0,0.0,0.45
90,Armando Broja, ALB,FW,Chelsea,20,2001,5,0,116,1.3,0,0,0,0,0,0,0,0,0.1,0.1,0.1,0.2,2,2,11,0.0,0.0,0.0,0.14
91,Marcelo Brozović, CRO,MF,Inter,29,1992,9,5,549,6.1,0,0,0,0,0,0,1,0,0.2,0.2,0.3,0.4,9,37,11,0.0,0.0,0.0,0.07
92,Pavel Bucha, CZE,MF,Viktoria Plzeň,24,1998,5,4,364,4.0,0,0,0,0,0,0,0,1,0.1,0.1,0.6,0.7,3,17,7,0.0,0.0,0.0,0.17
93,Tajon Buchanan, CAN,"DF,MF",Club Brugge,23,1999,6,6,520,5.8,0,2,2,0,0,0,2,0,0.4,0.4,0.3,0.6,22,8,35,0.0,0.35,0.35,0.11
94,Marko Bulat, CRO,MF,Dinamo Zagreb,20,2001,3,0,29,0.3,0,0,0,0,0,0,0,0,0.0,0.0,0.0,0.0,0,1,0,0.0,0.0,0.0,0.07
95,Sergio Busquets, ESP,MF,Barcelona,34,1988,4,4,289,3.2,0,0,0,0,0,0,3,0,0.2,0.2,0.0,0.2,2,18,5,0.0,0.0,0.0,0.07
96,Aurélio Buta, POR,DF,Eint Frankfurt,25,1997,2,2,158,1.8,0,0,0,0,0,0,0,0,0.0,0.0,0.0,0.0,5,4,5,0.0,0.0,0.0,0.0
97,Jamie Bynoe-Gittens, ENG,MF,Dortmund,17,2004,2,0,39,0.4,0,0,0,0,0,0,0,0,0.0,0.0,0.0,0.0,0,1,3,0.0,0.0,0.0,0.0
98,Jovane Cabral, CPV,MF,Sporting CP,24,1998,1,0,13,0.1,0,0,0,0,0,0,0,0,0.0,0.0,0.0,0.0,0,1,3,0.0,0.0,0.0,0.0
99,Davide Calabria, ITA,DF,Milan,25,1996,6,6,497,5.5,0,0,0,0,0,0,2,0,0.2,0.2,0.2,0.3,8,29,17,0.0,0.0,0.0,0.06
100,Hakan Çalhanoğlu, TUR,MF,Inter,28,1994,12,9,804,8.9,1,2,3,1,0,0,1,0,0.4,0.4,1.3,1.8,10,38,27,0.11,0.22,0.34,0.2
101,Eduardo Camavinga, FRA,"MF,DF",Real Madrid,19,2002,11,8,721,8.0,0,1,1,0,0,0,3,0,0.3,0.3,0.5,0.7,18,24,15,0.0,0.12,0.12,0.09
102,Emre Can, GER,MF,Dortmund,28,1994,7,6,565,6.3,0,0,0,0,0,0,2,0,0.2,0.2,0.0,0.2,6,19,2,0.0,0.0,0.0,0.02
103,João Cancelo, POR,DF,Bayern Munich,28,1994,4,2,123,1.4,0,1,1,0,0,0,1,0,0.0,0.0,0.5,0.5,4,6,10,0.0,0.73,0.73,0.37
104,João Cancelo, POR,DF,Manchester City,28,1994,6,5,376,4.2,0,4,4,0,0,0,1,0,0.3,0.3,1.1,1.4,15,35,41,0.0,0.96,0.96,0.33
105,Nicolás Capaldo, ARG,MF,RB Salzburg,24,1997,3,3,270,3.0,0,0,0,0,0,0,2,0,0.2,0.2,0.1,0.3,4,9,8,0.0,0.0,0.0,0.1
106,Valentin Carboni, ARG,FW,Inter,17,2005,1,0,15,0.2,0,0,0,0,0,0,1,0,0.0,0.0,0.0,0.0,0,0,0,0.0,0.0,0.0,0.0
107,Fábio Cardoso, POR,DF,Porto,28,1994,4,4,360,4.0,0,0,0,0,0,0,1,0,0.2,0.2,0.1,0.3,1,3,1,0.0,0.0,0.0,0.06
108,David Carmo, POR,DF,Porto,23,1999,5,5,450,5.0,0,0,0,0,0,0,3,0,0.2,0.2,0.1,0.3,0,5,2,0.0,0.0,0.0,0.06
109,Carmona, ESP,DF,Sevilla,20,2002,5,5,450,5.0,0,0,0,0,0,0,2,0,0.5,0.5,0.3,0.7,5,15,20,0.0,0.0,0.0,0.15
110,Yannick Carrasco, BEL,"DF,MF",Atlético Madrid,28,1993,6,3,274,3.0,1,1,2,1,0,1,0,0,1.7,1.0,0.4,1.3,21,12,46,0.33,0.33,0.66,0.63
111,Cameron Carter-Vickers, USA,DF,Celtic,24,1997,4,4,360,4.0,0,0,0,0,0,0,0,0,0.1,0.1,0.0,0.1,6,28,0,0.0,0.0,0.0,0.03
112,Dani Carvajal, ESP,DF,Real Madrid,30,1992,11,10,869,9.7,0,2,2,0,0,0,3,0,0.2,0.2,1.7,1.9,12,35,35,0.0,0.21,0.21,0.19
113,Fabio Carvalho, POR,"MF,FW",Liverpool,19,2002,4,1,115,1.3,0,0,0,0,0,0,0,0,0.2,0.2,0.1,0.3,5,7,4,0.0,0.0,0.0,0.2
114,Marc Casado, ESP,MF,Barcelona,18,2003,1,0,24,0.3,0,0,0,0,0,0,0,0,0.0,0.0,0.0,0.0,0,0,0,0.0,0.0,0.0,0.0
115,Dani Ceballos, ESP,MF,Real Madrid,25,1996,7,0,86,1.0,0,0,0,0,0,0,0,0,0.3,0.3,0.2,0.5,2,7,3,0.0,0.0,0.0,0.48
116,Aleš Čermák, CZE,MF,Viktoria Plzeň,27,1994,3,0,32,0.4,0,0,0,0,0,0,0,0,0.0,0.0,0.0,0.1,0,6,0,0.0,0.0,0.0,0.18
117,El Chadaille Bitshiabu, FRA,DF,Paris S-G,17,2005,1,0,45,0.5,0,0,0,0,0,0,0,0,0.0,0.0,0.0,0.0,0,1,0,0.0,0.0,0.0,0.0
118,Trevoh Chalobah, ENG,DF,Chelsea,23,1999,6,4,439,4.9,0,0,0,0,0,0,0,0,0.6,0.6,0.3,0.9,6,12,1,0.0,0.0,0.0,0.18
119,Timothy Chandler, USA,DF,Eint Frankfurt,32,1990,1,0,12,0.1,0,0,0,0,0,0,0,0,0.0,0.0,0.0,0.0,0,0,0,0.0,0.0,0.0,0.24
120,Tjaronn Chery, SUR,"MF,FW",Maccabi Haifa,34,1988,6,6,540,6.0,2,1,3,1,1,1,1,0,1.6,0.8,1.9,2.7,17,29,44,0.33,0.17,0.33,0.59
121,Federico Chiesa, ITA,FW,Juventus,24,1997,1,0,17,0.2,0,0,0,0,0,0,0,0,0.1,0.1,0.1,0.1,1,4,5,0.0,0.0,0.0,0.79
122,Ben Chilwell, ENG,"DF,MF",Chelsea,25,1996,7,7,556,6.2,0,0,0,0,0,0,1,1,0.2,0.2,1.6,1.8,15,22,39,0.0,0.0,0.0,0.29
123,Chiquinho, POR,MF,Benfica,27,1995,9,4,404,4.5,0,1,1,0,0,0,0,0,0.4,0.4,0.3,0.7,9,37,12,0.0,0.22,0.22,0.15
124,Tomáš Chorý, CZE,FW,Viktoria Plzeň,27,1995,6,5,361,4.0,2,0,2,1,1,1,2,0,2.0,1.3,0.1,1.4,0,2,6,0.5,0.0,0.25,0.54
125,Andreas Christensen, DEN,DF,Barcelona,26,1996,3,3,216,2.4,0,0,0,0,0,0,0,0,0.1,0.1,0.0,0.1,4,18,1,0.0,0.0,0.0,0.04
126,Viktor Claesson, SWE,"FW,MF",FC Copenhagen,30,1992,6,6,482,5.4,0,1,1,0,0,0,2,0,0.5,0.5,0.7,1.1,7,21,15,0.0,0.19,0.19,0.21
127,Jonathan Clauss, FRA,DF,Marseille,29,1992,6,6,410,4.6,0,1,1,0,0,0,1,0,0.3,0.3,0.3,0.6,11,13,26,0.0,0.22,0.22,0.14
128,William Clem, DEN,MF,FC Copenhagen,18,2004,2,2,170,1.9,0,0,0,0,0,0,0,0,0.2,0.2,0.0,0.2,0,8,1,0.0,0.0,0.0,0.09
129,Sebastián Coates, URU,DF,Sporting CP,31,1990,5,5,394,4.4,0,0,0,0,0,0,1,0,0.1,0.1,0.0,0.1,0,9,0,0.0,0.0,0.0,0.02
130,Josh Cohen, USA,GK,Maccabi Haifa,29,1992,6,6,540,6.0,0,0,0,0,0,0,0,0,0.0,0.0,0.0,0.0,0,0,0,0.0,0.0,0.0,0.0
131,Antonio Čolak, CRO,FW,Rangers,28,1993,6,3,284,3.2,0,0,0,0,0,0,0,0,0.2,0.2,0.0,0.2,1,1,3,0.0,0.0,0.0,0.07
132,Kingsley Coman, FRA,"FW,DF",Bayern Munich,26,1996,7,7,533,5.9,1,1,2,1,0,0,0,0,1.0,1.0,1.7,2.7,36,31,98,0.17,0.17,0.34,0.45
133,Francisco Conceição, POR,"FW,MF",Ajax,19,2002,3,0,17,0.2,1,0,1,1,0,0,1,0,0.5,0.5,0.0,0.5,1,1,4,5.29,0.0,5.29,3.07
134,Rodrigo Conceição, POR,DF,Porto,22,2000,2,0,5,0.1,0,0,0,0,0,0,0,0,0.0,0.0,0.0,0.0,0,1,0,0.0,0.0,0.0,0.0
135,Andreas Cornelius, DEN,FW,FC Copenhagen,29,1993,2,1,109,1.2,0,0,0,0,0,0,0,0,0.1,0.1,0.3,0.4,1,0,2,0.0,0.0,0.0,0.33
136,Pierre Cornud, FRA,DF,Maccabi Haifa,25,1996,5,5,371,4.1,0,1,1,0,0,0,1,0,0.0,0.0,0.7,0.8,11,14,18,0.0,0.24,0.24,0.19
137,Ángel Correa, ARG,"FW,MF",Atlético Madrid,27,1995,6,3,315,3.5,0,0,0,0,0,0,0,0,0.8,0.8,0.4,1.2,7,14,28,0.0,0.0,0.0,0.39
138,Joaquín Correa, ARG,FW,Inter,27,1994,9,3,304,3.4,1,2,3,1,0,0,0,0,0.7,0.7,0.7,1.4,3,15,16,0.3,0.59,0.89,0.4
139,Bruno Xavier Almeida Costa, POR,MF,Porto,25,1997,3,1,73,0.8,0,0,0,0,0,0,0,0,0.0,0.0,0.1,0.2,0,3,0,0.0,0.0,0.0,0.19
140,Diogo Costa, POR,GK,Porto,22,1999,8,8,720,8.0,0,1,1,0,0,0,0,0,0.0,0.0,0.2,0.2,0,0,0,0.0,0.12,0.12,0.02
141,Soumaïla Coulibaly, FRA,DF,Dortmund,18,2003,1,0,19,0.2,0,0,0,0,0,0,0,0,0.0,0.0,0.0,0.0,1,3,1,0.0,0.0,0.0,0.0
142,Thibaut Courtois, BEL,GK,Real Madrid,30,1992,10,10,900,10.0,0,0,0,0,0,0,0,0,0.0,0.0,0.0,0.0,0,0,0,0.0,0.0,0.0,0.0
143,Juan Cuadrado, COL,"DF,MF",Juventus,34,1988,6,6,431,4.8,0,1,1,0,0,0,0,0,0.1,0.1,1.3,1.4,12,16,36,0.0,0.21,0.21,0.3
144,Marc Cucurella, ESP,DF,Chelsea,24,1998,8,4,414,4.6,0,0,0,0,0,0,2,0,0.3,0.3,0.2,0.5,6,29,21,0.0,0.0,0.0,0.12
145,Matheus Cunha, BRA,"FW,MF",Atlético Madrid,23,1999,5,0,122,1.4,0,0,0,0,0,0,0,0,0.6,0.6,0.4,1.0,4,3,12,0.0,0.0,0.0,0.73
146,Danilo D'Ambrosio, ITA,DF,Inter,33,1988,6,1,161,1.8,0,0,0,0,0,0,0,0,0.2,0.2,0.0,0.2,1,9,2,0.0,0.0,0.0,0.11
147,Danilo, BRA,DF,Juventus,31,1991,5,5,427,4.7,0,0,0,0,0,0,3,0,0.3,0.3,0.6,0.9,5,25,7,0.0,0.0,0.0,0.18
148,Arnaut Danjuma, NED,MF,Tottenham,25,1997,1,0,10,0.1,0,0,0,0,0,0,0,0,0.0,0.0,0.0,0.0,0,2,0,0.0,0.0,0.0,0.0
149,Mohammed Daramy, DEN,FW,FC Copenhagen,20,2002,6,6,443,4.9,0,0,0,0,0,0,1,0,0.1,0.1,0.5,0.6,26,14,32,0.0,0.0,0.0,0.12
150,Matteo Darmian, ITA,DF,Inter,32,1989,11,9,821,9.1,0,0,0,0,0,0,1,0,0.1,0.1,0.3,0.3,6,18,15,0.0,0.0,0.0,0.04
151,Dean David, ISR,"FW,DF",Maccabi Haifa,26,1996,6,3,237,2.6,1,0,1,1,0,0,0,0,1.9,1.9,0.1,2.0,7,2,17,0.38,0.0,0.38,0.76
152,Alphonso Davies, CAN,DF,Bayern Munich,21,2000,9,6,602,6.7,0,2,2,0,0,0,1,0,0.5,0.5,0.8,1.3,32,18,55,0.0,0.3,0.3,0.2
153,Ben Davies, WAL,DF,Tottenham,29,1993,7,4,392,4.4,0,0,0,0,0,0,0,0,0.0,0.0,0.0,0.0,8,21,8,0.0,0.0,0.0,0.01
154,Ben Davies, ENG,DF,Rangers,26,1995,3,3,260,2.9,0,0,0,0,0,0,1,0,0.1,0.1,0.0,0.1,2,9,0,0.0,0.0,0.0,0.03
155,Steven Davis, NIR,MF,Rangers,37,1985,5,3,249,2.8,0,0,0,0,0,0,0,0,0.0,0.0,0.0,0.0,2,13,1,0.0,0.0,0.0,0.01
156,Kevin De Bruyne, BEL,MF,Manchester City,31,1991,10,9,716,8.0,2,6,8,2,0,0,1,0,1.3,1.3,3.5,4.8,30,49,58,0.25,0.75,1.01,0.6
157,Charles De Ketelaere, BEL,"MF,FW",Milan,21,2001,6,3,234,2.6,0,0,0,0,0,0,1,0,0.5,0.5,0.0,0.5,7,7,15,0.0,0.0,0.0,0.21
158,Rodrigo De Paul, ARG,MF,Atlético Madrid,28,1994,5,1,256,2.8,1,0,1,1,0,0,1,0,0.2,0.2,0.5,0.7,9,35,11,0.35,0.0,0.35,0.25
159,Mattia De Sciglio, ITA,DF,Juventus,29,1992,3,1,95,1.1,0,0,0,0,0,0,0,0,0.0,0.0,0.0,0.0,4,4,8,0.0,0.0,0.0,0.03
160,Amar Dedić, BIH,DF,RB Salzburg,19,2002,6,6,540,6.0,0,0,0,0,0,0,0,0,0.1,0.1,0.5,0.7,11,14,13,0.0,0.0,0.0,0.11
161,Thomas Delaney, DEN,MF,Sevilla,30,1991,4,3,230,2.6,0,0,0,0,0,0,0,0,0.2,0.2,0.2,0.4,2,8,6,0.0,0.0,0.0,0.14
162,Ousmane Dembélé, FRA,FW,Barcelona,25,1997,6,5,413,4.6,1,2,3,1,0,0,1,0,1.1,1.1,1.5,2.6,36,26,67,0.22,0.44,0.65,0.57
163,Kerem Demirbay, GER,MF,Leverkusen,29,1993,5,2,268,3.0,0,0,0,0,0,1,1,0,1.1,0.4,0.3,0.7,0,23,5,0.0,0.0,0.0,0.49
164,Sergiño Dest, USA,DF,Milan,21,2000,4,1,191,2.1,0,0,0,0,0,0,0,0,0.3,0.3,0.2,0.4,3,6,3,0.0,0.0,0.0,0.21
165,Giovanni Di Lorenzo, ITA,DF,Napoli,28,1993,10,10,888,9.9,2,2,4,2,0,0,2,0,1.2,1.0,2.6,3.7,34,57,41,0.2,0.2,0.41,0.38
166,Ángel Di María, ARG,FW,Juventus,34,1988,3,2,146,1.6,0,3,3,0,0,0,0,0,0.3,0.3,1.8,2.1,7,12,13,0.0,1.85,1.85,1.31
167,Moussa Diaby, FRA,"FW,MF",Leverkusen,23,1999,6,6,505,5.6,2,0,2,2,0,0,0,0,1.7,1.7,0.8,2.5,22,19,50,0.36,0.0,0.36,0.45
168,Abdou Diallo, SEN,"DF,MF",RB Leipzig,26,1996,5,2,227,2.5,0,0,0,0,0,0,0,0,0.0,0.0,0.1,0.1,3,26,1,0.0,0.0,0.0,0.03
169,Rúben Dias, POR,DF,Manchester City,25,1997,12,11,"1,049",11.7,1,0,1,1,0,0,2,0,1.7,1.7,0.1,1.8,9,40,3,0.09,0.0,0.09,0.16
170,Brahim Díaz, ESP,"MF,FW",Milan,22,1999,10,8,602,6.7,1,0,1,1,0,0,1,0,1.6,1.6,0.6,2.1,16,17,33,0.15,0.0,0.15,0.32
171,Luis Díaz, COL,FW,Liverpool,25,1997,3,3,269,3.0,1,0,1,1,0,0,0,0,0.5,0.5,0.3,0.8,8,13,34,0.33,0.0,0.33,0.27
172,Eric Dier, ENG,DF,Tottenham,28,1994,7,7,617,6.9,0,0,0,0,0,0,3,0,1.1,1.1,0.0,1.1,2,23,1,0.0,0.0,0.0,0.16
173,Kevin Diks, NED,DF,FC Copenhagen,25,1996,6,4,335,3.7,0,0,0,0,0,0,0,0,0.5,0.5,0.1,0.7,4,10,10,0.0,0.0,0.0,0.18
174,Federico Dimarco, ITA,DF,Inter,24,1997,11,10,728,8.1,0,5,5,0,0,0,2,0,1.3,1.3,3.0,4.3,24,34,59,0.0,0.62,0.62,0.53
175,Junior Dina Ebimbe, FRA,"MF,DF",Eint Frankfurt,21,2000,6,3,239,2.7,0,0,0,0,0,0,1,0,0.1,0.1,0.0,0.1,7,11,12,0.0,0.0,0.0,0.05
176,Marko Dmitrović, SRB,GK,Sevilla,30,1992,2,2,180,2.0,0,0,0,0,0,0,0,0,0.0,0.0,0.0,0.0,0,0,0,0.0,0.0,0.0,0.0
177,Matt Doherty, IRL,DF,Tottenham,30,1992,2,1,76,0.8,0,0,0,0,0,0,0,0,0.1,0.1,0.0,0.1,2,4,5,0.0,0.0,0.0,0.17
178,Kasper Dolberg, DEN,FW,Sevilla,24,1997,4,1,110,1.2,0,0,0,0,0,0,0,0,0.2,0.2,0.2,0.3,3,2,6,0.0,0.0,0.0,0.27
179,Gianluigi Donnarumma, ITA,GK,Paris S-G,23,1999,8,8,720,8.0,0,0,0,0,0,0,0,0,0.0,0.0,0.0,0.0,0,0,0,0.0,0.0,0.0,0.0
180,Julian Draxler, GER,MF,Benfica,28,1993,3,0,32,0.4,0,0,0,0,0,0,0,0,0.1,0.1,0.0,0.1,0,3,2,0.0,0.0,0.0,0.2
181,Josip Drmić, SUI,FW,Dinamo Zagreb,29,1992,6,0,95,1.1,0,0,0,0,0,0,0,0,0.1,0.1,0.3,0.4,2,1,11,0.0,0.0,0.0,0.35
182,Denzel Dumfries, NED,DF,Inter,26,1996,12,10,885,9.8,1,0,1,1,0,0,0,0,1.7,1.7,0.4,2.1,21,15,60,0.1,0.0,0.1,0.22
183,Edin Džeko, BIH,FW,Inter,36,1986,13,11,824,9.2,4,1,5,4,0,0,2,0,3.2,3.2,0.9,4.2,14,26,43,0.44,0.11,0.55,0.45
184,Ederson, BRA,GK,Manchester City,28,1993,11,11,990,11.0,0,0,0,0,0,0,2,0,0.0,0.0,0.0,0.0,0,0,0,0.0,0.0,0.0,0.0
185,Jorge Eduardo Sánchez, MEX,DF,Ajax,24,1997,5,3,269,3.0,0,0,0,0,0,0,1,0,0.2,0.2,0.2,0.3,2,3,12,0.0,0.0,0.0,0.11
186,Marcus Edwards, ENG,"FW,MF",Sporting CP,23,1998,6,6,352,3.9,2,1,3,2,0,0,0,0,0.7,0.7,0.6,1.3,22,16,17,0.51,0.26,0.77,0.33
187,Hugo Ekitike, FRA,"MF,FW",Paris S-G,20,2002,4,0,62,0.7,0,0,0,0,0,0,0,0,0.2,0.2,0.0,0.2,2,1,7,0.0,0.0,0.0,0.26
188,Harvey Elliott, ENG,MF,Liverpool,19,2003,8,4,395,4.4,2,0,2,2,0,0,1,0,1.1,1.1,0.3,1.4,15,28,21,0.46,0.0,0.46,0.33
189,Elif Elmas, MKD,"FW,MF",Napoli,22,1999,10,2,285,3.2,0,0,0,0,0,0,1,0,0.2,0.2,0.2,0.4,10,9,13,0.0,0.0,0.0,0.13
190,Emerson, BRA,"DF,MF",Tottenham,23,1999,8,6,543,6.0,0,0,0,0,0,0,1,0,0.5,0.5,0.3,0.8,15,24,34,0.0,0.0,0.0,0.14
191,Youssef En-Nesyri, MAR,FW,Sevilla,25,1997,4,3,245,2.7,2,0,2,2,0,0,0,0,1.7,1.7,0.0,1.7,2,1,7,0.73,0.0,0.73,0.62
192,Ricardo Esgaio, POR,"DF,MF",Sporting CP,29,1993,3,2,109,1.2,0,0,0,0,0,0,3,1,0.0,0.0,0.0,0.0,1,3,4,0.0,0.0,0.0,0.03
193,Dario Essugo, POR,MF,Sporting CP,17,2005,1,0,28,0.3,0,0,0,0,0,0,0,0,0.0,0.0,0.0,0.0,0,1,0,0.0,0.0,0.0,0.0
194,Stephen Eustáquio, CAN,MF,Porto,25,1996,7,7,594,6.6,2,0,2,2,0,0,1,0,1.4,1.4,0.6,2.0,3,25,20,0.3,0.0,0.3,0.3
195,Evanilson, BRA,FW,Porto,22,1999,8,6,513,5.7,1,1,2,1,0,0,0,0,0.9,0.9,1.0,1.9,3,8,22,0.18,0.18,0.35,0.33
196,Fabinho, BRA,MF,Liverpool,28,1993,8,7,632,7.0,0,0,0,0,0,0,0,0,0.0,0.0,0.2,0.2,5,35,6,0.0,0.0,0.0,0.03
197,Nicolò Fagioli, ITA,MF,Juventus,21,2001,2,1,108,1.2,0,0,0,0,0,0,1,0,0.0,0.0,0.2,0.2,0,16,8,0.0,0.0,0.0,0.13
198,Rasmus Falk, DEN,MF,FC Copenhagen,30,1992,3,2,189,2.1,0,0,0,0,0,0,0,0,0.1,0.1,0.0,0.1,2,7,5,0.0,0.0,0.0,0.05
199,Abdul Fatawu Issahaku, GHA,"MF,DF",Sporting CP,18,2004,2,0,89,1.0,0,0,0,0,0,0,0,0,0.1,0.1,0.0,0.1,1,0,2,0.0,0.0,0.0,0.11
200,Ansu Fati, ESP,FW,Barcelona,19,2002,6,2,244,2.7,0,1,1,0,0,0,0,0,0.9,0.9,0.1,1.0,10,9,27,0.0,0.37,0.37,0.36
201,Felipe, BRA,DF,Atlético Madrid,33,1989,1,1,90,1.0,0,0,0,0,0,0,0,0,0.2,0.2,0.1,0.2,0,2,0,0.0,0.0,0.0,0.23
202,João Félix, POR,"FW,MF",Chelsea,22,1999,4,3,244,2.7,0,0,0,0,0,0,0,0,1.6,1.6,0.3,1.9,13,12,22,0.0,0.0,0.0,0.7
203,João Félix, POR,FW,Atlético Madrid,22,1999,5,3,217,2.4,0,0,0,0,0,0,0,0,0.3,0.3,0.2,0.5,7,8,16,0.0,0.0,0.0,0.2
204,Mateus Fernandes, POR,MF,Sporting CP,18,2004,1,0,30,0.3,0,0,0,0,0,0,0,0,0.0,0.0,0.0,0.0,0,0,0,0.0,0.0,0.0,0.0
205,Enzo Fernández, ARG,MF,Benfica,21,2001,5,5,427,4.7,0,1,1,0,0,0,3,0,0.5,0.5,0.3,0.8,7,32,3,0.0,0.21,0.21,0.17
206,Enzo Fernández, ARG,MF,Chelsea,21,2001,4,4,332,3.7,0,0,0,0,0,0,1,0,0.3,0.3,0.2,0.5,2,37,5,0.0,0.0,0.0,0.13
207,Fernando, BRA,FW,RB Salzburg,23,1999,1,1,64,0.7,0,1,1,0,0,0,0,0,0.6,0.6,0.3,0.9,3,2,4,0.0,1.41,1.41,1.25
208,Fernando, BRA,MF,Sevilla,35,1987,1,1,90,1.0,0,0,0,0,0,0,0,0,0.0,0.0,0.0,0.0,0,7,1,0.0,0.0,0.0,0.04
209,Roberto Firmino, BRA,"FW,MF",Liverpool,30,1991,8,4,417,4.6,2,1,3,2,0,0,0,0,0.7,0.7,1.6,2.3,6,30,35,0.43,0.22,0.65,0.51
210,Phil Foden, ENG,"MF,FW",Manchester City,22,2000,8,3,384,4.3,1,2,3,1,0,0,1,0,1.0,1.0,1.3,2.3,13,22,57,0.23,0.47,0.7,0.54
211,Wesley Fofana, FRA,DF,Chelsea,21,2000,5,5,397,4.4,1,0,1,1,0,0,1,0,0.3,0.3,0.2,0.5,11,11,5,0.23,0.0,0.23,0.11
212,Bernardo Folha, POR,MF,Porto,20,2002,2,0,8,0.1,0,0,0,0,0,0,0,0,0.0,0.0,0.0,0.0,0,1,0,0.0,0.0,0.0,0.0
213,James Forrest, SCO,FW,Celtic,31,1991,3,0,90,1.0,0,0,0,0,0,0,0,0,0.0,0.0,0.5,0.5,3,2,22,0.0,0.0,0.0,0.48
214,Emil Forsberg, SWE,"MF,FW",RB Leipzig,30,1991,8,4,402,4.5,1,0,1,1,0,0,0,0,0.9,0.9,0.3,1.2,1,19,14,0.22,0.0,0.22,0.26
215,Fraser Forster, ENG,GK,Tottenham,34,1988,2,2,180,2.0,0,0,0,0,0,0,0,0,0.0,0.0,0.0,0.0,0,0,0,0.0,0.0,0.0,0.0
216,Timothy Fosu-Mensah, NED,"MF,DF",Leverkusen,24,1998,3,0,10,0.1,0,0,0,0,0,0,0,0,0.0,0.0,0.0,0.0,0,0,1,0.0,0.0,0.0,0.0
217,Lassina Franck Traoré, BFA,FW,Shakhtar,21,2001,6,3,244,2.7,1,0,1,1,0,0,0,0,0.5,0.5,0.5,1.0,2,3,8,0.37,0.0,0.37,0.37
218,André Franco, POR,MF,Porto,24,1998,1,0,21,0.2,0,0,0,0,0,0,0,0,0.0,0.0,0.0,0.0,2,3,1,0.0,0.0,0.0,0.07
219,Jeremie Frimpong, NED,"MF,FW",Leverkusen,21,2000,5,4,374,4.2,0,2,2,0,0,0,2,1,0.4,0.4,0.8,1.2,29,10,30,0.0,0.48,0.48,0.3
220,Kyogo Furuhashi, JPN,FW,Celtic,27,1995,6,5,359,4.0,0,1,1,0,0,0,1,0,1.7,1.7,0.4,2.1,5,4,20,0.0,0.25,0.25,0.53
221,Matteo Gabbia, ITA,DF,Milan,22,1999,4,2,211,2.3,1,0,1,1,0,0,1,0,0.4,0.4,0.0,0.4,2,7,0,0.43,0.0,0.43,0.16
222,Gianluca Gaetano, ITA,MF,Napoli,22,2000,3,0,31,0.3,0,0,0,0,0,0,0,0,0.0,0.0,0.0,0.0,0,4,1,0.0,0.0,0.0,0.0
223,Roberto Gagliardini, ITA,MF,Inter,28,1994,6,1,116,1.3,0,0,0,0,0,0,1,0,0.1,0.1,0.2,0.3,2,7,4,0.0,0.0,0.0,0.23
224,Cody Gakpo, NED,"FW,MF",Liverpool,23,1999,2,2,152,1.7,0,0,0,0,0,0,0,0,0.1,0.1,0.2,0.3,6,9,13,0.0,0.0,0.0,0.15
225,Galeno, BRA,"FW,MF",Porto,24,1997,8,7,563,6.3,2,1,3,2,0,0,0,0,2.8,2.8,0.8,3.6,32,10,58,0.32,0.16,0.48,0.57
226,Conor Gallagher, ENG,MF,Chelsea,22,2000,8,2,301,3.3,0,0,0,0,0,0,2,0,1.5,1.5,0.7,2.2,6,18,26,0.0,0.0,0.0,0.65
227,Eric García, ESP,DF,Barcelona,21,2001,4,2,225,2.5,0,0,0,0,0,0,0,0,0.0,0.0,0.1,0.1,6,25,0,0.0,0.0,0.0,0.03
228,Federico Gatti, ITA,DF,Juventus,24,1998,2,2,180,2.0,0,0,0,0,0,0,1,0,0.0,0.0,0.0,0.0,3,2,0,0.0,0.0,0.0,0.0
229,Gavi, ESP,MF,Barcelona,17,2004,5,4,329,3.7,0,0,0,0,0,0,2,0,0.1,0.1,0.7,0.7,3,15,14,0.0,0.0,0.0,0.2
230,Gerson, BRA,MF,Marseille,25,1997,3,2,121,1.3,0,0,0,0,0,0,0,0,0.0,0.0,0.0,0.0,5,5,10,0.0,0.0,0.0,0.0
231,Giorgos Giakoumakis, GRE,FW,Celtic,27,1994,6,2,246,2.7,1,0,1,1,0,0,0,0,1.7,1.7,0.4,2.2,0,2,13,0.37,0.0,0.37,0.8
232,Samuel Gigot, FRA,DF,Marseille,28,1993,5,2,249,2.8,0,0,0,0,0,0,0,0,0.3,0.3,0.0,0.3,2,11,2,0.0,0.0,0.0,0.1
233,Bryan Gil, ESP,MF,Tottenham,21,2001,4,0,40,0.4,0,0,0,0,0,0,0,0,0.0,0.0,0.2,0.2,1,3,5,0.0,0.0,0.0,0.44
234,Gilberto, BRA,DF,Benfica,29,1993,5,2,201,2.2,0,0,0,0,0,0,1,0,0.0,0.0,0.0,0.0,12,16,20,0.0,0.0,0.0,0.0
235,Olivier Giroud, FRA,FW,Milan,35,1986,12,12,932,10.4,5,2,7,3,2,3,1,0,5.7,3.3,1.0,4.3,0,17,37,0.48,0.19,0.48,0.64
236,Serge Gnabry, GER,"FW,MF",Bayern Munich,27,1995,8,3,343,3.8,2,3,5,2,0,0,0,0,1.3,1.3,1.2,2.5,10,9,37,0.52,0.79,1.31,0.65
237,Sean Goldberg, ISR,DF,Maccabi Haifa,27,1995,6,6,540,6.0,0,0,0,0,0,0,0,0,0.1,0.1,0.1,0.3,6,15,0,0.0,0.0,0.0,0.04
238,Connor Goldson, ENG,DF,Rangers,29,1992,4,4,314,3.5,0,0,0,0,0,0,0,0,0.0,0.0,0.1,0.1,0,3,0,0.0,0.0,0.0,0.02
239,Joe Gomez, ENG,DF,Liverpool,25,1997,5,4,298,3.3,0,1,1,0,0,0,1,0,0.1,0.1,0.3,0.4,5,18,2,0.0,0.3,0.3,0.12
240,Papu Gómez, ARG,"FW,MF",Sevilla,34,1988,5,3,246,2.7,0,1,1,0,0,0,0,0,0.3,0.3,0.3,0.6,5,16,14,0.0,0.37,0.37,0.23
241,Sergio Gómez, ESP,"DF,MF",Manchester City,21,2000,5,4,305,3.4,0,1,1,0,0,0,0,1,0.2,0.2,0.3,0.5,8,30,21,0.0,0.3,0.3,0.16
242,Diogo Gonçalves, POR,"FW,MF",Benfica,25,1997,4,0,40,0.4,0,0,0,0,0,0,0,0,0.0,0.0,0.0,0.0,4,3,4,0.0,0.0,0.0,0.1
243,Pedro Gonçalves, POR,"MF,FW",Sporting CP,24,1998,5,5,363,4.0,0,2,2,0,0,0,2,1,0.3,0.3,0.3,0.6,6,11,15,0.0,0.5,0.5,0.16
244,Leon Goretzka, GER,MF,Bayern Munich,27,1995,9,7,606,6.7,2,4,6,2,0,0,1,0,1.8,1.8,1.8,3.7,9,44,27,0.3,0.59,0.89,0.54
245,Robin Gosens, GER,DF,Inter,28,1994,11,3,426,4.7,1,0,1,1,0,0,1,0,0.3,0.3,1.1,1.4,6,15,36,0.21,0.0,0.21,0.3
246,Mario Götze, GER,"MF,FW",Eint Frankfurt,30,1992,7,6,522,5.8,0,2,2,0,0,0,2,0,0.5,0.5,0.6,1.1,15,29,37,0.0,0.34,0.34,0.18
247,Lucas Gourna-Douath, FRA,MF,RB Salzburg,18,2003,6,3,315,3.5,0,0,0,0,0,0,2,0,0.0,0.0,0.1,0.1,5,19,0,0.0,0.0,0.0,0.02
248,Kamil Grabara, POL,GK,FC Copenhagen,23,1999,4,4,360,4.0,0,0,0,0,0,0,0,0,0.0,0.0,0.0,0.0,0,0,0,0.0,0.0,0.0,0.0
249,Ryan Gravenberch, NED,MF,Bayern Munich,20,2002,6,2,254,2.8,0,0,0,0,0,0,0,0,0.5,0.5,0.6,1.2,6,15,10,0.0,0.0,0.0,0.42
250,Ivo Grbić, CRO,GK,Atlético Madrid,26,1996,1,1,90,1.0,0,0,0,0,0,0,0,0,0.0,0.0,0.0,0.0,0,0,0,0.0,0.0,0.0,0.0
251,Jack Grealish, ENG,FW,Manchester City,26,1995,13,12,933,10.4,0,1,1,0,0,0,1,0,1.0,1.0,2.9,3.9,65,41,115,0.0,0.1,0.1,0.38
252,Antoine Griezmann, FRA,"FW,MF",Atlético Madrid,31,1991,6,4,406,4.5,1,1,2,1,0,1,0,0,2.5,1.7,1.2,2.9,8,26,27,0.22,0.22,0.44,0.81
253,Florian Grillitsch, AUT,MF,Ajax,26,1995,5,0,59,0.7,0,0,0,0,0,0,0,0,0.0,0.0,0.0,0.0,0,3,0,0.0,0.0,0.0,0.04
254,Álex Grimaldo, ESP,DF,Benfica,26,1995,10,10,900,10.0,2,4,6,2,0,0,0,0,1.2,1.2,3.2,4.4,20,50,62,0.2,0.4,0.6,0.44
255,Marko Grujić, SRB,MF,Porto,26,1996,4,3,278,3.1,0,0,0,0,0,0,1,0,0.5,0.5,0.2,0.7,2,19,3,0.0,0.0,0.0,0.23
256,Nemanja Gudelj, SRB,"DF,MF",Sevilla,30,1991,6,5,496,5.5,0,0,0,0,0,0,2,0,0.1,0.1,0.1,0.2,3,17,0,0.0,0.0,0.0,0.04
257,Gonçalo Guedes, POR,"FW,MF",Benfica,25,1996,2,0,43,0.5,0,0,0,0,0,0,0,0,0.0,0.0,0.0,0.1,4,2,2,0.0,0.0,0.0,0.12
258,Mattéo Guendouzi, FRA,MF,Marseille,23,1999,6,5,418,4.6,2,0,2,1,1,1,1,0,1.2,0.4,0.3,0.7,14,36,28,0.43,0.0,0.22,0.32
259,Raphaël Guerreiro, POR,DF,Dortmund,28,1993,6,5,479,5.3,2,0,2,2,0,0,0,0,0.7,0.7,1.1,1.8,13,22,32,0.38,0.0,0.38,0.34
260,Pape Gueye, SEN,MF,Marseille,23,1999,3,0,37,0.4,0,0,0,0,0,0,0,0,0.0,0.0,0.0,0.0,0,10,1,0.0,0.0,0.0,0.0
261,Péter Gulácsi, HUN,GK,RB Leipzig,32,1990,3,3,192,2.1,0,0,0,0,0,0,0,0,0.0,0.0,0.0,0.0,0,0,0,0.0,0.0,0.0,0.0
262,İlkay Gündoğan, GER,MF,Manchester City,31,1990,13,12,994,11.0,1,2,3,1,0,0,4,0,1.6,1.6,1.7,3.3,24,76,43,0.09,0.18,0.27,0.3
263,Joško Gvardiol, CRO,DF,RB Leipzig,20,2002,6,6,540,6.0,2,0,2,2,0,0,0,0,0.8,0.8,0.2,1.0,3,18,0,0.33,0.0,0.33,0.17
264,Erling Haaland, NOR,FW,Manchester City,22,2000,11,11,841,9.3,12,1,13,11,1,2,1,0,10.7,9.1,0.8,9.9,9,12,31,1.28,0.11,1.28,1.23
265,Amadou Haidara, MLI,MF,RB Leipzig,24,1998,7,4,339,3.8,0,0,0,0,0,0,1,0,0.3,0.3,0.5,0.8,3,16,4,0.0,0.0,0.0,0.22
266,Achraf Hakimi, MAR,"DF,MF",Paris S-G,23,1998,8,7,580,6.4,0,2,2,0,0,0,1,0,0.5,0.5,0.4,0.9,18,19,63,0.0,0.31,0.31,0.14
267,Sead Haksabanović, MNE,"MF,FW",Celtic,23,1999,6,3,229,2.5,0,0,0,0,0,0,0,0,0.1,0.1,0.6,0.8,9,12,28,0.0,0.0,0.0,0.31
268,Sébastien Haller, CIV,FW,Dortmund,28,1994,2,2,143,1.6,0,0,0,0,0,0,0,0,0.2,0.2,0.0,0.2,1,0,12,0.0,0.0,0.0,0.15
269,Marcel Halstenberg, GER,DF,RB Leipzig,30,1991,4,2,167,1.9,0,1,1,0,0,0,0,0,0.0,0.0,0.3,0.3,1,3,12,0.0,0.54,0.54,0.17
270,Amine Harit, MAR,MF,Marseille,25,1997,6,4,380,4.2,1,2,3,1,0,0,0,0,1.0,1.0,1.5,2.6,18,24,48,0.24,0.47,0.71,0.61
271,Joe Hart, ENG,GK,Celtic,35,1987,6,6,540,6.0,0,0,0,0,0,0,0,0,0.0,0.0,0.0,0.0,0,0,0,0.0,0.0,0.0,0.0
272,Makoto Hasebe, JPN,DF,Eint Frankfurt,38,1984,4,3,257,2.9,0,0,0,0,0,0,2,0,0.0,0.0,0.0,0.0,0,8,0,0.0,0.0,0.0,0.0
273,Reo Hatate, JPN,MF,Celtic,24,1997,6,6,448,5.0,0,0,0,0,0,0,1,0,0.3,0.3,0.4,0.7,2,31,19,0.0,0.0,0.0,0.15
274,Milan Havel, CZE,DF,Viktoria Plzeň,27,1994,6,5,424,4.7,0,0,0,0,0,0,0,0,0.0,0.0,0.1,0.2,11,8,11,0.0,0.0,0.0,0.04
275,Kai Havertz, GER,"FW,MF",Chelsea,23,1999,10,7,619,6.9,2,0,2,1,1,1,0,0,2.6,1.8,1.9,3.7,17,27,75,0.29,0.0,0.15,0.65
276,Eden Hazard, BEL,"FW,MF",Real Madrid,31,1991,3,1,132,1.5,1,1,2,1,0,0,0,0,0.9,0.9,0.3,1.2,5,4,9,0.68,0.68,1.36,0.83
277,Thorgan Hazard, BEL,"DF,FW",Dortmund,29,1993,5,3,200,2.2,1,0,1,1,0,0,0,0,0.3,0.3,0.3,0.6,2,7,11,0.45,0.0,0.45,0.26
278,Dolev Haziz, ISR,DF,Maccabi Haifa,27,1995,3,2,211,2.3,0,1,1,0,0,0,1,0,0.0,0.0,0.3,0.4,10,7,19,0.0,0.43,0.43,0.15
279,Lukáš Hejda, CZE,DF,Viktoria Plzeň,32,1990,6,6,512,5.7,0,0,0,0,0,0,0,0,0.1,0.1,0.0,0.1,2,1,1,0.0,0.0,0.0,0.03
280,Jordan Henderson, ENG,MF,Liverpool,32,1990,4,4,277,3.1,0,1,1,0,0,0,0,0,0.0,0.0,0.6,0.6,5,25,4,0.0,0.32,0.32,0.19
281,Jack Hendry, SCO,DF,Club Brugge,27,1995,1,1,90,1.0,0,0,0,0,0,0,0,0,0.0,0.0,0.0,0.0,0,2,0,0.0,0.0,0.0,0.02
282,Benjamin Henrichs, GER,"DF,MF",RB Leipzig,25,1997,7,1,202,2.2,0,0,0,0,0,0,2,0,0.3,0.3,0.0,0.3,2,10,9,0.0,0.0,0.0,0.13
283,Mario Hermoso, ESP,DF,Atlético Madrid,27,1995,3,2,158,1.8,1,0,1,1,0,0,1,0,0.7,0.7,0.1,0.7,3,14,1,0.57,0.0,0.57,0.42
284,Lucas Hernández, FRA,DF,Bayern Munich,26,1996,2,2,173,1.9,1,0,1,1,0,0,0,0,0.4,0.4,0.0,0.4,3,8,0,0.52,0.0,0.52,0.19
285,Theo Hernández, FRA,DF,Milan,24,1997,11,11,945,10.5,0,1,1,0,0,0,2,0,0.5,0.5,1.6,2.1,31,46,38,0.0,0.1,0.1,0.2
286,Son Heung-min, KOR,"MF,FW",Tottenham,30,1992,8,8,618,6.9,2,0,2,2,0,0,1,0,1.5,1.5,1.5,3.0,19,15,48,0.29,0.0,0.29,0.44
287,Piero Hincapié, ECU,DF,Leverkusen,20,2002,5,5,450,5.0,0,0,0,0,0,0,3,0,0.0,0.0,0.3,0.3,10,19,11,0.0,0.0,0.0,0.07
288,Adam Hložek, CZE,"MF,FW",Leverkusen,20,2002,6,3,275,3.1,0,1,1,0,0,0,0,0,0.5,0.5,0.8,1.3,5,13,13,0.0,0.33,0.33,0.41
289,Libor Holík, CZE,DF,Viktoria Plzeň,24,1998,6,2,290,3.2,0,1,1,0,0,0,0,0,0.2,0.2,0.2,0.3,10,6,12,0.0,0.31,0.31,0.1
290,Lukáš Hrádecký, FIN,GK,Leverkusen,32,1989,6,6,540,6.0,0,0,0,0,0,0,1,0,0.0,0.0,0.0,0.0,0,0,0,0.0,0.0,0.0,0.0
291,Callum Hudson-Odoi, ENG,FW,Leverkusen,21,2000,6,6,461,5.1,1,0,1,1,0,0,0,0,0.8,0.8,1.2,2.1,26,31,51,0.2,0.0,0.2,0.4
292,Mats Hummels, GER,DF,Dortmund,33,1988,4,4,315,3.5,0,0,0,0,0,0,1,0,0.0,0.0,0.0,0.0,1,10,0,0.0,0.0,0.0,0.01
293,Pierre Højbjerg, DEN,MF,Tottenham,26,1995,7,7,624,6.9,1,2,3,1,0,0,3,0,0.3,0.3,0.5,0.8,7,40,14,0.14,0.29,0.43,0.12
294,Samuel Iling-Junior, ENG,DF,Juventus,18,2003,1,0,21,0.2,0,1,1,0,0,0,0,0,0.0,0.0,0.2,0.2,2,1,4,0.0,4.29,4.29,0.92
295,Gonçalo Inácio, POR,DF,Sporting CP,20,2001,6,6,540,6.0,0,0,0,0,0,0,1,0,0.2,0.2,0.0,0.2,4,13,1,0.0,0.0,0.0,0.03
296,Isco, ESP,"MF,FW",Sevilla,30,1992,6,5,399,4.4,1,1,2,1,0,0,0,0,0.7,0.7,0.2,0.9,5,28,13,0.23,0.23,0.45,0.2
297,Franco Israel, URU,GK,Sporting CP,22,2000,2,1,155,1.7,0,0,0,0,0,0,0,0,0.0,0.0,0.0,0.0,0,0,0,0.0,0.0,0.0,0.0
298,Luka Ivanušec, CRO,MF,Dinamo Zagreb,23,1998,6,6,524,5.8,0,0,0,0,0,0,2,0,0.9,0.9,0.2,1.1,15,17,20,0.0,0.0,0.0,0.19
299,Ryan Jack, SCO,MF,Rangers,30,1992,4,2,191,2.1,0,1,1,0,0,0,1,0,0.0,0.0,0.3,0.3,3,5,6,0.0,0.47,0.47,0.14
300,Kristijan Jakić, CRO,DF,Eint Frankfurt,25,1997,8,7,616,6.8,0,0,0,0,0,0,2,0,0.1,0.1,0.0,0.1,12,21,19,0.0,0.0,0.0,0.01
301,Reece James, ENG,"DF,MF",Chelsea,22,1999,8,8,691,7.7,1,1,2,1,0,0,3,0,0.5,0.5,1.0,1.6,23,44,61,0.13,0.13,0.26,0.21
302,Adnan Januzaj, BEL,"FW,MF",Sevilla,27,1995,3,0,52,0.6,0,0,0,0,0,0,0,0,0.0,0.0,0.0,0.0,1,5,2,0.0,0.0,0.0,0.04
303,Luis Javier Suárez, COL,FW,Marseille,24,1997,4,1,114,1.3,0,0,0,0,0,0,1,0,0.5,0.5,0.3,0.7,1,1,11,0.0,0.0,0.0,0.58
304,Elias Jelert, DEN,"DF,MF",FC Copenhagen,19,2003,4,2,192,2.1,0,0,0,0,0,0,0,0,0.0,0.0,0.1,0.1,4,7,4,0.0,0.0,0.0,0.02
305,Václav Jemelka, CZE,DF,Viktoria Plzeň,27,1995,6,4,361,4.0,0,1,1,0,0,0,2,0,0.0,0.0,0.5,0.5,3,10,6,0.0,0.25,0.25,0.13
306,Valdemar Jensen, DEN,DF,FC Copenhagen,19,2003,4,3,304,3.4,0,0,0,0,0,0,1,0,0.3,0.3,0.0,0.3,1,9,0,0.0,0.0,0.0,0.09
307,Moritz Jenz, GER,DF,Celtic,23,1999,6,6,540,6.0,0,0,0,0,0,0,1,0,0.3,0.3,0.0,0.3,7,29,0,0.0,0.0,0.0,0.04
308,Juan Jesus, BRA,DF,Napoli,31,1991,3,2,205,2.3,0,0,0,0,0,0,2,0,0.0,0.0,0.0,0.0,0,12,0,0.0,0.0,0.0,0.0
309,Erik Jirka, SVK,"FW,MF",Viktoria Plzeň,24,1997,6,2,266,3.0,0,0,0,0,0,0,0,0,0.3,0.3,0.2,0.5,4,8,11,0.0,0.0,0.0,0.16
310,Ísak Jóhannesson, ISL,"FW,MF",FC Copenhagen,19,2003,5,3,290,3.2,0,0,0,0,0,0,0,0,0.2,0.2,0.8,1.0,3,5,6,0.0,0.0,0.0,0.31
311,Curtis Jones, ENG,"FW,MF",Liverpool,21,2001,2,1,100,1.1,0,0,0,0,0,0,0,0,0.2,0.2,0.1,0.2,1,3,5,0.0,0.0,0.0,0.22
312,Frenkie de Jong, NED,MF,Barcelona,25,1997,4,2,237,2.6,0,0,0,0,0,0,0,0,0.0,0.0,0.2,0.2,17,20,5,0.0,0.0,0.0,0.06
313,Joan Jordán, ESP,MF,Sevilla,28,1994,6,2,260,2.9,0,0,0,0,0,0,1,0,0.0,0.0,0.1,0.1,0,20,4,0.0,0.0,0.0,0.05
314,Jorginho, ITA,MF,Chelsea,30,1991,6,4,418,4.6,1,0,1,0,1,1,0,0,0.9,0.1,0.3,0.4,9,40,6,0.22,0.0,0.0,0.25
315,Jota, POR,FW,Celtic,23,1999,4,3,285,3.2,2,0,2,2,0,0,0,0,0.9,0.9,0.5,1.4,16,11,45,0.63,0.0,0.63,0.45
316,Diogo Jota, POR,"FW,MF",Liverpool,25,1996,6,3,263,2.9,0,4,4,0,0,0,0,0,0.8,0.8,1.3,2.1,5,15,25,0.0,1.37,1.37,0.73
317,Vinicius Júnior, BRA,FW,Real Madrid,22,2000,12,11,972,10.8,7,6,13,7,0,0,1,0,6.5,6.5,2.7,9.2,70,20,130,0.65,0.56,1.2,0.85
318,Josip Juranović, CRO,DF,Celtic,26,1995,6,6,540,6.0,0,0,0,0,0,1,1,0,0.8,0.0,0.9,0.9,23,45,25,0.0,0.0,0.0,0.29
319,Jutglà, ESP,FW,Club Brugge,23,1999,8,6,511,5.7,2,2,4,1,1,1,0,0,1.8,1.0,1.4,2.4,7,7,32,0.35,0.35,0.53,0.57
320,Issa Kaboré, BFA,DF,Marseille,21,2001,4,0,113,1.3,0,0,0,0,0,0,0,0,0.0,0.0,0.0,0.0,5,4,12,0.0,0.0,0.0,0.02
321,Pierre Kalulu, FRA,DF,Milan,22,2000,10,8,751,8.3,0,0,0,0,0,0,0,0,0.0,0.0,0.2,0.2,13,35,7,0.0,0.0,0.0,0.03
322,Lukáš Kalvach, CZE,MF,Viktoria Plzeň,27,1995,6,6,492,5.5,0,0,0,0,0,0,1,0,0.3,0.3,0.6,0.9,2,24,5,0.0,0.0,0.0,0.16
323,Daichi Kamada, JPN,"MF,FW",Eint Frankfurt,25,1996,8,8,696,7.7,3,0,3,2,1,1,1,0,3.0,2.2,0.4,2.7,17,34,36,0.39,0.0,0.26,0.45
324,Glen Kamara, FIN,MF,Rangers,26,1995,4,1,127,1.4,0,0,0,0,0,0,0,0,0.0,0.0,0.1,0.1,1,3,0,0.0,0.0,0.0,0.07
325,Dijon Kameri, KVX,MF,RB Salzburg,18,2004,4,1,121,1.3,0,0,0,0,0,0,0,0,0.2,0.2,0.2,0.4,2,4,6,0.0,0.0,0.0,0.27
326,Kevin Kampl, SVN,MF,RB Leipzig,31,1990,5,3,273,3.0,0,0,0,0,0,0,1,0,0.0,0.0,0.1,0.1,1,23,3,0.0,0.0,0.0,0.04
327,Harry Kane, ENG,FW,Tottenham,29,1993,8,8,720,8.0,1,2,3,0,1,2,1,0,3.6,2.0,1.1,3.1,13,38,76,0.12,0.25,0.25,0.58
328,N'Golo Kanté, FRA,MF,Chelsea,31,1991,2,2,164,1.8,0,0,0,0,0,0,0,0,0.6,0.6,0.2,0.8,9,11,10,0.0,0.0,0.0,0.46
329,Mamoudou Karamoko, FRA,FW,FC Copenhagen,22,1999,1,1,45,0.5,0,0,0,0,0,0,0,0,0.0,0.0,0.0,0.0,0,0,0,0.0,0.0,0.0,0.0
330,Moise Kean, ITA,"FW,MF",Juventus,22,2000,5,1,111,1.2,1,0,1,1,0,0,0,0,1.4,1.4,0.0,1.4,6,5,8,0.81,0.0,0.81,1.17
331,Ryan Kent, ENG,"FW,MF",Rangers,25,1996,6,6,507,5.6,0,0,0,0,0,0,0,0,0.3,0.3,0.4,0.7,16,12,38,0.0,0.0,0.0,0.12
332,Franck Kessié, CIV,MF,Barcelona,25,1996,6,3,274,3.0,1,0,1,1,0,0,0,0,0.3,0.3,0.2,0.5,5,8,17,0.33,0.0,0.33,0.16
333,Davit Khocholava, GEO,DF,FC Copenhagen,29,1993,5,5,428,4.8,0,0,0,0,0,0,1,1,0.1,0.1,0.0,0.1,3,7,0,0.0,0.0,0.0,0.02
334,Joshua Kimmich, GER,MF,Bayern Munich,27,1995,9,9,810,9.0,1,3,4,0,1,1,3,0,1.7,0.9,2.5,3.4,8,82,5,0.11,0.33,0.33,0.46
335,Presnel Kimpembe, FRA,DF,Paris S-G,26,1995,3,1,147,1.6,0,0,0,0,0,0,1,0,0.0,0.0,0.0,0.0,1,1,0,0.0,0.0,0.0,0.0
336,Leon King, SCO,DF,Rangers,18,2004,6,3,374,4.2,0,0,0,0,0,0,0,0,0.1,0.1,0.0,0.1,0,11,0,0.0,0.0,0.0,0.02
337,Simon Kjær, DEN,DF,Milan,33,1989,6,6,508,5.6,0,0,0,0,0,0,0,0,0.3,0.3,0.2,0.4,2,14,0,0.0,0.0,0.0,0.08
338,Maurits Kjærgaard, DEN,MF,RB Salzburg,19,2003,6,6,495,5.5,0,0,0,0,0,0,0,0,0.6,0.6,1.4,2.0,14,17,16,0.0,0.0,0.0,0.36
339,Davy Klaassen, NED,MF,Ajax,29,1993,5,2,212,2.4,1,0,1,1,0,0,0,0,0.1,0.1,0.1,0.2,0,2,7,0.42,0.0,0.42,0.09
340,Jan Kliment, CZE,FW,Viktoria Plzeň,28,1993,1,0,45,0.5,1,0,1,1,0,0,0,0,0.1,0.1,0.0,0.1,0,2,2,2.0,0.0,2.0,0.21
341,Lukas Klostermann, GER,DF,RB Leipzig,26,1996,2,1,56,0.6,0,0,0,0,0,0,0,0,0.0,0.0,0.0,0.0,0,2,2,0.0,0.0,0.0,0.0
342,Ansgar Knauff, GER,"DF,FW",Eint Frankfurt,20,2002,6,3,293,3.3,0,1,1,0,0,0,0,0,0.5,0.5,0.5,1.0,10,7,9,0.0,0.31,0.31,0.3
343,Gregor Kobel, SUI,GK,Dortmund,24,1997,4,4,315,3.5,0,0,0,0,0,0,0,0,0.0,0.0,0.0,0.0,0,0,0,0.0,0.0,0.0,0.0
344,Philipp Köhn, SUI,GK,RB Salzburg,24,1998,6,6,540,6.0,0,0,0,0,0,0,0,0,0.0,0.0,0.0,0.0,0,0,0,0.0,0.0,0.0,0.0
345,Sekou Koita, MLI,FW,RB Salzburg,22,1999,2,0,20,0.2,0,0,0,0,0,0,0,0,0.0,0.0,0.0,0.0,0,0,2,0.0,0.0,0.0,0.19
346,Koke, ESP,MF,Atlético Madrid,30,1992,4,4,329,3.7,0,0,0,0,0,0,1,0,0.2,0.2,0.2,0.3,1,23,7,0.0,0.0,0.0,0.09
347,Sead Kolašinac, BIH,DF,Marseille,29,1993,4,1,151,1.7,0,0,0,0,0,0,0,0,0.3,0.3,0.0,0.3,5,10,8,0.0,0.0,0.0,0.21
348,Randal Kolo Muani, FRA,FW,Eint Frankfurt,23,1998,7,7,515,5.7,2,0,2,2,0,0,1,1,1.4,1.4,0.2,1.6,11,3,36,0.35,0.0,0.35,0.28
349,Ibrahima Konaté, FRA,DF,Liverpool,23,1999,3,3,258,2.9,0,0,0,0,0,0,1,0,0.0,0.0,0.1,0.1,1,3,0,0.0,0.0,0.0,0.04
350,Geoffrey Kondogbia, CTA,MF,Atlético Madrid,29,1993,3,2,225,2.5,0,0,0,0,0,0,2,0,0.3,0.3,0.0,0.3,2,15,2,0.0,0.0,0.0,0.13
351,Yukhym Konoplia, UKR,DF,Shakhtar,22,1999,5,5,418,4.6,0,0,0,0,0,0,2,0,0.0,0.0,0.2,0.2,6,14,12,0.0,0.0,0.0,0.04
352,Jan Kopic, CZE,"FW,MF",Viktoria Plzeň,32,1990,2,2,81,0.9,0,0,0,0,0,0,0,0,0.1,0.1,0.0,0.1,2,2,4,0.0,0.0,0.0,0.11
353,Odilon Kossonou, CIV,DF,Leverkusen,21,2001,5,5,428,4.8,0,0,0,0,0,0,1,0,0.1,0.1,0.1,0.2,8,26,4,0.0,0.0,0.0,0.05
354,Filip Kostić, SRB,"DF,FW",Juventus,29,1992,6,5,428,4.8,0,1,1,0,0,0,0,0,0.4,0.4,1.3,1.7,25,15,57,0.0,0.21,0.21,0.36
355,Kalidou Koulibaly, SEN,DF,Chelsea,31,1991,7,7,568,6.3,0,0,0,0,0,0,2,0,0.5,0.5,0.5,1.0,8,26,0,0.0,0.0,0.0,0.15
356,Jules Koundé, FRA,DF,Barcelona,23,1998,3,3,246,2.7,0,1,1,0,0,0,0,0,0.0,0.0,0.1,0.1,6,28,4,0.0,0.37,0.37,0.04
357,Mateo Kovačić, CRO,MF,Chelsea,28,1994,8,8,621,6.9,1,0,1,1,0,0,2,0,0.3,0.3,0.8,1.1,10,52,9,0.14,0.0,0.14,0.16
358,Adam Kronus, CZE,FW,Viktoria Plzeň,20,2002,1,0,3,0.0,0,0,0,0,0,0,0,0,0.1,0.1,0.0,0.1,0,0,0,0.0,0.0,0.0,3.61
359,Toni Kroos, GER,MF,Real Madrid,32,1990,12,10,842,9.4,0,2,2,0,0,0,2,0,0.3,0.3,0.9,1.2,8,88,8,0.0,0.21,0.21,0.13
360,Rade Krunić, BIH,"MF,FW",Milan,28,1993,11,9,823,9.1,1,0,1,1,0,0,4,0,0.9,0.9,0.0,0.9,8,27,11,0.11,0.0,0.11,0.1
361,Dmytro Kryskiv, UKR,MF,Shakhtar,21,2000,1,0,10,0.1,0,0,0,0,0,0,0,0,0.0,0.0,0.0,0.0,0,1,0,0.0,0.0,0.0,0.0
362,Serhiy Kryvtsov, UKR,DF,Shakhtar,31,1991,2,0,6,0.1,0,0,0,0,0,0,0,0,0.0,0.0,0.0,0.0,0,0,0,0.0,0.0,0.0,0.0
363,Dejan Kulusevski, SWE,"MF,DF",Tottenham,22,2000,4,2,200,2.2,0,0,0,0,0,0,0,0,0.2,0.2,0.3,0.5,8,5,27,0.0,0.0,0.0,0.21
364,Khvicha Kvaratskhelia, GEO,FW,Napoli,21,2001,9,9,692,7.7,2,4,6,1,1,3,0,0,5.7,3.3,2.4,5.7,52,19,82,0.26,0.52,0.65,1.05
365,Konrad Laimer, AUT,"MF,FW",RB Leipzig,25,1997,3,3,261,2.9,0,0,0,0,0,0,0,0,0.2,0.2,0.4,0.6,5,6,8,0.0,0.0,0.0,0.2
366,Érik Lamela, ARG,"FW,MF",Sevilla,30,1992,5,2,278,3.1,0,0,0,0,0,0,2,0,0.5,0.5,0.6,1.1,8,16,23,0.0,0.0,0.0,0.34
367,Noa Lang, NED,FW,Club Brugge,23,1999,4,4,290,3.2,0,0,0,0,0,1,1,0,0.8,0.1,0.1,0.2,15,12,25,0.0,0.0,0.0,0.31
368,Aymeric Laporte, ESP,DF,Manchester City,28,1994,4,3,292,3.2,0,0,0,0,0,0,1,0,0.0,0.0,0.1,0.1,7,15,0,0.0,0.0,0.0,0.02
369,Cyle Larin, CAN,"FW,MF",Club Brugge,27,1995,1,0,12,0.1,0,0,0,0,0,0,0,0,0.0,0.0,0.0,0.0,0,0,0,0.0,0.0,0.0,0.0
370,Rasmus Lauritsen, DEN,DF,Dinamo Zagreb,26,1996,1,0,15,0.2,0,0,0,0,0,0,0,0,0.0,0.0,0.0,0.0,0,0,0,0.0,0.0,0.0,0.0
371,Neta Lavi, ISR,MF,Maccabi Haifa,25,1996,6,5,469,5.2,0,0,0,0,0,0,2,0,0.0,0.0,0.3,0.3,12,29,3,0.0,0.0,0.0,0.07
372,Rafael Leão, POR,"FW,MF",Milan,23,1999,11,11,907,10.1,1,4,5,1,0,0,0,0,1.6,1.6,2.7,4.2,40,24,67,0.1,0.4,0.5,0.42
373,Thomas Lemar, FRA,MF,Atlético Madrid,26,1995,2,1,104,1.2,0,0,0,0,0,0,0,0,0.1,0.1,0.2,0.3,4,7,4,0.0,0.0,0.0,0.26
374,Clément Lenglet, FRA,DF,Tottenham,27,1995,7,6,508,5.6,1,0,1,1,0,0,3,0,0.2,0.2,0.4,0.6,10,27,10,0.18,0.0,0.18,0.11
375,Christopher Lenz, GER,DF,Eint Frankfurt,27,1994,5,4,225,2.5,0,0,0,0,0,0,1,0,0.3,0.3,0.2,0.4,3,3,11,0.0,0.0,0.0,0.18
376,Lukas Lerager, DEN,MF,FC Copenhagen,29,1993,6,5,450,5.0,0,0,0,0,0,0,2,0,0.7,0.7,0.2,0.9,2,14,10,0.0,0.0,0.0,0.19
377,Robert Lewandowski, POL,FW,Barcelona,33,1988,5,5,441,4.9,5,0,5,5,0,0,0,0,3.2,3.2,0.7,3.8,11,18,46,1.02,0.0,1.02,0.78
378,Rico Lewis, ENG,DF,Manchester City,17,2004,2,1,119,1.3,1,0,1,1,0,0,0,0,0.3,0.3,0.1,0.3,4,1,8,0.76,0.0,0.76,0.25
379,Matthijs de Ligt, NED,DF,Bayern Munich,22,1999,7,7,614,6.8,0,0,0,0,0,0,1,0,0.1,0.1,0.0,0.1,1,28,3,0.0,0.0,0.0,0.01
380,Jesper Lindstrøm, DEN,"MF,FW",Eint Frankfurt,22,2000,7,7,508,5.6,1,0,1,1,0,0,0,0,0.9,0.9,1.0,1.9,13,10,34,0.18,0.0,0.18,0.34
381,Dominik Livaković, CRO,GK,Dinamo Zagreb,27,1995,6,6,540,6.0,0,0,0,0,0,0,0,0,0.0,0.0,0.0,0.0,0,0,0,0.0,0.0,0.0,0.0
382,Robert Ljubicic, AUT,"FW,DF",Dinamo Zagreb,23,1999,6,6,540,6.0,1,0,1,1,0,0,1,0,0.3,0.3,0.1,0.4,21,32,25,0.17,0.0,0.17,0.06
383,Marcos Llorente, ESP,"MF,FW",Atlético Madrid,27,1995,3,3,212,2.4,0,0,0,0,0,0,0,0,0.0,0.0,0.1,0.1,9,9,14,0.0,0.0,0.0,0.05
384,Hugo Lloris, FRA,GK,Tottenham,35,1986,6,6,540,6.0,0,0,0,0,0,0,0,0,0.0,0.0,0.0,0.0,0,0,0,0.0,0.0,0.0,0.0
385,Danny Loader, ENG,"FW,MF",Porto,21,2000,3,0,52,0.6,0,0,0,0,0,0,0,0,0.3,0.3,0.0,0.3,2,1,3,0.0,0.0,0.0,0.44
386,Stanislav Lobotka, SVK,MF,Napoli,27,1994,10,10,873,9.7,0,0,0,0,0,0,0,0,0.1,0.1,0.3,0.4,13,44,11,0.0,0.0,0.0,0.04
387,Manuel Locatelli, ITA,MF,Juventus,24,1998,5,2,222,2.5,0,0,0,0,0,0,1,0,0.5,0.5,0.3,0.8,2,28,8,0.0,0.0,0.0,0.26
388,Ruben Loftus-Cheek, ENG,MF,Chelsea,26,1996,7,2,285,3.2,0,1,1,0,0,0,0,0,0.1,0.1,0.2,0.3,8,21,14,0.0,0.32,0.32,0.1
389,Pau López, ESP,GK,Marseille,27,1994,6,6,540,6.0,0,0,0,0,0,0,0,0,0.0,0.0,0.0,0.0,0,0,0,0.0,0.0,0.0,0.0
390,Alexander lowry, SCO,MF,Rangers,19,2003,1,0,8,0.1,0,0,0,0,0,0,0,0,0.0,0.0,0.0,0.0,0,0,0,0.0,0.0,0.0,0.0
391,Hirving Lozano, MEX,FW,Napoli,27,1995,9,4,467,5.2,1,1,2,1,0,0,0,0,1.3,1.3,1.7,3.0,24,12,54,0.19,0.19,0.39,0.58
392,Florentino Luís, POR,MF,Benfica,22,1999,10,10,859,9.5,0,0,0,0,0,0,2,0,0.4,0.4,0.0,0.4,2,42,10,0.0,0.0,0.0,0.04
393,Romelu Lukaku, BEL,FW,Inter,29,1993,8,0,185,2.1,3,1,4,2,1,1,1,0,2.7,1.9,0.6,2.5,9,9,19,1.46,0.49,1.46,1.6
394,John Lundstram, ENG,"MF,DF",Rangers,28,1994,5,5,450,5.0,0,0,0,0,0,0,3,0,0.2,0.2,0.1,0.2,0,12,3,0.0,0.0,0.0,0.05
395,Andriy Lunin, UKR,GK,Real Madrid,23,1999,2,2,180,2.0,0,0,0,0,0,0,0,0,0.0,0.0,0.0,0.0,0,0,0,0.0,0.0,0.0,0.0
396,Mahir Madatov, AZE,FW,Dinamo Zagreb,25,1997,1,0,21,0.2,0,0,0,0,0,0,0,0,0.0,0.0,0.2,0.2,0,0,1,0.0,0.0,0.0,0.72
397,Daizen Maeda, JPN,FW,Celtic,24,1997,6,3,330,3.7,0,0,0,0,0,0,1,0,1.4,1.4,0.7,2.2,3,4,25,0.0,0.0,0.0,0.6
398,Riyad Mahrez, ALG,"FW,MF",Manchester City,31,1991,9,6,506,5.6,3,2,5,2,1,3,0,0,3.5,1.1,1.8,2.9,25,15,63,0.53,0.36,0.71,0.94
399,Mike Maignan, FRA,GK,Milan,27,1995,7,7,630,7.0,0,0,0,0,0,0,1,0,0.0,0.0,0.0,0.0,0,0,0,0.0,0.0,0.0,0.0
400,Donyell Malen, NED,"FW,MF",Dortmund,23,1999,6,2,248,2.8,0,0,0,0,0,0,1,0,0.9,0.9,0.1,1.0,7,6,17,0.0,0.0,0.0,0.37
401,Reinildo Mandava, MOZ,DF,Atlético Madrid,28,1994,6,6,511,5.7,0,0,0,0,0,0,2,0,0.3,0.1,0.1,0.2,12,34,18,0.0,0.0,0.0,0.07
402,Sadio Mané, SEN,FW,Bayern Munich,30,1992,9,6,552,6.1,3,1,4,3,0,0,0,0,1.9,1.9,0.9,2.8,27,38,67,0.49,0.16,0.65,0.46
403,Iván Marcano, ESP,DF,Porto,35,1987,3,3,270,3.0,0,0,0,0,0,0,0,0,0.1,0.1,0.5,0.6,2,10,3,0.0,0.0,0.0,0.19
404,Marcão, BRA,DF,Sevilla,26,1996,3,3,223,2.5,0,0,0,0,0,0,0,0,0.0,0.0,0.0,0.0,2,11,0,0.0,0.0,0.0,0.0
405,José María Giménez, URU,DF,Atlético Madrid,27,1995,5,5,401,4.5,0,0,0,0,0,0,1,0,0.5,0.5,0.1,0.6,2,16,1,0.0,0.0,0.0,0.14
406,Mariano, DOM,FW,Real Madrid,28,1993,1,0,6,0.1,0,0,0,0,0,0,0,0,0.0,0.0,0.0,0.0,0,1,1,0.0,0.0,0.0,0.0
407,Antonio Marin, CRO,FW,Dinamo Zagreb,21,2001,1,0,7,0.1,0,0,0,0,0,0,1,0,0.0,0.0,0.0,0.0,0,1,0,0.0,0.0,0.0,0.0
408,João Mário, POR,FW,Benfica,29,1993,10,10,861,9.6,6,2,8,1,5,5,2,0,4.7,0.7,2.8,3.5,25,56,71,0.63,0.21,0.31,0.77
409,João Mário Lopes, POR,DF,Porto,22,2000,5,4,270,3.0,0,0,0,0,0,0,3,0,0.3,0.3,0.1,0.4,11,7,9,0.0,0.0,0.0,0.13
410,Marquinhos, BRA,DF,Paris S-G,28,1994,8,8,653,7.3,0,0,0,0,0,0,0,0,0.1,0.1,0.1,0.2,1,17,0,0.0,0.0,0.0,0.03
411,José Marsà, ESP,DF,Sporting CP,20,2002,2,0,101,1.1,0,0,0,0,0,0,0,0,0.0,0.0,0.0,0.0,0,0,0,0.0,0.0,0.0,0.0
412,Lautaro Martínez, ARG,FW,Inter,24,1997,13,12,997,11.1,3,3,6,3,0,0,3,0,2.9,2.9,1.8,4.7,11,28,50,0.27,0.27,0.54,0.43
413,Toni Martínez, ESP,FW,Porto,25,1997,7,0,113,1.3,0,0,0,0,0,0,0,0,0.4,0.4,0.1,0.5,4,1,10,0.0,0.0,0.0,0.43
414,Clinton Mata, ANG,DF,Club Brugge,29,1992,3,2,158,1.8,0,0,0,0,0,0,0,0,0.0,0.0,0.0,0.0,3,8,2,0.0,0.0,0.0,0.01
415,Pape Matar Sarr, SEN,MF,Tottenham,19,2002,1,1,90,1.0,0,0,0,0,0,0,0,0,0.1,0.1,0.0,0.1,1,4,0,0.0,0.0,0.0,0.09
416,Joël Matip, CMR,DF,Liverpool,30,1991,4,2,243,2.7,1,0,1,1,0,0,1,0,0.4,0.4,0.0,0.4,7,16,1,0.37,0.0,0.37,0.16
417,Rabbi Matondo, WAL,"MF,FW",Rangers,21,2000,5,0,97,1.1,0,0,0,0,0,0,0,0,0.1,0.1,0.0,0.1,5,0,10,0.0,0.0,0.0,0.06
418,Mykola Matviyenko, UKR,DF,Shakhtar,26,1996,6,6,540,6.0,0,0,0,0,0,0,1,0,0.0,0.0,0.0,0.0,2,6,0,0.0,0.0,0.0,0.0
419,Philipp Max, GER,DF,Eint Frankfurt,28,1993,2,1,113,1.3,0,0,0,0,0,0,0,0,0.0,0.0,0.1,0.1,3,5,9,0.0,0.0,0.0,0.05
420,Eric Maxim Choupo-Moting, CMR,FW,Bayern Munich,33,1989,7,5,435,4.8,4,0,4,4,0,0,0,0,2.6,2.6,0.3,2.9,5,11,31,0.83,0.0,0.83,0.6
421,Noussair Mazraoui, MAR,DF,Bayern Munich,24,1997,5,4,392,4.4,0,0,0,0,0,0,2,0,0.2,0.2,0.1,0.3,14,19,25,0.0,0.0,0.0,0.07
422,Kylian Mbappé, FRA,FW,Paris S-G,23,1998,8,7,651,7.2,7,3,10,6,1,1,0,0,3.6,2.8,1.1,3.9,45,32,93,0.97,0.41,1.24,0.65
423,Chancel Mbemba, COD,DF,Marseille,27,1994,5,5,406,4.5,2,1,3,2,0,0,0,1,0.4,0.4,0.3,0.7,12,18,13,0.44,0.22,0.67,0.16
424,James McCarthy, IRL,MF,Celtic,31,1990,1,0,9,0.1,0,0,0,0,0,0,0,0,0.0,0.0,0.0,0.0,0,2,0,0.0,0.0,0.0,0.0
425,Allan McGregor, SCO,GK,Rangers,40,1982,5,5,450,5.0,0,0,0,0,0,0,0,0,0.0,0.0,0.0,0.0,0,0,0,0.0,0.0,0.0,0.0
426,Callum McGregor, SCO,MF,Celtic,29,1993,3,3,216,2.4,0,0,0,0,0,0,0,0,0.1,0.1,0.2,0.3,2,23,7,0.0,0.0,0.0,0.12
427,Weston McKennie, USA,MF,Juventus,23,1998,5,4,360,4.0,2,0,2,2,0,0,1,0,0.6,0.6,0.0,0.6,7,13,13,0.5,0.0,0.5,0.15
428,Jon McLaughlin, SCO,GK,Rangers,34,1987,1,1,90,1.0,0,0,0,0,0,0,0,0,0.0,0.0,0.0,0.0,0,0,0,0.0,0.0,0.0,0.0
429,Brandon Mechele, BEL,DF,Club Brugge,29,1993,8,8,720,8.0,0,0,0,0,0,0,0,0,0.0,0.0,0.0,0.0,2,13,0,0.0,0.0,0.0,0.0
430,Bjorn Meijer, NED,DF,Club Brugge,19,2003,8,6,572,6.4,1,1,2,1,0,0,1,0,0.4,0.4,0.5,0.9,10,19,15,0.16,0.16,0.31,0.13
431,Raz Meir, ISR,"DF,MF",Maccabi Haifa,25,1996,2,1,83,0.9,0,0,0,0,0,0,0,0,0.0,0.0,0.0,0.0,1,1,6,0.0,0.0,0.0,0.0
432,Arthur Melo, BRA,MF,Liverpool,25,1996,1,0,14,0.2,0,0,0,0,0,0,0,0,0.1,0.1,0.0,0.1,1,1,4,0.0,0.0,0.0,0.45
433,Memphis, NED,FW,Barcelona,28,1994,1,0,16,0.2,0,0,0,0,0,0,0,0,0.0,0.0,0.0,0.0,0,3,3,0.0,0.0,0.0,0.0
434,Sun Menachem, ISR,DF,Maccabi Haifa,28,1993,4,0,59,0.7,0,0,0,0,0,0,1,0,0.0,0.0,0.0,0.0,1,4,5,0.0,0.0,0.0,0.0
435,Nuno Mendes, POR,"DF,MF",Paris S-G,20,2002,6,5,439,4.9,1,0,1,1,0,0,0,0,0.2,0.2,0.5,0.7,14,7,29,0.21,0.0,0.21,0.14
436,Edouard Mendy, SEN,GK,Chelsea,30,1992,1,1,90,1.0,0,0,0,0,0,0,0,0,0.0,0.0,0.0,0.0,0,0,0,0.0,0.0,0.0,0.0
437,Ferland Mendy, FRA,DF,Real Madrid,27,1995,5,4,347,3.9,0,0,0,0,0,0,1,0,0.0,0.0,0.3,0.3,7,22,11,0.0,0.0,0.0,0.09
438,Alex Meret, ITA,GK,Napoli,25,1997,10,10,900,10.0,0,0,0,0,0,0,0,0,0.0,0.0,0.0,0.0,0,0,0,0.0,0.0,0.0,0.0
439,Lionel Messi, ARG,"FW,MF",Paris S-G,35,1987,7,7,613,6.8,4,4,8,4,0,0,0,0,2.6,2.6,2.2,4.8,25,53,28,0.59,0.59,1.17,0.71
440,Junior Messias, BRA,"FW,DF",Milan,31,1991,9,2,316,3.5,1,0,1,1,0,0,0,0,0.4,0.4,0.4,0.8,16,6,26,0.28,0.0,0.28,0.23
441,Thomas Meunier, BEL,DF,Dortmund,30,1991,4,4,352,3.9,0,1,1,0,0,0,1,0,0.1,0.1,0.8,0.9,15,11,27,0.0,0.26,0.26,0.23
442,Alexander Meyer, GER,GK,Dortmund,31,1991,5,4,405,4.5,0,0,0,0,0,0,0,0,0.0,0.0,0.0,0.0,0,0,0,0.0,0.0,0.0,0.0
443,Simon Mignolet, BEL,GK,Club Brugge,34,1988,8,8,720,8.0,0,0,0,0,0,0,2,0,0.0,0.0,0.0,0.0,0,0,0,0.0,0.0,0.0,0.0
444,Arkadiusz Milik, POL,FW,Juventus,28,1994,5,3,338,3.8,2,0,2,2,0,0,1,0,0.4,0.4,0.5,1.0,6,6,23,0.53,0.0,0.53,0.26
445,Éder Militão, BRA,DF,Real Madrid,24,1998,9,9,747,8.3,1,0,1,1,0,0,3,0,0.5,0.5,0.0,0.5,7,17,3,0.12,0.0,0.12,0.06
446,James Milner, ENG,MF,Liverpool,36,1986,8,3,242,2.7,0,0,0,0,0,0,1,0,0.0,0.0,0.0,0.1,4,22,13,0.0,0.0,0.0,0.03
447,Kim Min-jae, KOR,DF,Napoli,25,1996,9,9,785,8.7,0,0,0,0,0,0,3,0,0.0,0.0,0.0,0.1,9,36,0,0.0,0.0,0.0,0.01
448,Rafa Mir, ESP,"MF,FW",Sevilla,25,1997,3,1,156,1.7,1,0,1,1,0,0,1,0,0.5,0.5,0.0,0.5,3,2,11,0.58,0.0,0.58,0.27
449,Fabio Miretti, ITA,"MF,FW",Juventus,18,2003,5,3,212,2.4,0,0,0,0,0,0,2,0,0.3,0.3,0.0,0.3,6,15,13,0.0,0.0,0.0,0.15
450,Josip Mišić, CRO,MF,Dinamo Zagreb,28,1994,6,6,519,5.8,0,0,0,0,0,0,1,0,0.1,0.1,0.0,0.2,6,29,0,0.0,0.0,0.0,0.03
451,Henrikh Mkhitaryan, ARM,MF,Inter,33,1989,13,11,906,10.1,2,0,2,2,0,0,2,0,1.7,1.7,0.3,2.1,18,42,25,0.2,0.0,0.2,0.21
452,Anthony Modeste, FRA,FW,Dortmund,34,1988,7,4,339,3.8,0,0,0,0,0,0,1,0,0.6,0.6,0.0,0.6,1,4,14,0.0,0.0,0.0,0.16
453,Luka Modrić, CRO,MF,Real Madrid,36,1985,10,9,743,8.3,2,1,3,1,1,1,0,0,1.3,0.5,1.1,1.6,15,52,26,0.24,0.12,0.24,0.29
454,Ali Mohamed, NIG,MF,Maccabi Haifa,26,1995,5,5,356,4.0,0,0,0,0,0,0,0,0,0.0,0.0,0.0,0.0,5,33,13,0.0,0.0,0.0,0.01
455,Kudus Mohammed, GHA,FW,Ajax,21,2000,6,5,448,5.0,4,3,7,4,0,0,1,0,1.8,1.8,0.3,2.1,6,9,24,0.8,0.6,1.41,0.42
456,Sadegh Moharrami, IRN,"FW,DF",Dinamo Zagreb,26,1996,6,5,408,4.5,0,0,0,0,0,0,2,0,0.0,0.0,0.4,0.5,20,17,21,0.0,0.0,0.0,0.1
457,Nahuel Molina, ARG,"DF,MF",Atlético Madrid,24,1998,6,6,467,5.2,0,0,0,0,0,0,0,0,0.2,0.2,0.8,0.9,12,23,59,0.0,0.0,0.0,0.18
458,Gonzalo Montiel, ARG,DF,Sevilla,25,1997,4,2,226,2.5,1,0,1,1,0,0,2,0,0.1,0.1,0.2,0.4,3,12,19,0.4,0.0,0.4,0.15
459,Aaron Mooy, AUS,MF,Celtic,31,1990,5,1,153,1.7,0,0,0,0,0,0,0,0,0.1,0.1,0.1,0.2,1,12,15,0.0,0.0,0.0,0.12
460,Álvaro Morata, ESP,FW,Atlético Madrid,29,1992,5,4,294,3.3,0,0,0,0,0,0,0,0,1.0,1.0,0.1,1.1,2,5,17,0.0,0.0,0.0,0.34
461,Morato, BRA,DF,Benfica,21,2001,2,1,107,1.2,0,0,0,0,0,0,0,0,0.0,0.0,0.0,0.0,0,8,1,0.0,0.0,0.0,0.02
462,Alfredo Morelos, COL,FW,Rangers,26,1996,5,3,256,2.8,0,0,0,0,0,0,1,0,1.6,1.6,0.1,1.7,2,3,15,0.0,0.0,0.0,0.6
463,Hidemasa Morita, JPN,MF,Sporting CP,27,1995,5,5,331,3.7,0,1,1,0,0,0,2,0,0.1,0.1,0.2,0.2,4,15,2,0.0,0.27,0.27,0.06
464,Jhon Mosquera, COL,"FW,MF",Viktoria Plzeň,32,1990,5,5,431,4.8,0,1,1,0,0,0,3,0,0.4,0.4,0.4,0.7,10,7,22,0.0,0.21,0.21,0.15
465,Youssoufa Moukoko, GER,"FW,MF",Dortmund,17,2004,6,2,242,2.7,0,2,2,0,0,0,0,0,2.1,2.1,0.4,2.4,5,8,14,0.0,0.74,0.74,0.91
466,Mason Mount, ENG,MF,Chelsea,23,1999,9,5,441,4.9,0,2,2,0,0,0,3,0,0.8,0.8,0.8,1.6,8,40,41,0.0,0.41,0.41,0.33
467,Lucas Moura, BRA,"FW,MF",Tottenham,29,1992,3,2,175,1.9,0,0,0,0,0,0,0,0,0.0,0.0,0.3,0.3,5,4,13,0.0,0.0,0.0,0.15
468,Mykhailo Mudryk, UKR,"FW,DF",Chelsea,21,2001,2,1,94,1.0,0,0,0,0,0,0,1,0,0.1,0.1,0.1,0.2,2,1,7,0.0,0.0,0.0,0.18
469,Mykhailo Mudryk, UKR,MF,Shakhtar,21,2001,6,6,516,5.7,3,2,5,3,0,0,2,0,1.1,1.1,0.7,1.8,25,14,30,0.52,0.35,0.87,0.32
470,Paul Mukairu, NGA,FW,FC Copenhagen,22,2000,3,0,44,0.5,0,0,0,0,0,0,0,0,0.3,0.3,0.0,0.3,2,0,3,0.0,0.0,0.0,0.55
471,Nordi Mukiele, FRA,"DF,MF",Paris S-G,24,1997,4,1,111,1.2,0,0,0,0,0,0,0,0,0.0,0.0,0.0,0.0,2,1,15,0.0,0.0,0.0,0.02
472,Thomas Müller, GER,"MF,FW",Bayern Munich,32,1989,8,4,367,4.1,1,1,2,1,0,0,0,0,1.3,1.3,0.3,1.6,6,23,26,0.25,0.25,0.49,0.4
473,Petar Musa, CRO,FW,Benfica,24,1998,5,0,129,1.4,2,0,2,2,0,0,1,0,0.5,0.5,0.1,0.6,4,5,12,1.4,0.0,1.4,0.43
474,Jamal Musiala, GER,"MF,FW",Bayern Munich,19,2003,9,7,528,5.9,0,2,2,0,0,0,0,0,1.5,1.5,1.9,3.4,19,44,32,0.0,0.34,0.34,0.58
475,Bohdan Mykhaylychenko, UKR,DF,Shakhtar,25,1997,4,4,360,4.0,0,2,2,0,0,0,1,0,0.1,0.1,0.3,0.4,8,10,16,0.0,0.5,0.5,0.11
476,Obite N'Dicka, FRA,DF,Eint Frankfurt,22,1999,8,8,720,8.0,0,1,1,0,0,0,2,0,0.1,0.1,0.1,0.2,11,15,5,0.0,0.12,0.12,0.02
477,Nacho, ESP,DF,Real Madrid,32,1990,8,4,440,4.9,0,0,0,0,0,0,0,0,0.0,0.0,0.1,0.1,6,14,5,0.0,0.0,0.0,0.03
478,Jesús Navas, ESP,"DF,MF",Sevilla,36,1985,3,3,224,2.5,0,0,0,0,0,0,0,0,0.0,0.0,0.1,0.1,6,5,22,0.0,0.0,0.0,0.04
479,Flávio Nazinho, POR,"DF,MF",Sporting CP,19,2003,3,0,120,1.3,0,0,0,0,0,0,0,0,0.4,0.4,0.0,0.5,1,0,4,0.0,0.0,0.0,0.35
480,Tanguy Ndombele, FRA,MF,Napoli,25,1996,9,3,373,4.1,1,1,2,1,0,0,0,0,0.9,0.9,1.4,2.3,11,25,12,0.24,0.24,0.48,0.56
481,David Neres, BRA,"FW,MF",Benfica,25,1997,9,4,444,4.9,3,1,4,3,0,0,2,0,1.9,1.9,1.2,3.1,24,23,47,0.61,0.2,0.81,0.63
482,Luís Neto, POR,DF,Sporting CP,34,1988,1,0,39,0.4,0,0,0,0,0,0,0,0,0.1,0.1,0.0,0.1,0,1,0,0.0,0.0,0.0,0.21
483,Manuel Neuer, GER,GK,Bayern Munich,36,1986,3,3,270,3.0,0,0,0,0,0,0,0,0,0.0,0.0,0.0,0.0,0,0,0,0.0,0.0,0.0,0.0
484,João Neves, POR,"FW,MF",Benfica,17,2004,3,0,29,0.3,0,1,1,0,0,0,0,0,0.0,0.0,0.1,0.1,1,2,2,0.0,3.1,3.1,0.24
485,Neymar, BRA,"MF,FW",Paris S-G,30,1992,6,6,539,6.0,2,2,4,2,0,0,4,0,2.1,2.1,1.6,3.6,37,57,31,0.33,0.33,0.67,0.61
486,Tanguy Nianzou, FRA,DF,Sevilla,20,2002,2,2,180,2.0,1,0,1,1,0,0,0,0,0.1,0.1,0.4,0.5,2,6,0,0.5,0.0,0.5,0.27
487,Casper Nielsen, DEN,MF,Club Brugge,28,1994,8,7,645,7.2,0,1,1,0,0,0,2,0,0.5,0.5,0.6,1.2,2,19,11,0.0,0.14,0.14,0.16
488,Saúl Ñíguez, ESP,"MF,DF",Atlético Madrid,27,1994,5,4,281,3.1,0,0,0,0,0,0,0,0,0.6,0.2,0.1,0.3,5,11,14,0.0,0.0,0.0,0.21
489,Christopher Nkunku, FRA,"MF,FW",RB Leipzig,24,1997,7,6,562,6.2,3,1,4,3,0,0,1,0,1.6,1.6,2.5,4.1,15,23,51,0.48,0.16,0.64,0.66
490,Hugo Novoa, ESP,MF,RB Leipzig,19,2003,1,0,3,0.0,0,0,0,0,0,0,0,0,0.0,0.0,0.0,0.0,0,1,1,0.0,0.0,0.0,0.0
491,Darwin Núñez, URU,FW,Liverpool,23,1999,8,5,399,4.4,4,1,5,4,0,0,1,0,5.0,5.0,0.1,5.1,13,5,50,0.9,0.23,1.13,1.14
492,Antonio Nusa, NOR,FW,Club Brugge,17,2005,4,0,57,0.6,1,0,1,1,0,0,0,0,0.3,0.3,0.0,0.3,6,2,6,1.58,0.0,1.58,0.45
493,Matt O'Riley, DEN,MF,Celtic,21,2000,6,6,481,5.3,0,0,0,0,0,0,2,0,0.9,0.9,0.5,1.4,7,30,27,0.0,0.0,0.0,0.26
494,Jan Oblak, SVN,GK,Atlético Madrid,29,1993,5,5,450,5.0,0,0,0,0,0,0,0,0,0.0,0.0,0.0,0.0,0,0,0,0.0,0.0,0.0,0.0
495,Lucas Ocampos, ARG,FW,Ajax,28,1994,2,0,17,0.2,0,0,0,0,0,0,0,0,0.1,0.1,0.0,0.1,0,0,1,0.0,0.0,0.0,0.3
496,Oleh Ocheretko, UKR,MF,Shakhtar,19,2003,1,0,14,0.2,0,0,0,0,0,0,0,0,0.1,0.1,0.0,0.1,1,1,0,0.0,0.0,0.0,0.44
497,Denis Odoi, GHA,"DF,MF",Club Brugge,34,1988,7,6,523,5.8,0,0,0,0,0,0,4,0,0.1,0.1,0.1,0.1,8,29,4,0.0,0.0,0.0,0.02
498,Noah Okafor, SUI,FW,RB Salzburg,22,2000,6,6,465,5.2,3,0,3,2,1,1,1,0,1.7,0.9,0.5,1.5,13,7,34,0.58,0.0,0.39,0.43
499,Mathías Olivera, URU,DF,Napoli,24,1997,8,5,514,5.7,0,2,2,0,0,0,1,0,0.6,0.6,0.7,1.3,11,26,15,0.0,0.35,0.35,0.23
500,Dani Olmo, ESP,"FW,MF",RB Leipzig,24,1998,3,0,65,0.7,0,0,0,0,0,0,0,0,0.1,0.1,0.1,0.2,3,3,4,0.0,0.0,0.0,0.26
501,André Onana, CMR,GK,Inter,26,1996,13,13,"1,170",13.0,0,0,0,0,0,0,2,0,0.0,0.0,0.0,0.0,0,0,0,0.0,0.0,0.0,0.0
502,Raphael Onyedika, NGA,MF,Club Brugge,21,2001,7,6,567,6.3,0,0,0,0,0,0,3,0,0.6,0.6,0.1,0.7,4,19,4,0.0,0.0,0.0,0.12
503,Willi Orban, HUN,DF,RB Leipzig,29,1992,8,8,720,8.0,0,0,0,0,0,0,0,0,0.4,0.4,0.1,0.6,3,33,1,0.0,0.0,0.0,0.07
504,Divock Origi, BEL,FW,Milan,27,1995,8,0,154,1.7,0,0,0,0,0,0,1,0,0.7,0.7,0.2,0.9,5,4,9,0.0,0.0,0.0,0.51
505,Mislav Oršić, CRO,FW,Dinamo Zagreb,29,1992,6,6,490,5.4,2,0,2,2,0,0,1,0,1.1,1.1,0.3,1.4,13,15,43,0.37,0.0,0.37,0.25
506,Stefan Ortega, GER,GK,Manchester City,29,1992,2,2,180,2.0,0,0,0,0,0,0,0,0,0.0,0.0,0.0,0.0,0,0,0,0.0,0.0,0.0,0.0
507,Victor Osimhen, NGA,FW,Napoli,23,1998,6,5,421,4.7,5,0,5,5,0,1,1,0,4.9,4.1,0.5,4.6,10,7,25,1.07,0.0,1.07,1.16
508,Nicolás Otamendi, ARG,DF,Benfica,34,1988,9,9,793,8.8,0,1,1,0,0,0,3,0,0.3,0.3,0.6,0.9,3,24,2,0.0,0.11,0.11,0.1
509,Otávio, POR,MF,Porto,27,1995,7,6,526,5.8,0,2,2,0,0,0,3,1,0.7,0.7,1.5,2.2,8,32,12,0.0,0.34,0.34,0.37
510,Alex Oxlade-Chamberlain, ENG,MF,Liverpool,28,1993,1,0,18,0.2,0,0,0,0,0,0,0,0,0.0,0.0,0.0,0.0,1,0,0,0.0,0.0,0.0,0.0
511,Salih Özcan, TUR,MF,Dortmund,24,1998,7,7,541,6.0,0,1,1,0,0,0,4,0,0.1,0.1,0.8,0.9,6,22,8,0.0,0.17,0.17,0.14
512,Exequiel Palacios, ARG,MF,Leverkusen,23,1998,2,1,90,1.0,0,0,0,0,0,0,2,0,0.0,0.0,0.0,0.0,3,7,3,0.0,0.0,0.0,0.01
513,Cole Palmer, ENG,"MF,FW",Manchester City,20,2002,4,1,138,1.5,0,0,0,0,0,0,0,0,0.3,0.3,0.0,0.3,10,4,11,0.0,0.0,0.0,0.17
514,Antonios Papadopoulos, GER,"MF,FW",Dortmund,22,1999,2,0,10,0.1,0,0,0,0,0,0,0,0,0.0,0.0,0.0,0.0,0,0,0,0.0,0.0,0.0,0.0
515,Leandro Paredes, ARG,MF,Juventus,28,1994,4,4,354,3.9,0,1,1,0,0,0,1,0,0.1,0.1,0.2,0.3,5,29,4,0.0,0.25,0.25,0.1
516,Felix Passlack, GER,DF,Dortmund,24,1998,1,1,90,1.0,0,1,1,0,0,0,0,0,0.0,0.0,0.0,0.0,3,8,15,0.0,1.0,1.0,0.0
517,Remko Pasveer, NED,GK,Ajax,38,1983,6,6,540,6.0,0,0,0,0,0,0,0,0,0.0,0.0,0.0,0.0,0,0,0,0.0,0.0,0.0,0.0
518,Paulinho, POR,FW,Sporting CP,29,1992,5,2,236,2.6,1,0,1,1,0,0,1,0,0.3,0.3,0.1,0.4,3,10,8,0.38,0.0,0.38,0.14
519,Paulinho, BRA,FW,Leverkusen,22,2000,2,0,49,0.5,0,0,0,0,0,0,1,0,0.3,0.3,0.1,0.4,3,2,5,0.0,0.0,0.0,0.69
520,Benjamin Pavard, FRA,DF,Bayern Munich,26,1996,9,7,592,6.6,2,0,2,2,0,0,4,1,1.1,1.1,0.2,1.3,7,53,20,0.3,0.0,0.3,0.19
521,Strahinja Pavlović, SRB,DF,RB Salzburg,21,2001,6,6,540,6.0,0,0,0,0,0,0,2,0,0.3,0.3,0.2,0.4,9,20,2,0.0,0.0,0.0,0.07
522,Dimitri Payet, FRA,MF,Marseille,35,1987,2,1,77,0.9,0,0,0,0,0,0,0,0,0.1,0.1,0.1,0.2,2,9,14,0.0,0.0,0.0,0.25
523,Pedri, ESP,"MF,FW",Barcelona,19,2002,5,5,401,4.5,0,0,0,0,0,0,0,0,0.9,0.9,0.8,1.7,16,35,30,0.0,0.0,0.0,0.39
524,Luca Pellegrini, ITA,"DF,MF",Eint Frankfurt,23,1999,4,1,201,2.2,0,0,0,0,0,0,1,0,0.1,0.1,0.1,0.2,4,10,14,0.0,0.0,0.0,0.09
525,Iñaki Peña, ESP,GK,Barcelona,23,1999,1,1,90,1.0,0,0,0,0,0,0,0,0,0.0,0.0,0.0,0.0,0,0,0,0.0,0.0,0.0,0.0
526,Pepe, POR,DF,Porto,39,1983,4,4,360,4.0,0,0,0,0,0,0,0,0,0.0,0.0,0.0,0.0,0,10,0,0.0,0.0,0.0,0.01
527,Pepê, BRA,"DF,FW",Porto,25,1997,8,8,685,7.6,0,0,0,0,0,0,4,1,0.3,0.3,1.2,1.4,21,32,26,0.0,0.0,0.0,0.19
528,Danilo Pereira, POR,"DF,MF",Paris S-G,30,1991,7,5,450,5.0,0,0,0,0,0,0,0,0,0.0,0.0,0.0,0.0,3,19,1,0.0,0.0,0.0,0.01
529,Dino Perić, CRO,DF,Dinamo Zagreb,28,1994,6,6,540,6.0,0,0,0,0,0,0,0,0,0.0,0.0,0.1,0.1,1,15,2,0.0,0.0,0.0,0.02
530,Mattia Perin, ITA,GK,Juventus,29,1992,2,2,180,2.0,0,0,0,0,0,0,1,0,0.0,0.0,0.0,0.0,0,0,0,0.0,0.0,0.0,0.0
531,Ivan Perišić, CRO,"DF,MF",Tottenham,33,1989,7,7,572,6.4,0,3,3,0,0,0,0,0,0.2,0.2,1.3,1.5,21,22,48,0.0,0.47,0.47,0.24
532,Luděk Pernica, CZE,DF,Viktoria Plzeň,32,1990,6,5,495,5.5,0,0,0,0,0,0,2,0,0.3,0.3,0.0,0.3,0,6,0,0.0,0.0,0.0,0.05
533,Bruno Petković, CRO,FW,Dinamo Zagreb,27,1994,6,6,490,5.4,1,2,3,1,0,0,1,0,0.5,0.5,1.1,1.6,4,13,32,0.18,0.37,0.55,0.29
534,Ivan Petryak, UKR,MF,Shakhtar,28,1994,6,1,180,2.0,0,0,0,0,0,0,0,0,0.1,0.1,0.1,0.2,5,2,16,0.0,0.0,0.0,0.08
535,Kalvin Phillips, ENG,MF,Manchester City,26,1995,3,0,41,0.5,0,0,0,0,0,0,0,0,0.0,0.0,0.0,0.0,1,5,0,0.0,0.0,0.0,0.0
536,Frantzdy Pierrot, HAI,FW,Maccabi Haifa,27,1995,6,6,481,5.3,0,2,2,0,0,0,1,0,0.7,0.7,0.4,1.1,8,2,20,0.0,0.37,0.37,0.2
537,Václav Pilař, CZE,"FW,MF",Viktoria Plzeň,33,1988,5,1,123,1.4,0,0,0,0,0,0,0,0,0.3,0.3,0.0,0.3,4,2,10,0.0,0.0,0.0,0.21
538,Rodrigo Pinho, BRA,FW,Benfica,31,1991,2,0,15,0.2,0,0,0,0,0,0,0,0,0.0,0.0,0.0,0.0,1,0,0,0.0,0.0,0.0,0.0
539,Gerard Piqué, ESP,DF,Barcelona,35,1987,4,2,258,2.9,0,0,0,0,0,0,0,0,0.0,0.0,0.0,0.0,1,11,1,0.0,0.0,0.0,0.0
540,Tommaso Pobega, ITA,MF,Milan,23,1999,8,0,163,1.8,1,0,1,1,0,0,1,0,0.6,0.6,0.1,0.7,2,7,4,0.55,0.0,0.55,0.4
541,Suf Podgoreanu, ISR,DF,Maccabi Haifa,20,2002,1,0,12,0.1,0,0,0,0,0,0,0,0,0.0,0.0,0.0,0.0,0,0,0,0.0,0.0,0.0,0.0
542,Matteo Politano, ITA,FW,Napoli,28,1993,9,6,403,4.5,1,1,2,0,1,1,2,0,1.2,0.5,0.6,1.1,28,25,47,0.22,0.22,0.22,0.42
543,Pedro Porro, ESP,"DF,MF",Sporting CP,22,1999,5,4,392,4.4,0,1,1,0,0,0,1,0,0.1,0.1,0.5,0.7,11,8,21,0.0,0.23,0.23,0.15
544,Pedro Porro, ESP,DF,Tottenham,22,1999,1,0,38,0.4,0,0,0,0,0,0,0,0,0.1,0.1,0.2,0.2,1,5,3,0.0,0.0,0.0,0.54
545,Yussuf Poulsen, DEN,"FW,MF",RB Leipzig,28,1994,5,0,72,0.8,0,0,0,0,0,0,0,0,0.0,0.0,0.0,0.0,0,1,1,0.0,0.0,0.0,0.0
546,Christian Pulisic, USA,"DF,FW",Chelsea,23,1998,5,1,113,1.3,0,1,1,0,0,0,0,0,0.2,0.2,1.0,1.2,6,9,11,0.0,0.8,0.8,0.92
547,Adrien Rabiot, FRA,MF,Juventus,27,1995,5,5,446,5.0,2,0,2,2,0,0,0,0,0.6,0.6,0.1,0.7,13,32,24,0.4,0.0,0.4,0.15
548,Ivan Rakitić, CRO,MF,Sevilla,34,1988,6,6,418,4.6,0,1,1,0,0,0,0,0,0.2,0.2,0.2,0.4,3,26,14,0.0,0.22,0.22,0.09
549,Gonçalo Ramos, POR,FW,Benfica,21,2001,10,10,712,7.9,3,1,4,3,0,0,2,0,3.8,3.8,0.7,4.6,6,10,32,0.38,0.13,0.51,0.58
550,Sergio Ramos, ESP,DF,Paris S-G,36,1986,8,8,720,8.0,0,0,0,0,0,0,2,0,0.3,0.3,0.0,0.3,3,24,4,0.0,0.0,0.0,0.04
551,Calvin Ramsay, SCO,DF,Liverpool,19,2003,1,0,4,0.0,0,0,0,0,0,0,0,0,0.0,0.0,0.0,0.0,0,0,0,0.0,0.0,0.0,0.0
552,Raphinha, BRA,FW,Barcelona,25,1996,5,4,294,3.3,0,2,2,0,0,0,0,0,0.5,0.5,1.1,1.6,9,17,37,0.0,0.61,0.61,0.48
553,Giacomo Raspadori, ITA,FW,Napoli,22,2000,7,3,250,2.8,4,3,7,4,0,0,1,0,1.0,1.0,0.6,1.5,5,10,18,1.44,1.08,2.52,0.55
554,David Raum, GER,DF,RB Leipzig,24,1998,8,6,531,5.9,0,0,0,0,0,0,0,0,0.0,0.0,0.8,0.8,15,13,42,0.0,0.0,0.0,0.14
555,Ante Rebić, CRO,"FW,MF",Milan,28,1993,7,2,249,2.8,0,0,0,0,0,0,0,0,0.8,0.8,0.4,1.2,10,16,27,0.0,0.0,0.0,0.44
556,Matheus Reis, BRA,DF,Sporting CP,27,1995,6,5,509,5.7,0,0,0,0,0,0,2,0,0.1,0.1,0.2,0.3,5,13,7,0.0,0.0,0.0,0.05
557,Karim Rekik, NED,DF,Sevilla,27,1994,1,1,90,1.0,0,0,0,0,0,0,0,0,0.0,0.0,0.0,0.0,1,0,0,0.0,0.0,0.0,0.0
558,Devyne Rensch, NED,DF,Ajax,19,2003,4,3,287,3.2,0,0,0,0,0,0,1,0,0.5,0.5,0.0,0.6,6,6,16,0.0,0.0,0.0,0.18
559,Marco Reus, GER,"MF,FW",Dortmund,33,1989,3,3,262,2.9,1,1,2,1,0,0,0,0,0.9,0.9,0.8,1.7,6,9,14,0.34,0.34,0.69,0.57
560,Gio Reyna, USA,"FW,MF",Dortmund,19,2002,6,3,383,4.3,0,2,2,0,0,0,0,0,0.2,0.2,1.1,1.3,8,14,24,0.0,0.47,0.47,0.31
561,Richarlison, BRA,"MF,FW",Tottenham,25,1997,6,4,365,4.1,2,0,2,2,0,0,0,0,1.2,1.2,0.8,1.9,9,12,30,0.49,0.0,0.49,0.48
562,Stefan Ristovski, MKD,DF,Dinamo Zagreb,30,1992,5,5,370,4.1,0,0,0,0,0,0,1,0,0.1,0.1,0.1,0.2,9,18,9,0.0,0.0,0.0,0.05
563,Mats Rits, BEL,MF,Club Brugge,29,1993,1,0,17,0.2,0,0,0,0,0,0,0,0,0.0,0.0,0.0,0.0,0,0,0,0.0,0.0,0.0,0.0
564,Sergi Roberto, ESP,DF,Barcelona,30,1992,3,3,206,2.3,0,2,2,0,0,0,1,0,0.1,0.1,0.8,0.9,5,25,20,0.0,0.87,0.87,0.41
565,Andrew Robertson, SCO,DF,Liverpool,28,1994,5,4,378,4.2,0,2,2,0,0,0,0,0,0.1,0.1,0.5,0.6,9,17,29,0.0,0.48,0.48,0.15
566,Rochinha, POR,"MF,FW",Sporting CP,27,1995,1,0,18,0.2,0,0,0,0,0,0,0,0,0.0,0.0,0.1,0.1,0,1,1,0.0,0.0,0.0,0.46
567,Sebastian Rode, GER,MF,Eint Frankfurt,31,1990,6,3,299,3.3,0,1,1,0,0,0,0,0,0.2,0.2,0.8,1.0,7,19,6,0.0,0.3,0.3,0.31
568,Rodri, ESP,MF,Manchester City,26,1996,12,11,995,11.1,2,0,2,2,0,0,1,0,0.9,0.9,0.6,1.5,22,87,6,0.18,0.0,0.18,0.13
569,Rodrygo, BRA,FW,Real Madrid,21,2001,12,10,819,9.1,5,2,7,3,2,2,0,0,4.5,3.1,1.5,4.6,38,21,82,0.55,0.22,0.55,0.67
570,Cristian Romero, ARG,DF,Tottenham,24,1998,7,7,598,6.6,0,0,0,0,0,0,4,1,0.3,0.3,0.1,0.4,9,32,8,0.0,0.0,0.0,0.05
571,Valentin Rongier, FRA,MF,Marseille,27,1994,6,5,471,5.2,0,0,0,0,0,0,0,0,0.4,0.4,0.1,0.5,10,45,9,0.0,0.0,0.0,0.09
572,Tom Rothe, GER,DF,Dortmund,17,2004,3,1,61,0.7,0,0,0,0,0,0,0,0,0.0,0.0,0.0,0.0,0,6,4,0.0,0.0,0.0,0.0
573,Amir Rrahmani, KVX,DF,Napoli,28,1994,7,7,613,6.8,0,0,0,0,0,0,2,0,0.2,0.2,0.0,0.2,2,24,1,0.0,0.0,0.0,0.03
574,Antonio Rüdiger, GER,DF,Real Madrid,29,1993,10,6,678,7.5,1,0,1,1,0,0,0,0,0.3,0.3,0.4,0.7,3,15,0,0.13,0.0,0.13,0.09
575,Daniele Rugani, ITA,DF,Juventus,28,1994,1,1,90,1.0,0,0,0,0,0,0,0,0,0.1,0.1,0.0,0.1,0,1,1,0.0,0.0,0.0,0.15
576,Mário Rui, POR,DF,Napoli,31,1991,6,5,386,4.3,0,1,1,0,0,0,1,0,0.4,0.4,0.4,0.8,12,24,17,0.0,0.23,0.23,0.18
577,Fabián Ruiz Peña, ESP,MF,Paris S-G,26,1996,7,3,238,2.6,0,0,0,0,0,0,1,0,0.3,0.3,0.2,0.5,4,15,15,0.0,0.0,0.0,0.2
578,Nikita Rukavytsya, AUS,"FW,MF",Maccabi Haifa,35,1987,6,0,47,0.5,0,0,0,0,0,0,0,0,0.1,0.1,0.0,0.1,3,1,3,0.0,0.0,0.0,0.24
579,Mathew Ryan, AUS,GK,FC Copenhagen,30,1992,2,2,180,2.0,0,0,0,0,0,0,0,0,0.0,0.0,0.0,0.0,0,0,0,0.0,0.0,0.0,0.0
580,Julian Ryerson, NOR,DF,Dortmund,24,1997,1,0,18,0.2,0,0,0,0,0,0,1,0,0.0,0.0,0.0,0.0,1,1,0,0.0,0.0,0.0,0.0
581,Marcel Sabitzer, AUT,MF,Bayern Munich,28,1994,6,3,280,3.1,0,0,0,0,0,0,3,0,0.6,0.6,0.1,0.7,5,16,18,0.0,0.0,0.0,0.22
582,Alexis Saelemaekers, BEL,"FW,DF",Milan,23,1999,8,4,371,4.1,2,0,2,2,0,0,1,0,0.5,0.5,0.3,0.8,13,9,26,0.49,0.0,0.49,0.2
583,Fashion Sakala, ZAM,"FW,MF",Rangers,25,1997,4,2,235,2.6,0,0,0,0,0,0,0,0,0.5,0.5,0.1,0.7,12,4,13,0.0,0.0,0.0,0.26
584,Mohamed Salah, EGY,FW,Liverpool,30,1992,8,7,624,6.9,8,2,10,7,1,1,0,0,4.0,3.2,2.5,5.7,24,25,87,1.15,0.29,1.3,0.94
585,Renato Sanches, POR,MF,Paris S-G,24,1997,3,1,141,1.6,0,0,0,0,0,0,0,0,0.0,0.0,0.0,0.0,2,5,3,0.0,0.0,0.0,0.0
586,Alexis Sánchez, CHI,FW,Marseille,33,1988,5,5,418,4.6,2,1,3,2,0,0,0,0,2.8,2.8,0.8,3.7,1,9,35,0.43,0.22,0.65,0.79
587,Davinson Sánchez, COL,DF,Tottenham,26,1996,2,0,21,0.2,0,0,0,0,0,0,0,0,0.0,0.0,0.0,0.0,0,0,2,0.0,0.0,0.0,0.0
588,Cisse Sandra, BEL,FW,Club Brugge,18,2003,1,0,8,0.1,0,0,0,0,0,0,0,0,0.0,0.0,0.0,0.0,0,0,0,0.0,0.0,0.0,0.0
589,Alex Sandro, BRA,DF,Juventus,31,1991,4,2,239,2.7,0,0,0,0,0,0,1,0,0.0,0.0,0.0,0.0,3,23,8,0.0,0.0,0.0,0.01
590,James Sands, USA,"DF,MF",Rangers,22,2000,4,4,324,3.6,0,0,0,0,0,0,2,1,0.0,0.0,0.0,0.0,2,10,3,0.0,0.0,0.0,0.01
591,Leroy Sané, GER,"FW,MF",Bayern Munich,26,1996,8,7,552,6.1,4,1,5,4,0,0,0,0,2.5,2.5,1.9,4.5,29,33,48,0.65,0.16,0.82,0.73
592,Nuno Santos, POR,"DF,MF",Sporting CP,27,1995,6,5,295,3.3,1,0,1,1,0,0,1,0,0.3,0.3,0.3,0.6,2,5,17,0.31,0.0,0.31,0.18
593,Zaidu Sanusi, NGA,DF,Porto,25,1997,8,7,585,6.5,1,0,1,1,0,0,0,0,0.3,0.3,0.0,0.3,14,16,22,0.15,0.0,0.15,0.05
594,Alvaro Sanz, ESP,MF,Barcelona,21,2001,1,0,14,0.2,0,0,0,0,0,0,0,0,0.0,0.0,0.0,0.0,0,0,0,0.0,0.0,0.0,0.0
595,Pablo Sarabia, ESP,MF,Paris S-G,30,1992,3,1,91,1.0,0,0,0,0,0,0,1,0,0.1,0.1,0.1,0.2,1,0,4,0.0,0.0,0.0,0.19
596,Stefan Savić, MNE,DF,Atlético Madrid,31,1991,3,3,270,3.0,0,0,0,0,0,0,3,0,0.0,0.0,0.1,0.1,0,14,2,0.0,0.0,0.0,0.03
597,Patrik Schick, CZE,FW,Leverkusen,26,1996,5,5,446,5.0,0,0,0,0,0,1,0,0,2.5,1.7,0.1,1.8,6,9,29,0.0,0.0,0.0,0.52
598,Andreas Schjelderup, NOR,FW,Benfica,18,2004,1,0,2,0.0,0,0,0,0,0,0,0,0,0.0,0.0,0.0,0.0,0,1,0,0.0,0.0,0.0,0.0
599,Xaver Schlager, AUT,MF,RB Leipzig,24,1997,7,7,583,6.5,0,0,0,0,0,0,1,0,0.1,0.1,0.1,0.1,7,34,2,0.0,0.0,0.0,0.02
600,Nico Schlotterbeck, GER,DF,Dortmund,22,1999,8,6,561,6.2,0,0,0,0,0,0,0,0,0.0,0.0,0.2,0.3,13,26,2,0.0,0.0,0.0,0.05
601,Abdoulaye Seck, SEN,DF,Maccabi Haifa,30,1992,6,4,397,4.4,2,0,2,2,0,0,2,0,0.4,0.4,0.0,0.4,1,8,0,0.45,0.0,0.45,0.09
602,Nicolas Seiwald, AUT,MF,RB Salzburg,21,2001,6,6,540,6.0,1,0,1,1,0,0,0,0,0.4,0.4,0.6,1.0,5,26,8,0.17,0.0,0.17,0.17
603,Benjamin Šeško, SVN,FW,RB Salzburg,19,2003,6,3,330,3.7,0,0,0,0,0,0,0,0,1.2,1.2,0.1,1.3,3,5,27,0.0,0.0,0.0,0.35
604,Ryan Sessegnon, ENG,"MF,DF",Tottenham,22,2000,3,2,155,1.7,0,0,0,0,0,0,1,0,0.2,0.2,0.3,0.5,1,3,9,0.0,0.0,0.0,0.27
605,Maryan Shved, UKR,MF,Shakhtar,25,1997,3,3,187,2.1,2,0,2,2,0,0,0,0,0.4,0.4,0.0,0.4,12,4,11,0.96,0.0,0.96,0.22
606,Danylo Sikan, UKR,FW,Shakhtar,21,2001,4,0,104,1.2,0,1,1,0,0,0,1,0,0.2,0.2,0.1,0.3,3,0,3,0.0,0.87,0.87,0.27
607,André Silva, POR,FW,RB Leipzig,26,1995,8,6,533,5.9,3,3,6,3,0,0,0,0,2.1,2.1,0.6,2.8,11,20,46,0.51,0.51,1.01,0.47
608,António Silva, POR,DF,Benfica,18,2003,10,10,894,9.9,2,0,2,2,0,0,1,0,0.7,0.7,0.1,0.8,4,30,1,0.2,0.0,0.2,0.08
609,Bernardo Silva, POR,"FW,MF",Manchester City,27,1994,13,9,911,10.1,3,1,4,3,0,0,2,0,1.1,1.1,1.4,2.5,43,56,92,0.3,0.1,0.4,0.24
610,Rafa Silva, POR,MF,Benfica,29,1993,10,10,819,9.1,5,2,7,5,0,0,1,0,4.3,4.3,1.1,5.4,33,36,82,0.55,0.22,0.77,0.6
611,Thiago Silva, BRA,DF,Chelsea,37,1984,8,7,640,7.1,0,0,0,0,0,0,2,0,0.7,0.7,0.0,0.7,0,19,3,0.0,0.0,0.0,0.1
612,Mohamed Simakan, FRA,DF,RB Leipzig,22,2000,7,6,511,5.7,1,3,4,1,0,0,1,0,0.4,0.4,1.8,2.2,14,24,31,0.18,0.53,0.7,0.38
613,Giovanni Simeone, ARG,FW,Napoli,27,1995,7,2,263,2.9,4,0,4,4,0,0,0,0,2.8,2.8,0.5,3.4,2,3,26,1.37,0.0,1.37,1.15
614,Roko Simic, CRO,FW,RB Salzburg,18,2003,2,0,18,0.2,0,0,0,0,0,0,0,0,0.0,0.0,0.0,0.0,0,0,1,0.0,0.0,0.0,0.0
615,Oliver Skipp, ENG,MF,Tottenham,21,2000,4,2,211,2.3,0,0,0,0,0,0,1,0,0.0,0.0,0.1,0.1,6,14,5,0.0,0.0,0.0,0.04
616,Leo Skiri Østigård, NOR,DF,Napoli,22,1999,3,2,197,2.2,1,0,1,1,0,0,0,0,0.1,0.1,0.0,0.1,2,11,0,0.46,0.0,0.46,0.07
617,Andreas Skov Olsen, DEN,"FW,MF",Club Brugge,22,1999,5,4,295,3.3,1,1,2,1,0,0,0,0,0.1,0.1,0.7,0.9,11,5,30,0.31,0.31,0.61,0.26
618,Milan Škriniar, SVK,DF,Inter,27,1995,8,6,536,6.0,0,0,0,0,0,0,0,0,0.1,0.1,0.3,0.4,4,17,3,0.0,0.0,0.0,0.07
619,Hrvoje Smolčić, CRO,DF,Eint Frankfurt,21,2000,3,1,122,1.4,0,0,0,0,0,0,2,0,0.0,0.0,0.0,0.0,0,3,0,0.0,0.0,0.0,0.0
620,Eduard Sobol, UKR,"FW,DF",Club Brugge,27,1995,4,1,109,1.2,0,0,0,0,0,0,1,0,0.1,0.1,0.0,0.2,1,6,0,0.0,0.0,0.0,0.14
621,Carlos Soler, ESP,MF,Paris S-G,25,1997,6,2,155,1.7,1,0,1,1,0,0,0,0,0.3,0.3,0.2,0.4,1,6,5,0.58,0.0,0.58,0.23
622,Oumar Solet, FRA,DF,RB Salzburg,22,2000,4,4,266,3.0,0,0,0,0,0,0,0,0,0.1,0.1,0.1,0.2,3,4,0,0.0,0.0,0.0,0.06
623,Yann Sommer, SUI,GK,Bayern Munich,33,1988,4,4,360,4.0,0,0,0,0,0,0,0,0,0.0,0.0,0.0,0.0,0,0,0,0.0,0.0,0.0,0.0
624,Matìas Soulé, ARG,"MF,FW",Juventus,19,2003,3,0,44,0.5,0,0,0,0,0,0,0,0,0.4,0.4,0.1,0.5,3,2,4,0.0,0.0,0.0,1.0
625,Djibril Sow, SUI,MF,Eint Frankfurt,25,1997,8,8,720,8.0,0,0,0,0,0,0,1,0,0.1,0.1,0.6,0.7,12,49,6,0.0,0.0,0.0,0.09
626,Kamal Sowah, GHA,"FW,MF",Club Brugge,22,2000,7,7,591,6.6,2,0,2,2,0,0,4,1,2.1,2.1,0.3,2.4,7,20,39,0.3,0.0,0.3,0.36
627,Dario Špikić, CRO,"FW,DF",Dinamo Zagreb,23,1999,6,1,167,1.9,0,0,0,0,0,0,0,0,0.2,0.2,0.3,0.5,7,9,13,0.0,0.0,0.0,0.25
628,Jorne Spileers, BEL,DF,Club Brugge,17,2005,1,0,2,0.0,0,0,0,0,0,0,0,0,0.0,0.0,0.0,0.0,0,0,0,0.0,0.0,0.0,0.0
629,Jerry St. Juste, NED,DF,Sporting CP,25,1996,4,3,189,2.1,0,0,0,0,0,0,1,0,0.0,0.0,0.1,0.1,3,2,1,0.0,0.0,0.0,0.04
630,Marko Stamenic, NZL,MF,FC Copenhagen,20,2002,3,3,269,3.0,0,0,0,0,0,0,3,0,0.1,0.1,0.0,0.1,1,7,5,0.0,0.0,0.0,0.02
631,Jindřich Staněk, CZE,GK,Viktoria Plzeň,26,1996,5,5,450,5.0,0,0,0,0,0,0,0,0,0.0,0.0,0.0,0.0,0,0,0,0.0,0.0,0.0,0.0
632,Josip Stanišić, CRO,DF,Bayern Munich,22,2000,8,3,349,3.9,0,0,0,0,0,0,2,0,0.0,0.0,0.1,0.1,10,26,8,0.0,0.0,0.0,0.03
633,Carl Starfelt, SWE,DF,Celtic,27,1995,1,1,90,1.0,0,0,0,0,0,0,0,0,0.0,0.0,0.0,0.0,0,0,0,0.0,0.0,0.0,0.0
634,Orri Steinn Óskarsson, ISL,"MF,FW",FC Copenhagen,17,2004,2,0,22,0.2,0,0,0,0,0,0,0,0,0.0,0.0,0.0,0.0,0,0,2,0.0,0.0,0.0,0.0
635,Taras Stepanenko, UKR,MF,Shakhtar,32,1989,6,6,532,5.9,0,0,0,0,0,0,1,0,0.0,0.0,0.1,0.1,2,16,8,0.0,0.0,0.0,0.01
636,Raheem Sterling, ENG,"FW,MF",Chelsea,27,1994,9,8,630,7.0,3,1,4,3,0,0,1,0,1.2,1.2,0.6,1.8,23,36,69,0.43,0.14,0.57,0.26
637,John Stones, ENG,"MF,DF",Manchester City,28,1994,8,8,684,7.6,1,1,2,1,0,0,0,0,0.1,0.1,0.8,0.9,12,36,15,0.13,0.13,0.26,0.12
638,Luka Sučić, CRO,MF,RB Salzburg,19,2002,5,5,398,4.4,0,0,0,0,0,0,2,0,1.1,1.1,0.6,1.7,8,22,16,0.0,0.0,0.0,0.38
639,Heorhii Sudakov, UKR,MF,Shakhtar,19,2002,6,6,480,5.3,0,2,2,0,0,0,0,0,0.1,0.1,0.8,0.8,13,22,10,0.0,0.37,0.37,0.16
640,Niklas Süle, GER,DF,Dortmund,26,1995,8,7,675,7.5,0,0,0,0,0,0,2,0,0.1,0.1,0.1,0.3,9,32,5,0.0,0.0,0.0,0.04
641,Daniel Sundgren, SWE,DF,Maccabi Haifa,31,1990,4,4,324,3.6,0,0,0,0,0,0,0,0,0.0,0.0,0.0,0.1,8,17,6,0.0,0.0,0.0,0.02
642,Suso, ESP,"FW,MF",Sevilla,28,1993,6,3,237,2.6,0,0,0,0,0,0,0,0,0.3,0.3,0.2,0.4,4,14,25,0.0,0.0,0.0,0.16
643,Josip Šutalo, CRO,DF,Dinamo Zagreb,22,2000,6,6,540,6.0,0,0,0,0,0,0,0,0,0.1,0.1,0.0,0.1,0,7,0,0.0,0.0,0.0,0.02
644,Jan Sýkora, CZE,"FW,DF",Viktoria Plzeň,28,1993,2,2,148,1.6,1,0,1,1,0,0,1,0,0.5,0.5,0.0,0.5,4,2,5,0.61,0.0,0.61,0.31
645,Abakar Sylla, CIV,DF,Club Brugge,19,2002,6,6,492,5.5,1,0,1,1,0,0,4,0,0.1,0.1,0.0,0.1,1,14,0,0.18,0.0,0.18,0.01
646,Wojciech Szczęsny, POL,GK,Juventus,32,1990,4,4,360,4.0,0,0,0,0,0,0,0,0,0.0,0.0,0.0,0.0,0,0,0,0.0,0.0,0.0,0.0
647,Dominik Szoboszlai, HUN,FW,RB Leipzig,21,2000,8,8,653,7.3,1,2,3,1,0,0,0,0,2.2,2.2,1.6,3.7,15,38,47,0.14,0.28,0.41,0.52
648,Christian Sørensen, DEN,"DF,MF",FC Copenhagen,29,1992,5,1,102,1.1,0,0,0,0,0,0,1,0,0.0,0.0,0.3,0.4,4,6,4,0.0,0.0,0.0,0.33
649,Dušan Tadić, SRB,FW,Ajax,33,1988,5,5,432,4.8,0,1,1,0,0,0,2,1,0.4,0.4,1.6,2.0,16,26,43,0.0,0.21,0.21,0.42
650,Jonathan Tah, GER,DF,Leverkusen,26,1996,6,5,481,5.3,0,0,0,0,0,0,1,0,0.1,0.1,0.2,0.3,0,17,0,0.0,0.0,0.0,0.05
651,Japhet Tanganga, ENG,DF,Tottenham,23,1999,1,0,18,0.2,0,0,0,0,0,0,0,0,0.1,0.1,0.0,0.1,2,1,0,0.0,0.0,0.0,0.3
652,Edmond Tapsoba, BFA,DF,Leverkusen,23,1999,5,4,349,3.9,0,0,0,0,0,0,0,0,0.1,0.1,0.3,0.4,4,20,0,0.0,0.0,0.0,0.09
653,Mehdi Taremi, IRN,FW,Porto,30,1992,7,7,611,6.8,5,2,7,3,2,2,2,1,6.0,4.4,3.3,7.7,14,19,31,0.74,0.29,0.74,1.37
654,Ciprian Tătărușanu, ROU,GK,Milan,36,1986,5,5,450,5.0,0,0,0,0,0,0,0,0,0.0,0.0,0.0,0.0,0,0,0,0.0,0.0,0.0,0.0
655,Nuno Tavares, POR,DF,Marseille,22,2000,6,6,540,6.0,0,0,0,0,0,0,1,0,0.4,0.4,0.2,0.5,24,27,67,0.0,0.0,0.0,0.08
656,James Tavernier, ENG,DF,Rangers,30,1991,6,6,486,5.4,1,0,1,0,1,1,1,0,1.1,0.3,1.0,1.3,7,18,10,0.19,0.0,0.0,0.38
657,Greg Taylor, SCO,DF,Celtic,24,1997,6,6,540,6.0,0,0,0,0,0,0,0,0,0.2,0.2,0.7,0.9,6,42,24,0.0,0.0,0.0,0.16
658,Kenneth Taylor, NED,MF,Ajax,20,2002,6,5,417,4.6,0,1,1,0,0,0,2,0,0.5,0.5,1.4,1.9,10,28,20,0.0,0.22,0.22,0.41
659,Lucas Taylor, BRA,DF,Shakhtar,27,1995,5,3,312,3.5,0,0,0,0,0,0,1,0,0.0,0.0,0.0,0.0,5,5,6,0.0,0.0,0.0,0.0
660,Mavis Tchibota, CGO,FW,Maccabi Haifa,26,1996,4,1,93,1.0,0,0,0,0,0,0,1,0,0.1,0.1,0.0,0.2,4,2,8,0.0,0.0,0.0,0.15
661,Aurélien Tchouaméni, FRA,MF,Real Madrid,22,2000,10,5,432,4.8,0,0,0,0,0,0,0,0,0.4,0.4,0.0,0.4,10,37,4,0.0,0.0,0.0,0.08
662,Mathys Tel, FRA,FW,Bayern Munich,17,2005,5,0,145,1.6,0,0,0,0,0,0,0,0,0.6,0.6,0.1,0.7,8,1,15,0.0,0.0,0.0,0.43
663,Alex Telles, BRA,"DF,FW",Sevilla,29,1992,6,4,391,4.3,0,1,1,0,0,0,0,0,0.2,0.2,0.3,0.5,10,7,34,0.0,0.23,0.23,0.12
664,Marc-André ter Stegen, GER,GK,Barcelona,30,1992,5,5,450,5.0,0,0,0,0,0,0,0,0,0.0,0.0,0.0,0.0,0,0,0,0.0,0.0,0.0,0.0
665,Kévin Théophile-Catherine, FRA,DF,Dinamo Zagreb,32,1989,1,1,75,0.8,0,0,0,0,0,0,0,0,0.0,0.0,0.0,0.0,0,1,0,0.0,0.0,0.0,0.03
666,Malick Thiaw, GER,DF,Milan,20,2001,4,3,275,3.1,0,0,0,0,0,0,2,0,0.8,0.8,0.1,0.9,1,7,0,0.0,0.0,0.0,0.28
667,Mohamed Tijani, BEN,DF,Viktoria Plzeň,25,1997,3,2,168,1.9,0,0,0,0,0,0,0,0,0.0,0.0,0.1,0.1,1,3,1,0.0,0.0,0.0,0.05
668,Malik Tillman, USA,MF,Rangers,20,2002,5,4,244,2.7,0,0,0,0,0,0,0,0,0.1,0.1,0.0,0.2,3,3,6,0.0,0.0,0.0,0.06
669,Jurriën Timber, NED,DF,Ajax,21,2001,6,6,529,5.9,0,0,0,0,0,0,2,0,0.4,0.4,0.0,0.4,10,31,1,0.0,0.0,0.0,0.07
670,Fikayo Tomori, ENG,DF,Milan,24,1997,10,10,827,9.2,0,0,0,0,0,0,4,1,0.1,0.1,0.4,0.4,10,27,0,0.0,0.0,0.0,0.05
671,Sandro Tonali, ITA,MF,Milan,22,2000,12,12,"1,051",11.7,0,2,2,0,0,0,3,0,0.6,0.6,2.9,3.5,18,40,30,0.0,0.17,0.17,0.3
672,Pablo Torre, ESP,"MF,FW",Barcelona,19,2003,3,1,95,1.1,1,0,1,1,0,0,1,0,0.4,0.4,0.0,0.4,3,10,4,0.95,0.0,0.95,0.38
673,Ferrán Torres, ESP,"FW,MF",Barcelona,22,2000,5,1,188,2.1,3,1,4,3,0,0,1,0,1.3,1.3,0.3,1.6,3,4,17,1.44,0.48,1.91,0.75
674,Andriy Totovytskyi, UKR,MF,Shakhtar,29,1993,1,0,17,0.2,0,0,0,0,0,0,0,0,0.1,0.1,0.0,0.1,0,0,0,0.0,0.0,0.0,0.53
675,Kevin Trapp, GER,GK,Eint Frankfurt,32,1990,8,8,720,8.0,0,0,0,0,0,0,0,0,0.0,0.0,0.0,0.0,0,0,0,0.0,0.0,0.0,0.0
676,Francisco Trincão, POR,"MF,FW",Sporting CP,22,1999,6,5,386,4.3,2,0,2,2,0,0,0,0,0.5,0.5,0.4,0.9,7,12,22,0.47,0.0,0.47,0.21
677,Anatolii Trubin, UKR,GK,Shakhtar,20,2001,6,6,540,6.0,0,0,0,0,0,0,1,0,0.0,0.0,0.0,0.0,0,0,0,0.0,0.0,0.0,0.0
678,Kostas Tsimikas, GRE,DF,Liverpool,26,1996,6,4,342,3.8,0,2,2,0,0,0,1,0,0.1,0.1,1.0,1.1,10,14,28,0.0,0.53,0.53,0.3
679,David Turnbull, SCO,MF,Celtic,23,1999,5,0,103,1.1,0,0,0,0,0,0,0,0,0.1,0.1,0.0,0.1,2,10,6,0.0,0.0,0.0,0.11
680,Tuta, BRA,DF,Eint Frankfurt,23,1999,7,7,599,6.7,0,0,0,0,0,0,2,1,0.1,0.1,0.0,0.1,3,24,0,0.0,0.0,0.0,0.02
681,Marián Tvrdoň, SVK,GK,Viktoria Plzeň,27,1994,1,1,90,1.0,0,0,0,0,0,0,0,0,0.0,0.0,0.0,0.0,0,0,0,0.0,0.0,0.0,0.0
682,Manuel Ugarte Ribeiro, URU,MF,Sporting CP,21,2001,6,6,467,5.2,0,0,0,0,0,0,2,0,0.0,0.0,0.0,0.0,3,10,4,0.0,0.0,0.0,0.0
683,Andreas Ulmer, AUT,DF,RB Salzburg,36,1985,6,4,375,4.2,0,0,0,0,0,0,1,0,0.2,0.2,0.2,0.4,4,11,12,0.0,0.0,0.0,0.09
684,Sven Ulreich, GER,GK,Bayern Munich,33,1988,3,3,270,3.0,0,0,0,0,0,0,0,0,0.0,0.0,0.0,0.0,0,0,0,0.0,0.0,0.0,0.0
685,Cengiz Ünder, TUR,MF,Marseille,25,1997,6,1,173,1.9,0,0,0,0,0,0,1,0,0.5,0.5,1.0,1.5,5,7,20,0.0,0.0,0.0,0.79
686,Dayot Upamecano, FRA,DF,Bayern Munich,23,1998,10,9,713,7.9,0,0,0,0,0,0,2,0,0.0,0.0,0.1,0.1,9,36,0,0.0,0.0,0.0,0.01
687,Mateus Uribe, COL,MF,Porto,31,1991,7,7,610,6.8,1,0,1,0,1,1,3,0,1.4,0.6,0.5,1.1,5,33,9,0.15,0.0,0.0,0.27
688,Enrique Valiente, ESP,DF,Sevilla,20,2002,2,2,180,2.0,0,0,0,0,0,0,1,0,0.0,0.0,0.3,0.4,2,10,1,0.0,0.0,0.0,0.18
689,Jesús Vallejo, ESP,DF,Real Madrid,25,1997,1,0,18,0.2,0,0,0,0,0,0,0,0,0.0,0.0,0.0,0.0,0,1,0,0.0,0.0,0.0,0.0
690,Federico Valverde, URU,"MF,FW",Real Madrid,24,1998,11,11,967,10.7,2,3,5,2,0,0,0,0,1.7,1.7,2.9,4.6,43,58,56,0.19,0.28,0.47,0.42
691,Virgil van Dijk, NED,DF,Liverpool,31,1991,8,8,720,8.0,0,1,1,0,0,0,1,0,1.0,1.0,0.1,1.1,5,33,1,0.0,0.12,0.12,0.14
692,Hans Vanaken, BEL,MF,Club Brugge,29,1992,8,8,703,7.8,0,0,0,0,0,0,1,0,0.3,0.3,0.8,1.1,8,47,28,0.0,0.0,0.0,0.14
693,Denis Vavro, SVK,DF,FC Copenhagen,26,1996,4,4,360,4.0,0,0,0,0,0,0,1,0,0.2,0.2,0.0,0.2,1,2,0,0.0,0.0,0.0,0.05
694,Lucas Vázquez, ESP,DF,Real Madrid,31,1991,5,2,202,2.2,0,1,1,0,0,0,1,0,0.0,0.0,0.7,0.7,8,9,19,0.0,0.45,0.45,0.31
695,Jordan Veretout, FRA,MF,Marseille,29,1993,6,6,485,5.4,0,1,1,0,0,0,2,0,0.1,0.1,0.5,0.7,8,54,16,0.0,0.19,0.19,0.12
696,Lucas Veríssimo, BRA,DF,Benfica,27,1995,2,0,6,0.1,0,0,0,0,0,0,0,0,0.0,0.0,0.0,0.0,0,0,0,0.0,0.0,0.0,0.0
697,Gabriel Veron, BRA,"MF,FW",Porto,19,2002,3,0,47,0.5,0,0,0,0,0,0,0,0,0.0,0.0,0.0,0.0,3,1,6,0.0,0.0,0.0,0.0
698,Marco Verratti, ITA,MF,Paris S-G,29,1992,7,7,623,6.9,0,1,1,0,0,0,4,0,0.1,0.1,0.4,0.5,12,45,12,0.0,0.14,0.14,0.07
699,Vitinha, POR,MF,Paris S-G,22,2000,8,7,584,6.5,0,0,0,0,0,0,0,0,0.6,0.6,0.2,0.7,11,35,16,0.0,0.0,0.0,0.11
700,Odisseas Vlachodimos, GRE,GK,Benfica,28,1994,10,10,900,10.0,0,0,0,0,0,0,0,0,0.0,0.0,0.0,0.0,0,0,0,0.0,0.0,0.0,0.0
701,Dušan Vlahović, SRB,FW,Juventus,22,2000,5,5,411,4.6,1,1,2,1,0,0,0,0,2.6,2.6,0.9,3.6,6,5,27,0.22,0.22,0.44,0.78
702,Adam Vlkanova, CZE,MF,Viktoria Plzeň,27,1994,6,6,458,5.1,1,1,2,1,0,0,0,0,0.4,0.4,0.6,1.0,10,12,16,0.2,0.2,0.39,0.2
703,Stefan de Vrij, NED,DF,Inter,30,1992,7,3,299,3.3,0,0,0,0,0,0,1,0,0.0,0.0,0.0,0.0,0,0,0,0.0,0.0,0.0,0.0
704,Kyle Walker, ENG,"DF,FW",Manchester City,32,1990,5,3,282,3.1,0,0,0,0,0,0,0,0,0.0,0.0,0.1,0.2,9,11,11,0.0,0.0,0.0,0.05
705,Paul Wanner, GER,"DF,FW",Bayern Munich,16,2005,2,0,36,0.4,0,0,0,0,0,0,0,0,0.1,0.1,0.3,0.4,1,0,3,0.0,0.0,0.0,0.97
706,Stephen Welsh, SCO,DF,Celtic,22,2000,1,1,90,1.0,0,0,0,0,0,0,0,0,0.0,0.0,0.0,0.0,0,7,0,0.0,0.0,0.0,0.0
707,Wendell, BRA,DF,Porto,29,1993,6,1,143,1.6,0,0,0,0,0,0,0,0,0.1,0.1,0.5,0.5,9,8,3,0.0,0.0,0.0,0.34
708,Timo Werner, GER,FW,RB Leipzig,26,1996,8,7,500,5.6,2,2,4,2,0,0,1,0,2.4,2.4,0.7,3.1,24,23,56,0.36,0.36,0.72,0.56
709,Owen Wijndal, NED,DF,Ajax,22,1999,2,1,76,0.8,0,1,1,0,0,0,0,0,0.0,0.0,0.2,0.2,2,6,7,0.0,1.18,1.18,0.29
710,Josh Wilson-Esbrand, ENG,DF,Manchester City,19,2002,2,0,46,0.5,0,0,0,0,0,0,0,0,0.0,0.0,0.0,0.0,0,2,6,0.0,0.0,0.0,0.0
711,Axel Witsel, BEL,"DF,MF",Atlético Madrid,33,1989,6,5,462,5.1,0,1,1,0,0,0,0,0,0.1,0.1,0.4,0.4,2,14,2,0.0,0.19,0.19,0.09
712,Maximilian Wöber, AUT,DF,RB Salzburg,24,1998,3,2,165,1.8,0,1,1,0,0,0,0,0,0.1,0.1,0.7,0.8,1,4,9,0.0,0.55,0.55,0.43
713,Marius Wolf, GER,DF,Dortmund,27,1995,4,2,176,2.0,0,0,0,0,0,0,1,0,0.3,0.3,0.1,0.5,3,3,13,0.0,0.0,0.0,0.24
714,Scott Wright, SCO,"FW,MF",Rangers,24,1997,4,2,136,1.5,0,0,0,0,0,0,0,0,0.0,0.0,0.2,0.2,0,3,3,0.0,0.0,0.0,0.1
715,Roman Yaremchuk, UKR,FW,Club Brugge,26,1995,4,1,112,1.2,0,0,0,0,0,0,1,0,0.5,0.5,0.0,0.5,2,3,6,0.0,0.0,0.0,0.43
716,Rıdvan Yılmaz, TUR,DF,Rangers,21,2001,1,1,90,1.0,0,0,0,0,0,0,0,0,0.0,0.0,0.0,0.0,0,5,4,0.0,0.0,0.0,0.03
717,Warren Zaire-Emery, FRA,MF,Paris S-G,16,2006,3,1,83,0.9,0,0,0,0,0,0,0,0,0.0,0.0,0.1,0.1,2,3,7,0.0,0.0,0.0,0.14
718,Denis Zakaria, SUI,MF,Chelsea,25,1996,2,1,74,0.8,1,0,1,1,0,0,0,0,0.1,0.1,0.1,0.2,4,3,2,1.22,0.0,1.22,0.24
719,Andre-Frank Zambo Anguissa, CMR,MF,Napoli,26,1995,8,8,650,7.2,1,3,4,1,0,0,2,1,0.8,0.8,1.3,2.2,15,30,17,0.14,0.42,0.55,0.3
720,Alessandro Zanoli, ITA,DF,Napoli,21,2000,2,0,12,0.1,0,0,0,0,0,0,0,0,0.0,0.0,0.1,0.1,3,1,2,0.0,0.0,0.0,0.64
721,Zeca, GRE,MF,FC Copenhagen,33,1988,2,2,161,1.8,0,0,0,0,0,0,0,0,0.0,0.0,0.0,0.0,0,2,1,0.0,0.0,0.0,0.03
722,Alessio Zerbin, ITA,FW,Napoli,23,1999,3,0,56,0.6,0,0,0,0,0,0,0,0,0.2,0.2,0.2,0.4,5,4,9,0.0,0.0,0.0,0.63
723,Piotr Zieliński, POL,MF,Napoli,28,1994,10,8,619,6.9,4,2,6,2,2,3,1,0,3.9,1.7,2.1,3.8,12,36,24,0.58,0.29,0.58,0.88
724,Hakim Ziyech, MAR,"FW,MF",Chelsea,29,1993,4,1,148,1.6,0,0,0,0,0,0,1,0,0.6,0.6,0.4,1.0,11,13,26,0.0,0.0,0.0,0.59
725,Oleksandr Zubkov, UKR,"FW,MF",Shakhtar,25,1996,5,5,365,4.1,2,0,2,2,0,0,1,0,1.0,1.0,0.1,1.1,8,10,12,0.49,0.0,0.49,0.26
726,Neven Đurasek, CRO,MF,Shakhtar,23,1998,5,0,91,1.0,0,0,0,0,0,0,1,0,0.0,0.0,0.0,0.0,3,3,2,0.0,0.0,0.0,0.0
